batch_id,factory_name,city,state,industry_type,waste_type,material_category,quantity_kg,pH,COD_mg_L,BOD_mg_L,TDS_mg_L,turbidity_NTU,conductivity_uS_cm,dye_concentration_ppm,sludge_percentage,temperature_C,contaminants,recyclability_score,recovery_feasibility_score,profitability_score,predicted_roi_percent,workforce_requirement_score,machinery_compatibility_score,logistics_complexity_score,circularity_score,carbon_reduction_tons,water_recovery_percent,energy_savings_percent,estimated_market_value_inr,recommended_product,predicted_market_demand,recommended_buyer,treatment_dependency,ai_segmentation_category,esg_impact_score,estimated_payback_months,upload_date
SEC-001-1,Surat EcoTex Dyeing Pvt Ltd,Surat,Gujarat,Textile Dyeing & Processing,Chemical Effluent,Polymer,6656.09,6.4,1112.87,261.14,1392.19,330.26,1819.91,479.42,30.72,42.35,Heavy Metals,93.32,82.7,78.56,28.37,7.58,79.42,35.48,56.31,355.81,33.75,61.08,2138884.29,Industrial Pigments,High,EcoPack India,High,Moderately Recoverable,82.0,14.5,2025-01-01
SEC-001-2,Surat EcoTex Dyeing Pvt Ltd,Surat,Gujarat,Textile Dyeing & Processing,Fabric Fiber Residue,Textile,6543.43,8.43,244.98,251.09,8399.25,600.41,4675.16,319.27,8.47,45.51,Oil Residue,54.3,47.99,54.74,14.05,3.74,97.54,62.6,70.96,136.74,80.11,12.78,462993.64,Industrial Pigments,Very High,JSW Green Materials,Medium,Moderately Recoverable,65.6,15.1,2025-01-01
SEC-001-3,Surat EcoTex Dyeing Pvt Ltd,Surat,Gujarat,Textile Dyeing & Processing,Printing Dye Sludge,Polymer,7726.69,5.68,438.97,364.94,6740.21,211.04,2160.76,437.25,47.03,50.29,Oil Residue,62.03,50.0,31.4,18.35,9.99,83.86,79.83,86.83,196.72,81.48,57.4,1856687.09,Thermal Insulation Boards,High,UltraTech EcoBuild,High,Moderately Recoverable,63.17,20.0,2025-01-01
SEC-001-4,Surat EcoTex Dyeing Pvt Ltd,Surat,Gujarat,Textile Dyeing & Processing,Fabric Fiber Residue,Polymer,5854.01,5.79,227.87,535.84,3093.65,290.78,1732.71,58.64,37.2,38.04,Organic Contaminants,51.56,53.98,25.86,43.25,6.53,92.25,58.06,91.33,324.22,57.75,12.75,1454513.98,Thermal Insulation Boards,Medium,GreenBuild Gujarat,Low,Highly Recoverable,64.55,5.3,2025-01-01
SEC-002-1,Surat EcoTex Dyeing Pvt Ltd,Surat,Gujarat,Textile Dyeing & Processing,Chemical Effluent,Polymer,14971.11,7.92,1137.84,42.2,7562.48,445.91,4939.18,496.63,26.59,39.83,Chromium,63.97,55.11,74.48,24.95,4.36,52.52,37.01,94.14,439.44,66.05,36.17,3221192.89,Industrial Pigments,Emerging,Reliance Circular Ventures,Medium,Needs Advanced Treatment,63.99,5.2,2025-01-02
SEC-002-2,Surat EcoTex Dyeing Pvt Ltd,Surat,Gujarat,Textile Dyeing & Processing,Chemical Effluent,Mixed,3960.59,7.87,1300.04,616.67,6216.67,576.97,1696.08,331.82,29.6,37.88,Organic Contaminants,68.63,64.01,57.6,55.03,7.15,90.76,35.55,78.13,429.33,30.86,62.53,2737178.76,Industrial Pigments,High,EcoPack India,Medium,Needs Advanced Treatment,63.51,13.8,2025-01-02
SEC-003-1,Surat EcoTex Dyeing Pvt Ltd,Surat,Gujarat,Textile Dyeing & Processing,Fabric Fiber Residue,Chemical,14242.18,5.28,474.49,80.31,2770.81,201.95,8230.3,431.79,40.69,34.13,Color Pigments,88.02,83.78,52.54,27.44,2.63,47.44,44.33,55.37,197.79,96.41,25.21,737535.41,Compressed Construction Blocks,Emerging,EcoPack India,Medium,Low Recovery Potential,84.33,19.1,2025-01-03
SEC-003-2,Surat EcoTex Dyeing Pvt Ltd,Surat,Gujarat,Textile Dyeing & Processing,Printing Dye Sludge,Textile,2089.0,5.98,1082.85,328.83,4061.36,499.24,7942.26,467.38,42.34,49.1,Color Pigments,70.94,65.74,68.82,15.52,6.62,72.19,38.38,45.98,270.8,32.76,6.76,4033092.8,Thermal Insulation Boards,Emerging,EcoPack India,High,Needs Advanced Treatment,40.01,7.9,2025-01-03
SEC-004-1,Surat EcoTex Dyeing Pvt Ltd,Surat,Gujarat,Textile Dyeing & Processing,Textile Dye Waste,Mixed,12135.26,5.58,1385.47,402.67,1228.51,127.67,6624.43,546.28,8.68,54.29,Chromium,72.85,78.86,38.41,47.16,5.03,70.32,32.84,59.99,173.82,58.62,47.69,4356936.33,Eco Bricks,Very High,UltraTech EcoBuild,Medium,Needs Advanced Treatment,95.92,11.5,2025-01-04
SEC-004-2,Surat EcoTex Dyeing Pvt Ltd,Surat,Gujarat,Textile Dyeing & Processing,Printing Dye Sludge,Polymer,2593.87,8.11,1182.54,60.46,5298.87,449.86,628.65,111.27,5.12,25.52,Organic Contaminants,71.66,71.08,62.74,41.43,4.16,93.41,65.35,81.59,316.54,17.6,10.91,1790542.58,Compressed Construction Blocks,High,Reliance Circular Ventures,Medium,Low Recovery Potential,76.64,22.0,2025-01-04
SEC-004-3,Surat EcoTex Dyeing Pvt Ltd,Surat,Gujarat,Textile Dyeing & Processing,Fabric Fiber Residue,Polymer,5619.48,7.45,1272.08,227.08,8567.23,393.1,7900.15,176.0,11.23,54.82,Heavy Metals,49.22,46.97,70.94,21.64,1.3,64.83,76.38,92.38,140.9,76.37,40.98,1783739.54,Eco Bricks,Emerging,JSW Green Materials,Medium,Moderately Recoverable,94.84,25.1,2025-01-04
SEC-004-4,Surat EcoTex Dyeing Pvt Ltd,Surat,Gujarat,Textile Dyeing & Processing,Sludge,Polymer,1820.21,7.63,1167.5,294.49,3066.8,127.13,4518.19,309.53,38.94,29.61,Chromium,83.93,76.66,57.36,12.9,3.49,66.93,11.01,35.1,88.38,80.05,62.19,2590851.04,Eco Packaging Sheets,Medium,UltraTech EcoBuild,High,Highly Recoverable,90.57,12.6,2025-01-04
SEC-005-1,Surat EcoTex Dyeing Pvt Ltd,Surat,Gujarat,Textile Dyeing & Processing,Chemical Effluent,Polymer,13368.07,8.1,1361.91,599.12,6314.51,424.09,5664.14,516.47,53.7,28.36,Heavy Metals,48.41,45.37,88.79,10.85,5.07,88.26,63.21,46.91,326.74,19.82,12.84,2554062.43,Thermal Insulation Boards,Emerging,JSW Green Materials,High,Low Recovery Potential,62.3,17.7,2025-01-05
SEC-005-2,Surat EcoTex Dyeing Pvt Ltd,Surat,Gujarat,Textile Dyeing & Processing,Printing Dye Sludge,Chemical,7057.02,6.99,717.2,107.35,4387.26,591.09,1371.24,273.81,16.38,36.3,Low Contamination,54.99,59.23,28.6,29.21,5.44,60.05,60.26,79.27,6.46,85.74,53.87,195998.65,Compressed Construction Blocks,High,Reliance Circular Ventures,Low,Needs Advanced Treatment,60.3,15.9,2025-01-05
SEC-005-3,Surat EcoTex Dyeing Pvt Ltd,Surat,Gujarat,Textile Dyeing & Processing,Fabric Fiber Residue,Textile,4851.22,5.47,304.77,105.97,7616.04,172.24,6858.81,303.18,44.43,53.19,Organic Contaminants,43.27,37.55,49.92,28.92,7.13,89.82,57.84,37.46,350.23,51.91,15.51,60085.67,Thermal Insulation Boards,Emerging,UltraTech EcoBuild,Low,Moderately Recoverable,65.91,8.4,2025-01-05
SEC-006-1,Surat EcoTex Dyeing Pvt Ltd,Surat,Gujarat,Textile Dyeing & Processing,Chemical Effluent,Polymer,4215.79,5.85,972.99,86.9,8474.13,236.62,4151.45,79.48,34.97,26.55,Chromium,97.14,97.37,62.25,51.42,3.69,64.92,27.09,32.97,173.6,61.66,36.39,1842798.36,Eco Bricks,High,UltraTech EcoBuild,High,Needs Advanced Treatment,80.48,10.8,2025-01-06
SEC-006-2,Surat EcoTex Dyeing Pvt Ltd,Surat,Gujarat,Textile Dyeing & Processing,Sludge,Polymer,14552.63,5.88,486.63,426.94,8856.71,259.07,5728.76,561.23,68.21,54.29,Heavy Metals,56.39,56.92,62.88,52.74,3.69,89.87,45.28,69.09,221.14,45.84,9.05,861004.22,Eco Packaging Sheets,Medium,Reliance Circular Ventures,High,Low Recovery Potential,44.44,14.7,2025-01-06
SEC-006-3,Surat EcoTex Dyeing Pvt Ltd,Surat,Gujarat,Textile Dyeing & Processing,Sludge,Textile,2821.32,5.83,752.55,387.04,2772.72,104.49,1956.27,450.29,27.79,54.28,Low Contamination,73.36,70.98,41.46,30.09,4.39,75.27,60.78,97.58,82.18,23.15,40.33,72285.79,Industrial Pigments,Medium,JSW Green Materials,Low,Highly Recoverable,79.82,4.4,2025-01-06
SEC-006-4,Surat EcoTex Dyeing Pvt Ltd,Surat,Gujarat,Textile Dyeing & Processing,Textile Dye Waste,Chemical,12472.37,7.16,492.56,356.18,6964.74,508.77,4366.69,108.7,54.51,52.87,Oil Residue,56.21,48.88,78.29,62.27,6.98,48.84,31.76,46.46,287.58,59.32,10.49,386721.96,Eco Packaging Sheets,Emerging,GreenBuild Gujarat,High,Highly Recoverable,51.2,29.1,2025-01-06
SEC-007-1,Surat EcoTex Dyeing Pvt Ltd,Surat,Gujarat,Textile Dyeing & Processing,Fabric Fiber Residue,Polymer,11610.5,6.26,744.35,389.84,2689.87,359.85,6181.25,409.46,59.79,41.46,Low Contamination,92.47,85.67,77.67,16.29,1.35,84.56,42.48,82.62,62.61,63.79,23.63,770735.63,Thermal Insulation Boards,Emerging,Reliance Circular Ventures,High,Highly Recoverable,97.51,14.0,2025-01-07
SEC-007-2,Surat EcoTex Dyeing Pvt Ltd,Surat,Gujarat,Textile Dyeing & Processing,Sludge,Chemical,2662.26,7.9,726.98,175.75,1572.3,415.52,7635.63,84.28,54.52,28.89,Organic Contaminants,68.56,62.4,93.52,24.88,5.92,88.68,11.3,45.91,17.34,16.29,47.12,2750955.7,Industrial Pigments,High,GreenBuild Gujarat,Low,Moderately Recoverable,53.26,19.6,2025-01-07
SEC-007-3,Surat EcoTex Dyeing Pvt Ltd,Surat,Gujarat,Textile Dyeing & Processing,Fabric Fiber Residue,Chemical,12968.64,8.49,163.37,509.96,1244.2,590.8,3459.54,46.69,43.03,42.01,Oil Residue,61.09,49.15,81.68,33.17,8.87,67.06,78.21,88.21,362.27,96.82,30.38,3771955.0,Thermal Insulation Boards,Medium,EcoPack India,High,Moderately Recoverable,47.12,11.7,2025-01-07
SEC-008-1,Surat EcoTex Dyeing Pvt Ltd,Surat,Gujarat,Textile Dyeing & Processing,Chemical Effluent,Chemical,11885.22,7.76,800.41,468.91,3289.96,357.79,2540.49,223.06,41.82,26.1,Oil Residue,81.23,74.54,42.42,18.51,4.15,87.72,53.14,46.08,17.74,43.36,49.75,1787693.53,Eco Bricks,Emerging,Reliance Circular Ventures,Medium,Highly Recoverable,43.34,12.4,2025-01-08
SEC-008-2,Surat EcoTex Dyeing Pvt Ltd,Surat,Gujarat,Textile Dyeing & Processing,Sludge,Mixed,4231.06,6.82,1198.36,593.37,2817.94,182.71,6950.22,186.93,7.42,37.26,Heavy Metals,64.44,71.45,87.07,62.26,1.47,54.31,40.34,88.4,99.3,51.37,44.52,2333610.37,Eco Bricks,High,UltraTech EcoBuild,Medium,Moderately Recoverable,68.28,26.5,2025-01-08
SEC-008-3,Surat EcoTex Dyeing Pvt Ltd,Surat,Gujarat,Textile Dyeing & Processing,Chemical Effluent,Textile,11363.32,8.03,1267.97,185.15,6201.91,432.6,826.37,340.34,54.24,29.07,Chromium,66.53,56.82,29.34,19.75,5.46,94.29,17.2,79.29,336.52,94.8,39.59,762601.04,Compressed Construction Blocks,Emerging,JSW Green Materials,Low,Highly Recoverable,69.56,5.9,2025-01-08
SEC-009-1,Surat EcoTex Dyeing Pvt Ltd,Surat,Gujarat,Textile Dyeing & Processing,Textile Dye Waste,Chemical,4718.76,8.05,239.61,432.25,3018.19,575.43,4490.71,172.29,55.49,49.58,Heavy Metals,95.4,92.18,88.08,39.44,1.58,75.33,49.85,33.98,96.3,35.18,47.0,319019.27,Acoustic Insulation Panels,Very High,UltraTech EcoBuild,Medium,Highly Recoverable,54.34,20.0,2025-01-09
SEC-009-2,Surat EcoTex Dyeing Pvt Ltd,Surat,Gujarat,Textile Dyeing & Processing,Printing Dye Sludge,Chemical,681.4,5.42,247.88,238.71,2108.72,248.11,1745.0,106.68,60.77,48.47,Oil Residue,91.7,90.63,80.63,35.5,6.18,95.94,15.93,76.51,81.82,20.06,44.71,1244422.99,Eco Bricks,Very High,UltraTech EcoBuild,Low,Needs Advanced Treatment,82.24,26.4,2025-01-09
SEC-009-3,Surat EcoTex Dyeing Pvt Ltd,Surat,Gujarat,Textile Dyeing & Processing,Fabric Fiber Residue,Textile,11471.53,6.53,1397.77,224.68,4020.51,438.44,4039.23,545.06,46.44,44.26,Oil Residue,91.99,99.18,87.1,30.32,7.31,75.25,79.23,93.74,362.81,50.67,38.15,360478.04,Eco Bricks,Emerging,JSW Green Materials,High,Needs Advanced Treatment,78.58,10.3,2025-01-09
SEC-009-4,Surat EcoTex Dyeing Pvt Ltd,Surat,Gujarat,Textile Dyeing & Processing,Fabric Fiber Residue,Textile,12546.91,7.63,750.77,305.35,8160.51,377.65,2815.54,505.94,28.56,44.02,Color Pigments,84.27,76.0,66.58,29.79,9.09,73.16,20.04,77.01,106.46,48.19,31.49,996100.87,Eco Packaging Sheets,High,UltraTech EcoBuild,Medium,Highly Recoverable,71.87,28.4,2025-01-09
SEC-009-5,Surat EcoTex Dyeing Pvt Ltd,Surat,Gujarat,Textile Dyeing & Processing,Chemical Effluent,Polymer,1990.44,6.8,586.52,503.27,5442.2,202.98,3041.66,147.55,29.02,41.43,Oil Residue,83.46,78.22,45.29,27.77,4.96,66.35,34.33,68.9,204.81,43.67,60.67,1665999.73,Eco Packaging Sheets,Emerging,GreenBuild Gujarat,Medium,Needs Advanced Treatment,66.47,16.3,2025-01-09
SEC-010-1,Surat EcoTex Dyeing Pvt Ltd,Surat,Gujarat,Textile Dyeing & Processing,Chemical Effluent,Textile,12615.21,6.68,331.13,137.05,675.39,330.25,7038.93,47.17,26.58,25.51,Oil Residue,89.68,96.23,60.41,54.86,2.57,91.95,39.89,62.85,285.69,45.67,29.03,3872190.87,Acoustic Insulation Panels,Very High,UltraTech EcoBuild,High,Low Recovery Potential,55.43,24.9,2025-01-10
SEC-010-2,Surat EcoTex Dyeing Pvt Ltd,Surat,Gujarat,Textile Dyeing & Processing,Sludge,Chemical,9214.98,7.38,1397.24,492.84,3839.89,168.3,3641.34,582.6,9.63,51.45,Organic Contaminants,57.62,60.54,77.39,36.88,8.6,49.48,35.99,58.65,125.0,92.46,23.44,1005813.98,Industrial Pigments,High,UltraTech EcoBuild,High,Moderately Recoverable,84.65,24.8,2025-01-10
SEC-010-3,Surat EcoTex Dyeing Pvt Ltd,Surat,Gujarat,Textile Dyeing & Processing,Printing Dye Sludge,Chemical,10988.94,8.04,889.95,650.12,2043.29,583.82,1576.21,455.91,40.64,44.2,Organic Contaminants,49.6,49.01,27.5,60.29,4.93,94.41,16.16,44.78,235.19,31.46,57.5,3370345.5,Industrial Pigments,Medium,EcoPack India,High,Highly Recoverable,71.33,15.1,2025-01-10
SEC-010-4,Surat EcoTex Dyeing Pvt Ltd,Surat,Gujarat,Textile Dyeing & Processing,Printing Dye Sludge,Textile,3430.05,7.84,360.51,470.56,8055.6,614.43,5574.55,308.8,29.04,30.63,Heavy Metals,89.24,85.33,37.89,10.49,8.12,79.28,27.3,84.26,267.93,79.36,53.84,126288.24,Acoustic Insulation Panels,Medium,JSW Green Materials,High,Low Recovery Potential,38.36,16.7,2025-01-10
SEC-010-5,Surat EcoTex Dyeing Pvt Ltd,Surat,Gujarat,Textile Dyeing & Processing,Sludge,Polymer,11546.69,8.26,1297.67,45.91,503.71,588.71,1716.25,377.15,11.02,42.23,Heavy Metals,40.38,45.17,29.28,22.12,7.29,53.05,48.89,86.68,390.02,61.76,17.6,3936660.1,Industrial Pigments,Very High,Reliance Circular Ventures,Medium,Needs Advanced Treatment,82.95,7.0,2025-01-10
SEC-011-1,Surat EcoTex Dyeing Pvt Ltd,Surat,Gujarat,Textile Dyeing & Processing,Fabric Fiber Residue,Mixed,12213.25,5.91,493.26,311.87,4875.08,234.18,6750.84,141.11,37.57,45.45,Organic Contaminants,54.7,51.0,69.91,62.66,6.38,59.47,34.6,95.45,37.16,40.47,25.43,1167572.31,Acoustic Insulation Panels,Medium,JSW Green Materials,High,Needs Advanced Treatment,43.27,26.0,2025-01-11
SEC-011-2,Surat EcoTex Dyeing Pvt Ltd,Surat,Gujarat,Textile Dyeing & Processing,Sludge,Textile,9506.17,5.43,1012.4,672.23,8804.08,479.95,1541.34,558.36,61.79,54.01,Chromium,55.12,49.03,93.23,24.81,4.67,71.16,45.13,86.07,55.03,75.5,45.39,2124223.91,Compressed Construction Blocks,Emerging,JSW Green Materials,Medium,Needs Advanced Treatment,88.19,24.2,2025-01-11
SEC-012-1,Surat EcoTex Dyeing Pvt Ltd,Surat,Gujarat,Textile Dyeing & Processing,Fabric Fiber Residue,Polymer,13588.51,7.13,208.44,296.44,8566.77,292.44,1362.38,309.43,55.66,52.85,Heavy Metals,50.59,53.71,49.64,59.74,3.59,88.0,44.53,79.11,101.64,72.89,31.0,1170703.03,Thermal Insulation Boards,Emerging,GreenBuild Gujarat,Medium,Highly Recoverable,81.71,23.9,2025-01-12
SEC-012-2,Surat EcoTex Dyeing Pvt Ltd,Surat,Gujarat,Textile Dyeing & Processing,Printing Dye Sludge,Textile,13274.39,8.49,957.01,633.16,1942.91,348.92,6948.16,137.58,46.0,53.78,Oil Residue,52.86,44.22,60.58,22.06,1.1,59.87,28.61,32.21,229.91,20.02,49.51,2149328.89,Eco Packaging Sheets,Very High,GreenBuild Gujarat,Medium,Low Recovery Potential,41.95,29.7,2025-01-12
SEC-013-1,Surat EcoTex Dyeing Pvt Ltd,Surat,Gujarat,Textile Dyeing & Processing,Printing Dye Sludge,Mixed,902.57,7.9,601.37,510.13,1492.49,449.71,1641.73,411.52,49.39,39.46,Organic Contaminants,76.68,80.49,71.2,50.86,8.68,89.34,68.0,30.65,107.82,53.39,7.51,2343567.56,Eco Packaging Sheets,Very High,UltraTech EcoBuild,Medium,Low Recovery Potential,90.75,28.2,2025-01-13
SEC-013-2,Surat EcoTex Dyeing Pvt Ltd,Surat,Gujarat,Textile Dyeing & Processing,Textile Dye Waste,Mixed,3944.65,7.26,1228.87,501.95,7831.18,24.69,3071.74,252.66,7.65,26.93,Low Contamination,43.87,42.57,37.72,10.75,6.29,55.79,66.97,88.48,446.02,32.69,41.4,3168983.9,Industrial Pigments,High,GreenBuild Gujarat,Medium,Low Recovery Potential,81.9,15.6,2025-01-13
SEC-013-3,Surat EcoTex Dyeing Pvt Ltd,Surat,Gujarat,Textile Dyeing & Processing,Fabric Fiber Residue,Textile,14819.4,5.66,279.92,303.81,5738.37,153.41,7956.55,197.24,68.19,30.27,Low Contamination,71.32,79.34,47.11,64.15,2.24,52.11,44.47,92.08,280.1,87.77,9.13,2163780.13,Acoustic Insulation Panels,Very High,Reliance Circular Ventures,High,Needs Advanced Treatment,63.35,24.5,2025-01-13
SEC-013-4,Surat EcoTex Dyeing Pvt Ltd,Surat,Gujarat,Textile Dyeing & Processing,Fabric Fiber Residue,Textile,1730.69,5.57,915.84,264.21,5654.05,233.58,2207.95,141.88,24.48,27.53,Oil Residue,62.01,55.85,75.16,57.23,8.3,79.3,40.66,69.88,5.99,45.87,59.93,411479.05,Industrial Pigments,Emerging,UltraTech EcoBuild,Low,Needs Advanced Treatment,56.78,11.2,2025-01-13
SEC-014-1,Surat EcoTex Dyeing Pvt Ltd,Surat,Gujarat,Textile Dyeing & Processing,Printing Dye Sludge,Chemical,11880.77,7.82,589.41,456.1,6310.71,279.68,3475.84,35.04,66.98,24.38,Organic Contaminants,68.01,60.89,52.89,40.52,8.63,50.04,11.89,39.84,150.33,53.14,43.63,2760231.31,Industrial Pigments,High,UltraTech EcoBuild,High,Needs Advanced Treatment,77.55,10.2,2025-01-14
SEC-014-2,Surat EcoTex Dyeing Pvt Ltd,Surat,Gujarat,Textile Dyeing & Processing,Sludge,Polymer,14187.13,8.21,159.12,141.87,5902.35,381.81,329.77,529.1,27.42,28.53,Organic Contaminants,68.97,64.34,76.83,37.58,9.34,77.65,22.84,50.54,200.31,43.77,18.12,4228976.1,Industrial Pigments,High,UltraTech EcoBuild,Medium,Highly Recoverable,42.49,13.1,2025-01-14
SEC-014-3,Surat EcoTex Dyeing Pvt Ltd,Surat,Gujarat,Textile Dyeing & Processing,Textile Dye Waste,Mixed,8633.34,6.92,1232.51,62.97,6492.92,548.22,1984.45,295.08,34.95,34.41,Organic Contaminants,64.78,64.78,37.45,41.01,6.52,80.54,21.69,93.68,13.7,25.9,15.24,618517.69,Eco Bricks,High,EcoPack India,Medium,Moderately Recoverable,62.2,27.3,2025-01-14
SEC-015-1,Surat EcoTex Dyeing Pvt Ltd,Surat,Gujarat,Textile Dyeing & Processing,Textile Dye Waste,Mixed,14125.63,6.53,1281.29,351.69,1963.96,165.46,6682.45,561.8,25.1,38.84,Color Pigments,61.28,63.98,60.22,29.87,4.46,65.34,59.88,30.75,19.83,33.5,35.26,2183007.22,Acoustic Insulation Panels,High,Reliance Circular Ventures,Low,Low Recovery Potential,59.1,22.1,2025-01-15
SEC-015-2,Surat EcoTex Dyeing Pvt Ltd,Surat,Gujarat,Textile Dyeing & Processing,Textile Dye Waste,Polymer,10551.36,7.88,710.43,318.07,6176.01,303.86,2042.35,73.27,13.87,45.5,Heavy Metals,77.11,81.17,53.39,30.76,5.39,75.28,58.49,69.02,69.72,42.53,22.1,895344.33,Compressed Construction Blocks,Very High,UltraTech EcoBuild,High,Highly Recoverable,41.06,12.2,2025-01-15
SEC-015-3,Surat EcoTex Dyeing Pvt Ltd,Surat,Gujarat,Textile Dyeing & Processing,Textile Dye Waste,Mixed,5938.25,5.31,1245.12,261.99,6584.88,105.79,3416.02,57.44,54.6,41.1,Color Pigments,74.02,72.33,75.48,37.76,9.89,81.36,14.22,63.39,232.24,59.26,34.31,363060.15,Industrial Pigments,Very High,GreenBuild Gujarat,High,Moderately Recoverable,85.31,5.8,2025-01-15
SEC-015-4,Surat EcoTex Dyeing Pvt Ltd,Surat,Gujarat,Textile Dyeing & Processing,Printing Dye Sludge,Textile,12527.63,6.19,1366.98,409.37,5266.28,350.85,7604.88,552.39,53.79,29.02,Oil Residue,53.54,50.32,48.43,28.86,9.56,55.01,16.57,69.02,128.85,25.36,53.18,3621207.43,Compressed Construction Blocks,Very High,UltraTech EcoBuild,Low,Moderately Recoverable,68.81,24.9,2025-01-15
SEC-016-1,Surat EcoTex Dyeing Pvt Ltd,Surat,Gujarat,Textile Dyeing & Processing,Printing Dye Sludge,Polymer,3350.83,5.5,1398.11,593.06,788.63,546.68,2235.85,429.24,6.23,43.32,Heavy Metals,85.4,69.63,90.02,44.28,5.38,56.25,79.37,65.35,137.04,21.21,10.29,3517013.76,Eco Packaging Sheets,Very High,UltraTech EcoBuild,Medium,Moderately Recoverable,48.62,29.6,2025-01-16
SEC-016-2,Surat EcoTex Dyeing Pvt Ltd,Surat,Gujarat,Textile Dyeing & Processing,Chemical Effluent,Chemical,1151.91,8.54,424.73,519.29,7410.3,556.47,5880.29,31.94,37.64,56.79,Color Pigments,68.98,65.53,62.26,38.87,8.58,65.09,22.45,77.29,258.57,73.08,34.11,3220421.68,Thermal Insulation Boards,High,GreenBuild Gujarat,Medium,Needs Advanced Treatment,79.24,4.4,2025-01-16
SEC-017-1,Surat EcoTex Dyeing Pvt Ltd,Surat,Gujarat,Textile Dyeing & Processing,Chemical Effluent,Textile,13284.4,8.04,141.72,484.34,6958.3,152.79,6305.87,493.5,37.23,41.99,Chromium,76.8,63.89,78.49,57.85,7.33,78.43,63.47,91.6,349.23,68.76,52.92,230115.01,Thermal Insulation Boards,Emerging,UltraTech EcoBuild,Low,Highly Recoverable,40.4,10.3,2025-01-17
SEC-017-2,Surat EcoTex Dyeing Pvt Ltd,Surat,Gujarat,Textile Dyeing & Processing,Chemical Effluent,Textile,1077.11,6.32,919.74,153.12,1750.78,43.48,7209.11,38.5,27.47,27.2,Low Contamination,77.32,81.64,39.55,33.02,6.83,90.03,34.07,66.97,165.98,43.26,30.45,2267711.48,Industrial Pigments,High,GreenBuild Gujarat,Medium,Highly Recoverable,48.63,20.2,2025-01-17
SEC-017-3,Surat EcoTex Dyeing Pvt Ltd,Surat,Gujarat,Textile Dyeing & Processing,Textile Dye Waste,Mixed,12287.03,5.83,1396.24,522.69,1673.07,277.37,3408.76,299.56,58.39,55.08,Heavy Metals,94.03,92.49,45.37,30.61,2.69,75.76,21.84,39.64,242.79,25.43,61.81,4263809.02,Thermal Insulation Boards,High,UltraTech EcoBuild,Low,Needs Advanced Treatment,65.0,23.9,2025-01-17
SEC-017-4,Surat EcoTex Dyeing Pvt Ltd,Surat,Gujarat,Textile Dyeing & Processing,Fabric Fiber Residue,Chemical,6941.46,6.56,946.27,80.18,6589.01,625.99,6848.43,455.69,61.69,37.68,Color Pigments,96.37,106.09,93.6,57.16,6.49,46.77,57.21,84.73,368.69,90.45,10.69,2915137.22,Thermal Insulation Boards,Emerging,GreenBuild Gujarat,Low,Needs Advanced Treatment,85.48,25.9,2025-01-17
SEC-017-5,Surat EcoTex Dyeing Pvt Ltd,Surat,Gujarat,Textile Dyeing & Processing,Sludge,Chemical,11120.51,7.95,527.29,149.62,1357.14,246.97,6365.87,487.17,17.81,29.75,Chromium,63.39,66.78,46.71,16.7,4.77,75.43,76.06,93.94,436.33,90.72,12.43,4280299.01,Eco Bricks,High,GreenBuild Gujarat,High,Highly Recoverable,64.03,5.3,2025-01-17
SEC-018-1,Surat EcoTex Dyeing Pvt Ltd,Surat,Gujarat,Textile Dyeing & Processing,Chemical Effluent,Chemical,12746.92,7.39,1325.39,103.32,8911.2,344.98,3646.19,401.25,7.3,44.28,Low Contamination,63.88,51.43,53.1,27.34,2.0,53.13,48.0,34.12,70.29,41.74,42.53,378954.52,Eco Packaging Sheets,High,JSW Green Materials,Low,Low Recovery Potential,59.9,15.6,2025-01-18
SEC-018-2,Surat EcoTex Dyeing Pvt Ltd,Surat,Gujarat,Textile Dyeing & Processing,Fabric Fiber Residue,Polymer,11343.25,8.4,1065.29,599.43,8446.5,351.78,4481.19,249.0,33.87,54.42,Low Contamination,92.67,88.26,82.76,47.12,9.7,71.09,19.47,59.48,114.79,30.32,27.67,2297355.4,Compressed Construction Blocks,High,GreenBuild Gujarat,Medium,Moderately Recoverable,74.75,22.2,2025-01-18
SEC-019-1,Surat EcoTex Dyeing Pvt Ltd,Surat,Gujarat,Textile Dyeing & Processing,Textile Dye Waste,Polymer,14255.86,5.21,972.67,270.69,2260.41,90.2,661.89,409.31,46.93,53.41,Low Contamination,90.97,93.35,37.72,39.84,1.97,67.52,67.07,68.34,44.4,86.68,55.02,299549.7,Compressed Construction Blocks,Very High,UltraTech EcoBuild,Low,Needs Advanced Treatment,63.11,21.3,2025-01-19
SEC-019-2,Surat EcoTex Dyeing Pvt Ltd,Surat,Gujarat,Textile Dyeing & Processing,Chemical Effluent,Chemical,9113.3,8.63,815.93,348.54,2225.12,605.46,1087.14,307.34,32.54,24.12,Low Contamination,74.17,64.63,69.39,51.18,9.11,62.35,36.2,73.59,347.2,88.03,15.77,3154156.84,Compressed Construction Blocks,Emerging,Reliance Circular Ventures,Medium,Moderately Recoverable,48.22,29.6,2025-01-19
SEC-020-1,Surat EcoTex Dyeing Pvt Ltd,Surat,Gujarat,Textile Dyeing & Processing,Chemical Effluent,Mixed,5483.91,6.89,1015.58,400.46,2718.55,163.37,3886.99,411.1,38.03,37.18,Oil Residue,67.51,72.28,28.99,48.67,9.16,97.82,24.54,57.32,309.57,71.15,7.8,862251.55,Acoustic Insulation Panels,High,UltraTech EcoBuild,Low,Moderately Recoverable,67.48,16.6,2025-01-20
SEC-020-2,Surat EcoTex Dyeing Pvt Ltd,Surat,Gujarat,Textile Dyeing & Processing,Textile Dye Waste,Chemical,12590.95,7.24,503.14,97.85,5426.99,505.58,5676.4,543.36,49.62,49.3,Low Contamination,90.87,74.1,49.82,55.57,2.55,68.35,71.69,58.89,210.58,87.14,58.43,2483835.1,Eco Bricks,Very High,UltraTech EcoBuild,Medium,Highly Recoverable,49.14,12.7,2025-01-20
SEC-020-3,Surat EcoTex Dyeing Pvt Ltd,Surat,Gujarat,Textile Dyeing & Processing,Printing Dye Sludge,Polymer,10672.01,5.63,1156.57,295.2,574.86,444.16,707.19,185.46,16.01,49.41,Chromium,62.31,63.57,87.51,10.41,5.31,89.71,25.7,88.61,439.02,95.47,26.74,4461091.14,Eco Bricks,Medium,EcoPack India,Medium,Needs Advanced Treatment,90.91,29.0,2025-01-20
SEC-020-4,Surat EcoTex Dyeing Pvt Ltd,Surat,Gujarat,Textile Dyeing & Processing,Chemical Effluent,Mixed,2197.01,6.91,830.28,571.68,721.5,510.34,7765.96,297.13,39.34,46.86,Low Contamination,65.87,60.55,29.75,64.49,9.71,69.11,66.54,56.23,118.72,61.06,47.18,1835650.13,Eco Packaging Sheets,Very High,GreenBuild Gujarat,High,Highly Recoverable,56.25,23.1,2025-01-20
SEC-020-5,Surat EcoTex Dyeing Pvt Ltd,Surat,Gujarat,Textile Dyeing & Processing,Chemical Effluent,Polymer,14030.38,8.03,361.92,433.43,7061.49,269.38,1304.5,166.15,62.6,42.75,Heavy Metals,58.75,54.74,46.17,47.8,1.05,86.27,50.39,51.23,62.27,50.95,17.07,1071516.49,Compressed Construction Blocks,Emerging,Reliance Circular Ventures,Medium,Moderately Recoverable,51.85,16.9,2025-01-20
SEC-021-1,Surat EcoTex Dyeing Pvt Ltd,Surat,Gujarat,Textile Dyeing & Processing,Sludge,Polymer,13216.13,6.41,648.28,207.57,5975.96,637.75,2234.04,203.79,65.94,55.01,Heavy Metals,77.2,73.6,53.5,64.66,9.08,93.32,22.33,81.95,440.35,16.88,59.52,3382094.27,Eco Packaging Sheets,Very High,Reliance Circular Ventures,High,Needs Advanced Treatment,85.06,18.7,2025-01-21
SEC-021-2,Surat EcoTex Dyeing Pvt Ltd,Surat,Gujarat,Textile Dyeing & Processing,Chemical Effluent,Textile,8805.98,6.83,1318.19,547.53,428.79,335.33,7544.88,128.5,24.84,57.66,Chromium,43.42,45.72,27.7,52.73,1.43,97.6,70.08,41.9,420.42,41.28,27.59,3340777.43,Eco Packaging Sheets,Very High,Reliance Circular Ventures,High,Low Recovery Potential,54.05,27.0,2025-01-21
SEC-021-3,Surat EcoTex Dyeing Pvt Ltd,Surat,Gujarat,Textile Dyeing & Processing,Sludge,Mixed,1048.04,5.91,815.61,220.31,8200.76,571.59,3558.62,414.06,31.81,27.51,Heavy Metals,53.55,53.61,71.46,30.43,1.76,86.47,53.18,37.43,286.17,46.12,54.31,2994766.71,Eco Bricks,High,EcoPack India,High,Moderately Recoverable,41.15,19.4,2025-01-21
SEC-021-4,Surat EcoTex Dyeing Pvt Ltd,Surat,Gujarat,Textile Dyeing & Processing,Sludge,Mixed,1258.51,6.55,647.13,606.09,2690.09,214.96,6810.03,514.4,23.87,30.72,Heavy Metals,67.67,65.96,32.26,44.73,3.16,97.11,41.74,90.04,121.43,48.98,21.89,2644625.62,Industrial Pigments,Emerging,EcoPack India,Medium,Needs Advanced Treatment,76.73,22.8,2025-01-21
SEC-021-5,Surat EcoTex Dyeing Pvt Ltd,Surat,Gujarat,Textile Dyeing & Processing,Textile Dye Waste,Textile,8096.03,6.75,925.73,506.31,2335.52,373.22,5795.75,52.06,24.26,45.95,Heavy Metals,96.27,101.32,92.9,53.09,9.67,45.42,65.31,91.41,447.81,65.26,55.04,1903014.01,Thermal Insulation Boards,Very High,Reliance Circular Ventures,Medium,Needs Advanced Treatment,96.72,7.3,2025-01-21
SEC-022-1,Surat EcoTex Dyeing Pvt Ltd,Surat,Gujarat,Textile Dyeing & Processing,Textile Dye Waste,Mixed,13123.1,6.78,1266.36,308.87,4938.62,52.89,7180.87,537.61,36.78,31.52,Low Contamination,57.51,60.02,57.63,28.13,2.54,75.55,24.72,84.2,269.93,53.07,32.88,2758193.02,Compressed Construction Blocks,Medium,UltraTech EcoBuild,Medium,Moderately Recoverable,91.05,27.6,2025-01-22
SEC-022-2,Surat EcoTex Dyeing Pvt Ltd,Surat,Gujarat,Textile Dyeing & Processing,Fabric Fiber Residue,Mixed,766.53,6.24,703.5,678.46,8750.43,566.51,7123.98,168.56,62.75,25.16,Color Pigments,75.18,72.37,50.29,49.24,4.54,60.37,67.95,47.79,136.2,69.17,15.18,2469053.1,Eco Packaging Sheets,Medium,Reliance Circular Ventures,Medium,Needs Advanced Treatment,62.07,10.9,2025-01-22
SEC-023-1,Surat EcoTex Dyeing Pvt Ltd,Surat,Gujarat,Textile Dyeing & Processing,Printing Dye Sludge,Mixed,2212.52,7.01,738.13,353.37,1885.12,145.69,3725.68,471.54,42.39,24.34,Chromium,48.19,50.29,94.15,52.38,7.86,55.33,29.41,94.63,418.14,32.05,52.1,680410.18,Eco Bricks,Medium,GreenBuild Gujarat,Medium,Moderately Recoverable,79.2,23.9,2025-01-23
SEC-023-2,Surat EcoTex Dyeing Pvt Ltd,Surat,Gujarat,Textile Dyeing & Processing,Textile Dye Waste,Chemical,13042.82,8.13,647.66,264.94,8107.13,74.1,7846.22,407.96,39.86,53.84,Oil Residue,79.77,71.7,86.29,55.72,6.35,83.03,37.0,87.08,37.13,44.21,37.29,1680428.33,Compressed Construction Blocks,Medium,UltraTech EcoBuild,Medium,Low Recovery Potential,50.73,7.8,2025-01-23
SEC-023-3,Surat EcoTex Dyeing Pvt Ltd,Surat,Gujarat,Textile Dyeing & Processing,Chemical Effluent,Mixed,609.98,7.43,659.81,387.91,618.4,139.64,1590.19,207.02,56.09,48.69,Organic Contaminants,87.2,96.74,27.24,29.12,5.19,85.91,70.49,42.55,113.07,37.38,37.33,67933.18,Thermal Insulation Boards,Very High,GreenBuild Gujarat,High,Low Recovery Potential,73.63,16.4,2025-01-23
SEC-023-4,Surat EcoTex Dyeing Pvt Ltd,Surat,Gujarat,Textile Dyeing & Processing,Fabric Fiber Residue,Polymer,7044.27,6.43,1003.47,508.68,3923.02,501.49,7359.18,39.78,64.92,46.5,Chromium,53.38,58.5,74.07,15.13,4.32,69.32,15.03,89.87,12.97,66.04,42.53,3405414.39,Compressed Construction Blocks,Medium,Reliance Circular Ventures,Low,Needs Advanced Treatment,96.52,8.4,2025-01-23
SEC-024-1,Surat EcoTex Dyeing Pvt Ltd,Surat,Gujarat,Textile Dyeing & Processing,Textile Dye Waste,Polymer,674.16,6.52,286.04,40.54,1188.73,432.04,5666.62,23.76,24.6,29.83,Organic Contaminants,71.17,66.57,80.84,31.77,3.33,95.08,39.84,78.65,160.94,31.08,45.58,3994228.77,Industrial Pigments,Emerging,Reliance Circular Ventures,Medium,Highly Recoverable,88.87,5.7,2025-01-24
SEC-024-2,Surat EcoTex Dyeing Pvt Ltd,Surat,Gujarat,Textile Dyeing & Processing,Chemical Effluent,Mixed,6719.08,8.49,1182.93,579.71,8211.73,102.98,3176.0,357.57,22.55,51.09,Low Contamination,40.75,39.59,75.23,35.23,8.34,62.12,47.18,35.06,364.1,61.15,15.59,414570.55,Industrial Pigments,Very High,UltraTech EcoBuild,High,Needs Advanced Treatment,62.35,25.1,2025-01-24
SEC-025-1,Surat EcoTex Dyeing Pvt Ltd,Surat,Gujarat,Textile Dyeing & Processing,Sludge,Mixed,12619.08,8.65,807.77,183.86,3833.65,295.6,2043.71,157.91,44.36,57.09,Organic Contaminants,92.87,83.34,72.7,38.97,8.12,72.69,58.32,53.42,194.3,54.19,19.91,3527604.42,Compressed Construction Blocks,High,EcoPack India,Medium,Highly Recoverable,61.98,6.0,2025-01-25
SEC-025-2,Surat EcoTex Dyeing Pvt Ltd,Surat,Gujarat,Textile Dyeing & Processing,Sludge,Chemical,14970.98,5.77,851.73,447.82,5723.09,341.49,1296.39,323.11,68.23,27.92,Color Pigments,72.0,68.27,65.44,18.04,7.1,70.01,53.46,86.61,222.66,86.68,49.41,2145208.03,Eco Bricks,High,Reliance Circular Ventures,Medium,Needs Advanced Treatment,97.23,20.0,2025-01-25
SEC-025-3,Surat EcoTex Dyeing Pvt Ltd,Surat,Gujarat,Textile Dyeing & Processing,Chemical Effluent,Mixed,10031.72,6.32,1001.21,662.78,6299.79,569.23,6503.9,520.26,34.42,45.48,Oil Residue,69.07,65.8,94.1,38.97,4.33,84.72,30.32,40.17,215.01,72.69,24.78,3438572.56,Thermal Insulation Boards,High,GreenBuild Gujarat,Medium,Needs Advanced Treatment,78.28,22.4,2025-01-25
SEC-025-4,Surat EcoTex Dyeing Pvt Ltd,Surat,Gujarat,Textile Dyeing & Processing,Textile Dye Waste,Chemical,9936.72,6.95,996.29,48.68,4045.85,426.02,8201.84,348.59,9.72,56.01,Chromium,75.12,63.67,81.1,28.29,8.25,53.0,40.1,92.99,142.68,22.53,37.37,3349885.92,Eco Bricks,Very High,JSW Green Materials,High,Moderately Recoverable,44.07,16.1,2025-01-25
SEC-026-1,Surat EcoTex Dyeing Pvt Ltd,Surat,Gujarat,Textile Dyeing & Processing,Textile Dye Waste,Chemical,9386.56,6.25,1355.57,242.72,1726.56,374.47,5677.84,164.14,8.02,49.52,Color Pigments,82.58,72.18,37.1,59.04,3.23,64.67,55.23,78.82,208.69,16.8,53.06,2206630.83,Eco Bricks,Emerging,Reliance Circular Ventures,Low,Low Recovery Potential,74.82,21.1,2025-01-26
SEC-026-2,Surat EcoTex Dyeing Pvt Ltd,Surat,Gujarat,Textile Dyeing & Processing,Printing Dye Sludge,Textile,1491.5,6.13,476.08,290.44,3691.19,307.91,2649.89,174.13,46.32,52.94,Chromium,65.08,70.03,91.62,37.29,5.69,66.54,30.22,38.48,51.4,21.8,63.55,277568.43,Industrial Pigments,Medium,GreenBuild Gujarat,Medium,Moderately Recoverable,36.62,24.2,2025-01-26
SEC-026-3,Surat EcoTex Dyeing Pvt Ltd,Surat,Gujarat,Textile Dyeing & Processing,Sludge,Polymer,3555.12,6.95,765.69,367.26,8047.84,178.17,6112.39,411.49,35.01,56.44,Oil Residue,54.09,54.4,52.34,53.03,9.28,97.73,59.69,65.69,94.16,19.49,7.49,307964.85,Acoustic Insulation Panels,Emerging,EcoPack India,Medium,Needs Advanced Treatment,91.65,6.8,2025-01-26
SEC-026-4,Surat EcoTex Dyeing Pvt Ltd,Surat,Gujarat,Textile Dyeing & Processing,Sludge,Polymer,13185.65,7.4,467.79,194.66,8072.35,616.48,690.5,479.75,59.11,44.4,Low Contamination,85.03,88.28,69.68,52.35,7.31,48.34,28.88,64.78,211.75,64.36,61.41,2671540.95,Eco Bricks,High,Reliance Circular Ventures,Low,Highly Recoverable,62.54,23.5,2025-01-26
SEC-026-5,Surat EcoTex Dyeing Pvt Ltd,Surat,Gujarat,Textile Dyeing & Processing,Fabric Fiber Residue,Polymer,9602.46,5.29,419.51,233.66,422.49,190.03,3532.82,557.66,37.05,54.59,Low Contamination,49.28,49.86,43.66,10.52,1.65,82.96,12.76,74.75,417.48,31.73,64.62,1829585.33,Acoustic Insulation Panels,Medium,JSW Green Materials,Medium,Highly Recoverable,49.41,24.7,2025-01-26
SEC-027-1,Surat EcoTex Dyeing Pvt Ltd,Surat,Gujarat,Textile Dyeing & Processing,Chemical Effluent,Polymer,14033.19,7.18,1164.75,92.3,6600.26,83.16,4327.36,406.13,3.43,24.69,Heavy Metals,90.18,75.0,85.11,41.22,8.73,64.0,22.65,76.8,12.37,40.75,12.69,1401004.43,Eco Packaging Sheets,High,UltraTech EcoBuild,Low,Moderately Recoverable,83.16,13.2,2025-01-27
SEC-027-2,Surat EcoTex Dyeing Pvt Ltd,Surat,Gujarat,Textile Dyeing & Processing,Fabric Fiber Residue,Textile,12612.38,8.3,1200.83,204.02,2987.93,480.11,2375.47,110.22,57.76,25.85,Color Pigments,93.27,79.08,62.64,46.85,7.35,82.21,57.99,32.64,197.44,30.33,32.91,3200738.79,Industrial Pigments,Very High,GreenBuild Gujarat,High,Low Recovery Potential,56.25,8.4,2025-01-27
SEC-027-3,Surat EcoTex Dyeing Pvt Ltd,Surat,Gujarat,Textile Dyeing & Processing,Chemical Effluent,Polymer,3989.06,8.11,688.11,94.77,4525.49,431.39,2865.39,455.61,68.05,45.48,Oil Residue,51.09,54.57,93.77,53.23,2.07,91.15,52.67,34.73,199.35,47.57,49.91,1557070.64,Compressed Construction Blocks,Very High,JSW Green Materials,Medium,Moderately Recoverable,75.32,19.2,2025-01-27
SEC-027-4,Surat EcoTex Dyeing Pvt Ltd,Surat,Gujarat,Textile Dyeing & Processing,Sludge,Chemical,12281.61,6.43,821.02,222.68,7706.56,234.26,2443.39,47.13,26.89,33.05,Organic Contaminants,51.59,48.32,60.79,64.61,9.28,56.65,13.82,31.04,99.72,22.54,28.7,2613808.79,Eco Packaging Sheets,Medium,JSW Green Materials,Low,Highly Recoverable,46.67,28.6,2025-01-27
SEC-028-1,Surat EcoTex Dyeing Pvt Ltd,Surat,Gujarat,Textile Dyeing & Processing,Printing Dye Sludge,Polymer,11067.54,7.98,483.68,518.58,4527.16,71.22,8231.21,590.09,39.23,28.46,Low Contamination,64.21,60.47,66.79,47.51,9.18,69.83,41.5,36.26,340.76,38.24,20.37,142555.18,Eco Bricks,Emerging,EcoPack India,Medium,Needs Advanced Treatment,43.65,16.2,2025-01-28
SEC-028-2,Surat EcoTex Dyeing Pvt Ltd,Surat,Gujarat,Textile Dyeing & Processing,Textile Dye Waste,Textile,13832.6,7.75,983.34,328.0,7184.74,206.03,4789.8,239.07,23.14,49.37,Color Pigments,94.4,104.87,68.55,61.84,1.1,93.26,67.82,76.76,351.3,65.68,44.56,2042206.41,Eco Bricks,Medium,UltraTech EcoBuild,High,Low Recovery Potential,71.26,28.8,2025-01-28
SEC-028-3,Surat EcoTex Dyeing Pvt Ltd,Surat,Gujarat,Textile Dyeing & Processing,Chemical Effluent,Mixed,5086.17,6.83,181.11,200.67,1691.67,171.44,2721.64,394.27,68.4,24.66,Low Contamination,63.82,55.02,79.49,18.9,6.43,60.79,23.58,40.56,82.64,71.64,55.41,388085.67,Acoustic Insulation Panels,Very High,GreenBuild Gujarat,High,Needs Advanced Treatment,53.2,25.3,2025-01-28
SEC-028-4,Surat EcoTex Dyeing Pvt Ltd,Surat,Gujarat,Textile Dyeing & Processing,Textile Dye Waste,Chemical,9831.6,8.62,1293.85,380.12,3380.39,572.05,5027.0,475.26,36.68,45.55,Heavy Metals,72.01,61.32,62.32,61.12,7.9,95.66,37.5,95.45,324.08,74.58,21.35,249489.14,Eco Bricks,High,GreenBuild Gujarat,Medium,Moderately Recoverable,59.14,25.7,2025-01-28
SEC-029-1,Surat EcoTex Dyeing Pvt Ltd,Surat,Gujarat,Textile Dyeing & Processing,Printing Dye Sludge,Polymer,7608.08,6.3,607.7,623.19,3673.64,600.27,7479.65,411.03,16.06,33.84,Low Contamination,61.63,60.77,42.39,39.91,6.64,92.62,15.27,74.26,268.19,76.04,18.14,1191136.28,Industrial Pigments,Medium,GreenBuild Gujarat,Low,Moderately Recoverable,61.27,14.5,2025-01-29
SEC-029-2,Surat EcoTex Dyeing Pvt Ltd,Surat,Gujarat,Textile Dyeing & Processing,Textile Dye Waste,Polymer,14130.94,8.1,506.37,268.97,8489.81,626.54,7669.27,163.84,2.55,48.06,Organic Contaminants,73.44,66.5,92.68,24.76,4.01,74.61,44.78,78.98,116.58,35.92,60.82,416863.68,Compressed Construction Blocks,Medium,Reliance Circular Ventures,Medium,Low Recovery Potential,49.91,14.5,2025-01-29
SEC-029-3,Surat EcoTex Dyeing Pvt Ltd,Surat,Gujarat,Textile Dyeing & Processing,Textile Dye Waste,Polymer,2561.17,5.38,130.85,696.87,2649.29,96.01,7994.05,538.53,65.36,47.0,Oil Residue,50.97,52.28,72.49,14.33,9.26,68.55,75.62,34.52,61.75,66.89,15.77,3670708.51,Acoustic Insulation Panels,Emerging,Reliance Circular Ventures,Medium,Highly Recoverable,93.83,24.5,2025-01-29
SEC-029-4,Surat EcoTex Dyeing Pvt Ltd,Surat,Gujarat,Textile Dyeing & Processing,Printing Dye Sludge,Textile,11020.6,7.17,500.1,669.37,3811.16,237.62,7524.9,160.62,59.7,41.31,Organic Contaminants,79.81,78.82,77.4,14.47,6.99,80.95,55.72,66.58,122.19,57.73,35.7,3250133.59,Acoustic Insulation Panels,Very High,EcoPack India,High,Needs Advanced Treatment,47.44,22.6,2025-01-29
SEC-029-5,Surat EcoTex Dyeing Pvt Ltd,Surat,Gujarat,Textile Dyeing & Processing,Chemical Effluent,Mixed,3180.84,7.82,336.53,698.74,1976.88,184.99,3101.17,512.94,51.21,42.93,Organic Contaminants,76.99,74.46,47.71,14.12,1.44,96.65,15.4,49.67,407.63,44.3,41.29,2879347.41,Acoustic Insulation Panels,Very High,GreenBuild Gujarat,Medium,Highly Recoverable,77.52,7.9,2025-01-29
SEC-030-1,Surat EcoTex Dyeing Pvt Ltd,Surat,Gujarat,Textile Dyeing & Processing,Fabric Fiber Residue,Polymer,8817.99,7.34,1337.41,565.41,1308.23,442.69,3996.14,144.34,6.42,46.59,Organic Contaminants,97.43,92.48,76.88,57.31,6.78,57.64,63.75,55.04,401.75,56.4,21.44,1865671.88,Thermal Insulation Boards,Very High,Reliance Circular Ventures,Low,Highly Recoverable,71.79,22.4,2025-01-30
SEC-030-2,Surat EcoTex Dyeing Pvt Ltd,Surat,Gujarat,Textile Dyeing & Processing,Fabric Fiber Residue,Chemical,11496.41,6.59,1281.46,369.82,2950.84,144.19,1872.27,131.43,39.24,31.36,Heavy Metals,49.42,43.65,48.48,43.57,2.31,49.86,36.07,78.21,449.58,87.3,62.26,3694512.12,Acoustic Insulation Panels,High,JSW Green Materials,Low,Needs Advanced Treatment,81.96,14.1,2025-01-30
SEC-031-1,Surat EcoTex Dyeing Pvt Ltd,Surat,Gujarat,Textile Dyeing & Processing,Printing Dye Sludge,Polymer,2272.42,6.96,638.3,430.66,4326.78,528.34,7556.72,166.9,16.85,56.8,Chromium,57.22,46.64,77.07,28.54,6.81,52.99,39.21,83.38,428.04,81.6,5.94,3138445.51,Industrial Pigments,Medium,Reliance Circular Ventures,Low,Moderately Recoverable,86.27,29.6,2025-01-31
SEC-031-2,Surat EcoTex Dyeing Pvt Ltd,Surat,Gujarat,Textile Dyeing & Processing,Textile Dye Waste,Mixed,10597.78,6.21,879.42,559.26,1909.0,407.51,6801.94,91.41,38.6,31.71,Organic Contaminants,86.26,90.51,34.87,53.51,8.99,66.22,42.83,89.39,379.06,23.02,21.47,2327410.2,Industrial Pigments,Medium,Reliance Circular Ventures,Medium,Highly Recoverable,85.28,22.9,2025-01-31
SEC-031-3,Surat EcoTex Dyeing Pvt Ltd,Surat,Gujarat,Textile Dyeing & Processing,Fabric Fiber Residue,Polymer,3860.95,5.92,1059.08,670.56,1178.48,635.06,7885.68,52.83,68.23,52.04,Chromium,93.88,85.15,57.71,47.63,4.02,58.94,64.68,74.29,318.19,85.11,51.7,640216.14,Eco Packaging Sheets,Medium,GreenBuild Gujarat,Medium,Low Recovery Potential,70.2,9.0,2025-01-31
SEC-031-4,Surat EcoTex Dyeing Pvt Ltd,Surat,Gujarat,Textile Dyeing & Processing,Chemical Effluent,Mixed,14961.4,7.97,259.46,154.02,2959.27,614.27,4778.3,498.53,18.71,54.81,Heavy Metals,40.91,39.43,81.73,13.71,2.87,76.56,56.19,51.04,102.45,93.14,17.92,997403.83,Eco Packaging Sheets,Very High,JSW Green Materials,Low,Low Recovery Potential,42.66,26.0,2025-01-31
SEC-031-5,Surat EcoTex Dyeing Pvt Ltd,Surat,Gujarat,Textile Dyeing & Processing,Chemical Effluent,Polymer,1203.99,7.74,480.12,238.95,8547.81,166.46,6303.69,266.67,32.93,41.14,Chromium,85.31,86.38,71.33,44.28,5.3,58.24,54.07,82.33,165.89,70.61,34.13,3276943.63,Compressed Construction Blocks,Medium,EcoPack India,High,Moderately Recoverable,48.83,13.8,2025-01-31
SEC-032-1,Surat EcoTex Dyeing Pvt Ltd,Surat,Gujarat,Textile Dyeing & Processing,Textile Dye Waste,Polymer,12477.85,6.12,157.81,177.7,5427.06,481.1,2882.48,301.73,15.24,55.37,Organic Contaminants,47.21,49.25,57.37,35.18,1.81,69.4,63.08,77.53,14.59,75.1,24.84,2710072.66,Industrial Pigments,Very High,UltraTech EcoBuild,High,Needs Advanced Treatment,44.99,19.0,2025-02-01
SEC-032-2,Surat EcoTex Dyeing Pvt Ltd,Surat,Gujarat,Textile Dyeing & Processing,Textile Dye Waste,Polymer,8048.64,7.37,364.35,55.84,4633.74,317.08,1171.91,17.05,51.98,54.01,Heavy Metals,93.05,83.68,49.97,24.92,5.74,92.09,35.76,96.48,163.2,75.7,29.64,2527543.94,Industrial Pigments,Very High,JSW Green Materials,Medium,Needs Advanced Treatment,63.77,16.4,2025-02-01
SEC-032-3,Surat EcoTex Dyeing Pvt Ltd,Surat,Gujarat,Textile Dyeing & Processing,Textile Dye Waste,Chemical,7573.92,8.25,735.6,253.75,6021.31,43.87,3060.91,190.35,34.04,30.25,Color Pigments,94.88,82.74,85.77,62.46,2.62,59.09,56.04,73.39,38.81,72.95,62.85,4369778.01,Industrial Pigments,Emerging,JSW Green Materials,High,Low Recovery Potential,81.33,27.2,2025-02-01
SEC-032-4,Surat EcoTex Dyeing Pvt Ltd,Surat,Gujarat,Textile Dyeing & Processing,Chemical Effluent,Chemical,11015.2,6.7,603.97,141.73,3377.61,512.65,4347.36,352.7,24.95,37.74,Chromium,65.76,54.2,92.61,31.82,4.57,76.52,37.83,49.37,279.02,46.34,51.54,3339642.17,Industrial Pigments,Medium,UltraTech EcoBuild,High,Highly Recoverable,49.63,15.4,2025-02-01
SEC-033-1,Surat EcoTex Dyeing Pvt Ltd,Surat,Gujarat,Textile Dyeing & Processing,Fabric Fiber Residue,Textile,7993.93,6.7,362.15,534.77,8358.52,536.92,5297.08,66.86,3.43,40.91,Low Contamination,83.44,77.82,57.26,22.62,4.9,51.66,19.24,86.26,134.73,65.83,5.95,3441270.85,Acoustic Insulation Panels,Very High,JSW Green Materials,High,Needs Advanced Treatment,51.86,23.6,2025-02-02
SEC-033-2,Surat EcoTex Dyeing Pvt Ltd,Surat,Gujarat,Textile Dyeing & Processing,Sludge,Mixed,6677.08,7.19,1355.61,390.03,1011.07,43.44,5311.29,242.43,12.33,46.93,Oil Residue,78.65,76.21,88.14,23.48,3.96,96.62,78.75,32.84,285.41,53.08,34.63,2483739.23,Compressed Construction Blocks,Medium,GreenBuild Gujarat,Low,Needs Advanced Treatment,87.78,13.3,2025-02-02
SEC-033-3,Surat EcoTex Dyeing Pvt Ltd,Surat,Gujarat,Textile Dyeing & Processing,Textile Dye Waste,Chemical,2146.34,5.77,189.83,588.89,5977.77,371.15,6223.88,12.03,31.93,36.07,Color Pigments,90.87,84.26,40.28,14.1,3.4,90.92,69.8,83.97,162.27,77.99,58.3,3329723.05,Eco Packaging Sheets,Very High,JSW Green Materials,High,Highly Recoverable,82.99,17.6,2025-02-02
SEC-033-4,Surat EcoTex Dyeing Pvt Ltd,Surat,Gujarat,Textile Dyeing & Processing,Sludge,Polymer,2570.46,5.39,534.9,229.47,2833.88,418.9,5486.82,330.18,10.5,36.99,Low Contamination,86.57,84.28,26.22,31.22,7.16,63.81,79.79,61.33,234.75,18.59,55.51,4166475.31,Eco Bricks,Medium,GreenBuild Gujarat,High,Moderately Recoverable,95.79,18.2,2025-02-02
SEC-034-1,Surat EcoTex Dyeing Pvt Ltd,Surat,Gujarat,Textile Dyeing & Processing,Sludge,Chemical,4895.17,8.53,1019.85,41.85,970.68,385.02,957.92,34.23,9.14,40.07,Organic Contaminants,57.48,62.26,36.38,20.3,3.54,73.2,45.52,85.45,288.59,25.98,10.55,2537863.89,Thermal Insulation Boards,Emerging,Reliance Circular Ventures,High,Low Recovery Potential,60.2,23.0,2025-02-03
SEC-034-2,Surat EcoTex Dyeing Pvt Ltd,Surat,Gujarat,Textile Dyeing & Processing,Fabric Fiber Residue,Chemical,5160.99,6.12,355.79,562.82,8631.32,445.98,6297.67,492.69,9.69,54.95,Low Contamination,74.96,63.21,37.04,18.01,6.15,86.63,55.63,70.06,28.85,66.61,54.2,1080752.67,Thermal Insulation Boards,Medium,GreenBuild Gujarat,Medium,Needs Advanced Treatment,49.61,13.0,2025-02-03
SEC-035-1,Surat EcoTex Dyeing Pvt Ltd,Surat,Gujarat,Textile Dyeing & Processing,Chemical Effluent,Textile,7591.99,7.22,387.48,477.35,2975.65,427.63,8217.06,38.29,15.98,34.79,Organic Contaminants,40.54,35.85,40.91,54.54,1.82,83.84,20.94,61.32,32.46,53.09,46.96,1535719.74,Eco Packaging Sheets,Very High,JSW Green Materials,Medium,Moderately Recoverable,75.3,29.7,2025-02-04
SEC-035-2,Surat EcoTex Dyeing Pvt Ltd,Surat,Gujarat,Textile Dyeing & Processing,Textile Dye Waste,Chemical,9061.21,6.73,960.23,534.13,3294.27,586.9,2764.64,551.72,14.82,55.35,Heavy Metals,62.78,52.62,27.2,24.78,8.36,61.96,36.09,57.08,231.38,18.71,30.28,86506.23,Eco Packaging Sheets,Emerging,GreenBuild Gujarat,Medium,Moderately Recoverable,54.4,15.6,2025-02-04
SEC-035-3,Surat EcoTex Dyeing Pvt Ltd,Surat,Gujarat,Textile Dyeing & Processing,Fabric Fiber Residue,Textile,6570.39,6.24,1285.81,333.02,6094.88,164.96,6708.09,400.75,43.45,50.79,Heavy Metals,69.16,75.97,76.44,23.85,3.32,96.76,12.63,49.95,436.6,83.4,48.0,1085643.46,Eco Bricks,Very High,JSW Green Materials,Low,Moderately Recoverable,94.48,11.5,2025-02-04
SEC-035-4,Surat EcoTex Dyeing Pvt Ltd,Surat,Gujarat,Textile Dyeing & Processing,Printing Dye Sludge,Polymer,12792.91,6.48,174.13,559.83,7757.55,216.73,5465.71,443.73,26.0,29.24,Color Pigments,44.77,39.43,81.69,46.5,4.07,63.19,61.72,48.98,74.62,91.91,59.56,2200023.73,Eco Bricks,Medium,UltraTech EcoBuild,High,Moderately Recoverable,65.6,7.7,2025-02-04
SEC-036-1,Surat EcoTex Dyeing Pvt Ltd,Surat,Gujarat,Textile Dyeing & Processing,Sludge,Chemical,7700.16,7.89,152.76,435.08,4334.81,434.81,3854.66,273.5,42.0,32.77,Low Contamination,67.94,74.46,73.36,34.74,8.67,49.65,48.67,88.69,116.5,20.09,49.76,4444485.29,Acoustic Insulation Panels,Emerging,UltraTech EcoBuild,Low,Moderately Recoverable,66.43,4.1,2025-02-05
SEC-036-2,Surat EcoTex Dyeing Pvt Ltd,Surat,Gujarat,Textile Dyeing & Processing,Chemical Effluent,Polymer,961.23,5.89,246.68,109.07,8786.58,319.77,6072.14,279.75,23.13,26.26,Organic Contaminants,95.91,76.84,61.37,47.36,6.63,73.55,44.24,35.73,256.85,88.47,38.95,3336877.11,Industrial Pigments,Emerging,Reliance Circular Ventures,Medium,Low Recovery Potential,57.8,15.5,2025-02-05
SEC-037-1,Surat EcoTex Dyeing Pvt Ltd,Surat,Gujarat,Textile Dyeing & Processing,Textile Dye Waste,Mixed,12636.04,5.84,455.09,414.44,3433.56,489.33,8086.05,261.24,17.45,25.97,Heavy Metals,68.27,72.03,73.46,58.53,6.33,81.49,52.93,82.95,345.51,94.44,14.55,4180843.23,Acoustic Insulation Panels,Very High,GreenBuild Gujarat,High,Moderately Recoverable,84.57,8.2,2025-02-06
SEC-037-2,Surat EcoTex Dyeing Pvt Ltd,Surat,Gujarat,Textile Dyeing & Processing,Fabric Fiber Residue,Chemical,7870.29,8.52,742.16,594.61,4594.72,175.47,672.63,510.23,15.89,43.49,Chromium,63.45,66.99,47.83,19.34,6.82,59.15,45.87,32.51,209.98,46.81,10.25,2145209.91,Thermal Insulation Boards,High,UltraTech EcoBuild,Low,Low Recovery Potential,53.89,25.1,2025-02-06
SEC-037-3,Surat EcoTex Dyeing Pvt Ltd,Surat,Gujarat,Textile Dyeing & Processing,Chemical Effluent,Chemical,11716.41,7.5,986.08,273.48,8261.54,232.8,5095.78,43.37,31.5,51.4,Oil Residue,88.29,83.4,90.72,62.23,2.54,83.17,76.36,68.25,309.08,39.33,53.75,4062065.38,Acoustic Insulation Panels,Medium,UltraTech EcoBuild,High,Low Recovery Potential,51.8,21.0,2025-02-06
SEC-037-4,Surat EcoTex Dyeing Pvt Ltd,Surat,Gujarat,Textile Dyeing & Processing,Fabric Fiber Residue,Polymer,6196.59,5.39,532.28,647.51,630.52,304.21,6648.29,247.87,14.83,47.34,Chromium,74.62,71.92,84.68,61.58,5.26,80.08,31.26,86.64,36.63,94.79,60.8,74226.57,Compressed Construction Blocks,High,UltraTech EcoBuild,Medium,Low Recovery Potential,48.01,24.4,2025-02-06
SEC-038-1,Surat EcoTex Dyeing Pvt Ltd,Surat,Gujarat,Textile Dyeing & Processing,Chemical Effluent,Mixed,6459.0,8.1,1239.77,598.35,418.92,291.76,5187.32,460.29,58.47,30.78,Color Pigments,94.43,94.96,93.53,50.0,4.96,75.36,65.52,84.66,328.84,78.73,26.32,3096408.63,Acoustic Insulation Panels,Emerging,UltraTech EcoBuild,Medium,Highly Recoverable,75.09,28.3,2025-02-07
SEC-038-2,Surat EcoTex Dyeing Pvt Ltd,Surat,Gujarat,Textile Dyeing & Processing,Sludge,Mixed,11898.4,6.65,419.22,685.52,2575.4,445.38,3530.76,479.2,62.95,57.64,Low Contamination,70.43,78.18,59.97,26.32,5.29,46.19,11.17,48.04,91.07,75.34,42.84,3789944.46,Acoustic Insulation Panels,Very High,EcoPack India,Medium,Moderately Recoverable,66.73,26.7,2025-02-07
SEC-038-3,Surat EcoTex Dyeing Pvt Ltd,Surat,Gujarat,Textile Dyeing & Processing,Printing Dye Sludge,Polymer,2152.94,5.69,692.58,285.21,4977.76,254.96,5030.64,465.56,20.91,33.68,Oil Residue,51.81,44.9,61.21,44.05,9.14,95.68,63.55,93.74,323.52,33.38,63.26,1606362.52,Compressed Construction Blocks,Very High,EcoPack India,High,Needs Advanced Treatment,81.89,11.7,2025-02-07
SEC-038-4,Surat EcoTex Dyeing Pvt Ltd,Surat,Gujarat,Textile Dyeing & Processing,Chemical Effluent,Chemical,12633.82,8.45,1372.05,471.41,7576.4,234.58,1338.5,460.04,50.24,37.58,Heavy Metals,54.67,52.9,83.94,42.57,5.87,65.9,33.84,95.04,285.63,26.26,8.05,4130985.14,Acoustic Insulation Panels,Medium,GreenBuild Gujarat,Low,Low Recovery Potential,85.54,23.2,2025-02-07
SEC-039-1,Surat EcoTex Dyeing Pvt Ltd,Surat,Gujarat,Textile Dyeing & Processing,Fabric Fiber Residue,Mixed,5115.57,5.68,436.52,625.5,7200.17,449.56,1128.87,254.38,24.89,31.82,Heavy Metals,69.28,67.39,72.6,59.61,4.28,93.77,21.63,51.7,132.79,31.17,42.07,3661807.25,Eco Packaging Sheets,High,GreenBuild Gujarat,Low,Needs Advanced Treatment,76.47,14.5,2025-02-08
SEC-039-2,Surat EcoTex Dyeing Pvt Ltd,Surat,Gujarat,Textile Dyeing & Processing,Chemical Effluent,Polymer,6711.31,7.35,859.86,498.82,4204.29,532.16,2550.35,143.06,2.67,56.93,Oil Residue,68.2,67.33,67.82,15.46,3.07,47.19,48.16,95.93,292.97,39.27,50.69,1333945.63,Eco Packaging Sheets,Medium,Reliance Circular Ventures,Low,Needs Advanced Treatment,51.84,8.4,2025-02-08
SEC-039-3,Surat EcoTex Dyeing Pvt Ltd,Surat,Gujarat,Textile Dyeing & Processing,Fabric Fiber Residue,Chemical,1235.52,7.5,1037.04,40.47,6981.24,116.58,6296.22,373.56,31.43,47.74,Organic Contaminants,70.98,68.81,89.95,54.72,9.15,54.47,22.74,82.92,326.62,25.0,18.14,1659429.21,Compressed Construction Blocks,Emerging,EcoPack India,Medium,Low Recovery Potential,66.1,8.3,2025-02-08
SEC-039-4,Surat EcoTex Dyeing Pvt Ltd,Surat,Gujarat,Textile Dyeing & Processing,Textile Dye Waste,Polymer,11235.6,5.83,318.84,602.92,5932.35,480.17,951.57,40.11,66.25,55.52,Low Contamination,45.92,50.23,47.68,32.83,6.86,82.88,55.59,78.96,7.21,34.81,51.96,4361567.75,Industrial Pigments,High,Reliance Circular Ventures,High,Needs Advanced Treatment,76.91,13.4,2025-02-08
SEC-039-5,Surat EcoTex Dyeing Pvt Ltd,Surat,Gujarat,Textile Dyeing & Processing,Printing Dye Sludge,Mixed,527.38,7.76,1201.82,81.22,4611.88,194.56,442.56,364.79,48.79,27.4,Heavy Metals,82.35,77.28,32.98,39.69,8.8,53.8,62.59,46.97,365.61,76.67,9.66,139994.08,Eco Packaging Sheets,Emerging,JSW Green Materials,Low,Needs Advanced Treatment,92.3,28.4,2025-02-08
SEC-040-1,Surat EcoTex Dyeing Pvt Ltd,Surat,Gujarat,Textile Dyeing & Processing,Printing Dye Sludge,Polymer,12907.01,7.64,542.05,357.07,810.58,316.97,5814.02,564.81,35.75,48.5,Chromium,54.01,48.96,66.75,23.9,3.77,54.13,67.96,90.52,156.08,25.61,30.2,881844.89,Industrial Pigments,High,UltraTech EcoBuild,Medium,Moderately Recoverable,54.86,28.3,2025-02-09
SEC-040-2,Surat EcoTex Dyeing Pvt Ltd,Surat,Gujarat,Textile Dyeing & Processing,Sludge,Mixed,13835.48,6.6,1222.5,387.8,5579.54,618.09,6659.69,16.22,42.61,57.16,Color Pigments,55.22,52.85,64.14,45.67,3.75,49.65,59.95,70.72,312.47,61.59,60.32,997008.12,Eco Bricks,Very High,UltraTech EcoBuild,Medium,Highly Recoverable,72.87,29.0,2025-02-09
SEC-040-3,Surat EcoTex Dyeing Pvt Ltd,Surat,Gujarat,Textile Dyeing & Processing,Printing Dye Sludge,Polymer,12777.26,8.41,543.63,388.8,3405.6,200.35,2887.51,472.82,51.18,43.39,Oil Residue,46.39,48.18,65.26,45.31,5.3,51.68,62.14,59.67,446.21,86.99,25.88,444987.55,Compressed Construction Blocks,Medium,GreenBuild Gujarat,Low,Needs Advanced Treatment,62.01,10.7,2025-02-09
SEC-041-1,Surat EcoTex Dyeing Pvt Ltd,Surat,Gujarat,Textile Dyeing & Processing,Chemical Effluent,Chemical,14353.51,6.87,831.15,452.36,6394.71,32.85,5782.22,287.94,66.47,40.84,Organic Contaminants,82.87,75.6,33.62,63.44,4.11,62.14,79.88,62.79,378.28,39.42,28.74,1331894.47,Compressed Construction Blocks,Very High,EcoPack India,Medium,Needs Advanced Treatment,49.19,24.9,2025-02-10
SEC-041-2,Surat EcoTex Dyeing Pvt Ltd,Surat,Gujarat,Textile Dyeing & Processing,Textile Dye Waste,Polymer,1149.72,8.51,918.06,103.33,454.51,77.25,6561.31,218.25,36.08,55.5,Low Contamination,57.47,60.85,61.78,34.61,5.62,54.1,44.8,79.02,28.75,77.47,50.27,1139071.04,Acoustic Insulation Panels,High,Reliance Circular Ventures,Low,Low Recovery Potential,84.06,29.1,2025-02-10
SEC-041-3,Surat EcoTex Dyeing Pvt Ltd,Surat,Gujarat,Textile Dyeing & Processing,Printing Dye Sludge,Mixed,2528.7,5.29,889.54,451.71,8183.24,223.35,3701.74,495.24,32.61,57.17,Color Pigments,45.55,47.61,79.3,11.46,2.5,59.96,71.73,42.06,161.4,75.63,46.73,4221376.61,Thermal Insulation Boards,High,UltraTech EcoBuild,High,Low Recovery Potential,61.05,20.3,2025-02-10
SEC-041-4,Surat EcoTex Dyeing Pvt Ltd,Surat,Gujarat,Textile Dyeing & Processing,Textile Dye Waste,Chemical,7201.69,7.05,728.45,127.79,8922.58,415.79,1604.82,526.25,9.74,35.27,Oil Residue,70.96,76.4,65.58,29.76,6.2,70.56,44.11,36.28,212.23,92.95,29.38,3913498.09,Acoustic Insulation Panels,Very High,GreenBuild Gujarat,High,Low Recovery Potential,57.68,25.6,2025-02-10
SEC-041-5,Surat EcoTex Dyeing Pvt Ltd,Surat,Gujarat,Textile Dyeing & Processing,Printing Dye Sludge,Mixed,10805.82,5.97,1336.34,493.49,2748.52,140.19,5603.43,97.78,3.45,47.08,Low Contamination,40.17,40.91,36.8,49.11,4.15,50.67,20.43,33.32,323.71,47.59,53.32,3591667.78,Thermal Insulation Boards,Very High,Reliance Circular Ventures,High,Low Recovery Potential,87.9,25.6,2025-02-10
SEC-042-1,Surat EcoTex Dyeing Pvt Ltd,Surat,Gujarat,Textile Dyeing & Processing,Sludge,Textile,10222.55,6.75,1238.95,680.35,530.23,511.86,3145.0,110.49,65.01,47.77,Chromium,96.6,78.97,49.02,49.77,4.63,91.7,24.52,86.2,325.06,37.28,62.81,944069.49,Acoustic Insulation Panels,High,JSW Green Materials,Medium,Low Recovery Potential,51.81,29.8,2025-02-11
SEC-042-2,Surat EcoTex Dyeing Pvt Ltd,Surat,Gujarat,Textile Dyeing & Processing,Fabric Fiber Residue,Mixed,10041.89,6.69,136.38,225.89,7187.83,476.1,6040.52,161.15,5.45,56.21,Heavy Metals,67.31,70.05,46.31,38.23,2.73,88.51,74.28,98.52,16.69,50.74,17.58,2078337.23,Eco Packaging Sheets,Very High,Reliance Circular Ventures,Low,Needs Advanced Treatment,39.26,12.3,2025-02-11
SEC-042-3,Surat EcoTex Dyeing Pvt Ltd,Surat,Gujarat,Textile Dyeing & Processing,Printing Dye Sludge,Polymer,4806.53,7.49,670.6,562.54,7912.64,363.95,4642.01,524.36,37.01,42.07,Heavy Metals,92.94,77.21,46.65,52.89,9.27,62.79,41.98,32.73,112.34,23.68,47.86,2465476.24,Thermal Insulation Boards,High,JSW Green Materials,Low,Moderately Recoverable,69.77,27.3,2025-02-11
SEC-042-4,Surat EcoTex Dyeing Pvt Ltd,Surat,Gujarat,Textile Dyeing & Processing,Textile Dye Waste,Chemical,5978.59,7.04,897.64,122.65,8378.18,541.56,6456.06,264.01,18.58,32.24,Heavy Metals,62.23,49.88,42.34,30.12,7.14,57.36,38.54,68.19,201.96,24.26,61.14,3531522.47,Compressed Construction Blocks,High,GreenBuild Gujarat,Low,Highly Recoverable,36.8,20.8,2025-02-11
SEC-043-1,Surat EcoTex Dyeing Pvt Ltd,Surat,Gujarat,Textile Dyeing & Processing,Fabric Fiber Residue,Textile,788.45,6.3,787.29,602.79,8756.72,189.88,2913.69,309.26,51.71,43.13,Organic Contaminants,93.09,84.98,65.23,61.24,6.7,77.54,34.66,78.2,364.21,44.79,22.04,2062451.58,Acoustic Insulation Panels,Emerging,EcoPack India,Medium,Low Recovery Potential,64.19,21.9,2025-02-12
SEC-043-2,Surat EcoTex Dyeing Pvt Ltd,Surat,Gujarat,Textile Dyeing & Processing,Printing Dye Sludge,Chemical,14443.17,6.16,1130.86,241.38,7235.35,638.53,6176.2,426.19,59.54,57.98,Oil Residue,40.8,36.95,70.42,14.82,9.58,66.9,34.0,81.46,19.75,64.61,52.99,323394.79,Industrial Pigments,Emerging,Reliance Circular Ventures,Low,Highly Recoverable,42.34,24.1,2025-02-12
SEC-043-3,Surat EcoTex Dyeing Pvt Ltd,Surat,Gujarat,Textile Dyeing & Processing,Chemical Effluent,Textile,12595.49,6.32,1131.58,279.6,2504.73,593.83,3583.15,586.49,65.02,29.54,Oil Residue,55.33,44.72,55.22,57.15,7.64,71.04,45.02,75.54,62.46,36.56,33.66,4098211.19,Thermal Insulation Boards,Medium,GreenBuild Gujarat,Low,Needs Advanced Treatment,59.99,5.3,2025-02-12
SEC-043-4,Surat EcoTex Dyeing Pvt Ltd,Surat,Gujarat,Textile Dyeing & Processing,Chemical Effluent,Chemical,6553.56,5.99,529.86,394.79,3544.32,566.86,6360.45,327.26,21.1,45.05,Oil Residue,45.04,42.38,76.04,41.52,2.09,79.19,31.33,48.39,110.41,72.47,9.6,519181.82,Industrial Pigments,High,Reliance Circular Ventures,Medium,Low Recovery Potential,87.59,25.9,2025-02-12
SEC-043-5,Surat EcoTex Dyeing Pvt Ltd,Surat,Gujarat,Textile Dyeing & Processing,Printing Dye Sludge,Textile,11925.32,5.31,202.06,180.74,5186.88,440.26,8245.49,398.78,43.99,56.87,Organic Contaminants,71.63,63.9,59.02,28.26,5.5,58.32,29.96,68.08,105.81,47.1,27.01,324280.57,Compressed Construction Blocks,Emerging,JSW Green Materials,High,Low Recovery Potential,81.21,12.9,2025-02-12
SEC-044-1,Surat EcoTex Dyeing Pvt Ltd,Surat,Gujarat,Textile Dyeing & Processing,Printing Dye Sludge,Textile,6870.44,5.88,941.53,221.51,3013.09,343.08,6969.01,448.32,3.51,45.45,Organic Contaminants,92.53,99.95,35.44,33.82,1.24,51.98,60.19,91.63,242.74,48.49,29.83,3331447.6,Eco Packaging Sheets,Very High,Reliance Circular Ventures,Low,Highly Recoverable,44.29,27.5,2025-02-13
SEC-044-2,Surat EcoTex Dyeing Pvt Ltd,Surat,Gujarat,Textile Dyeing & Processing,Textile Dye Waste,Mixed,12329.69,7.6,1326.47,610.59,7776.73,128.81,2021.98,584.72,8.28,46.69,Heavy Metals,78.85,66.03,25.78,54.84,4.06,47.28,29.64,59.45,414.92,92.05,57.56,407869.74,Eco Packaging Sheets,Very High,Reliance Circular Ventures,Medium,Moderately Recoverable,89.62,24.1,2025-02-13
SEC-044-3,Surat EcoTex Dyeing Pvt Ltd,Surat,Gujarat,Textile Dyeing & Processing,Sludge,Polymer,14762.99,6.57,1056.69,326.19,8358.84,503.9,6059.27,304.94,32.05,52.43,Chromium,96.95,105.88,44.89,57.03,6.72,51.64,10.2,45.45,21.96,51.0,30.15,160008.08,Thermal Insulation Boards,High,JSW Green Materials,High,Low Recovery Potential,72.39,7.1,2025-02-13
SEC-044-4,Surat EcoTex Dyeing Pvt Ltd,Surat,Gujarat,Textile Dyeing & Processing,Sludge,Chemical,11585.01,5.53,1334.99,337.67,3897.15,625.13,3223.74,318.86,62.22,25.58,Low Contamination,42.49,36.05,50.11,56.34,2.11,96.69,49.07,81.81,59.95,72.06,48.44,3944132.67,Eco Packaging Sheets,High,EcoPack India,Medium,Low Recovery Potential,75.78,11.5,2025-02-13
SEC-045-1,Surat EcoTex Dyeing Pvt Ltd,Surat,Gujarat,Textile Dyeing & Processing,Textile Dye Waste,Chemical,2233.52,8.38,263.85,72.48,5636.1,123.05,7961.15,315.21,8.33,47.68,Oil Residue,92.07,93.89,74.17,17.96,7.5,47.09,20.04,91.72,422.98,22.44,63.51,2499147.93,Eco Bricks,Very High,EcoPack India,High,Low Recovery Potential,55.25,10.0,2025-02-14
SEC-045-2,Surat EcoTex Dyeing Pvt Ltd,Surat,Gujarat,Textile Dyeing & Processing,Fabric Fiber Residue,Chemical,9381.08,7.62,960.2,119.1,7935.57,231.85,6993.27,528.84,48.79,46.06,Heavy Metals,88.89,84.6,79.13,19.61,9.74,88.5,35.46,88.26,435.21,23.99,29.34,2279927.33,Thermal Insulation Boards,Emerging,JSW Green Materials,Medium,Needs Advanced Treatment,46.82,9.9,2025-02-14
SEC-045-3,Surat EcoTex Dyeing Pvt Ltd,Surat,Gujarat,Textile Dyeing & Processing,Printing Dye Sludge,Chemical,14075.58,5.55,128.77,507.66,8991.72,501.77,5709.15,133.83,58.53,54.02,Organic Contaminants,44.79,43.24,56.41,23.26,2.57,91.74,33.61,56.16,239.51,85.91,23.94,4282446.39,Eco Bricks,Very High,UltraTech EcoBuild,High,Low Recovery Potential,83.73,14.1,2025-02-14
SEC-046-1,Surat EcoTex Dyeing Pvt Ltd,Surat,Gujarat,Textile Dyeing & Processing,Chemical Effluent,Polymer,2535.24,7.04,980.91,143.94,7525.22,211.81,4891.68,543.93,63.45,27.62,Low Contamination,92.53,88.34,47.12,37.55,7.41,85.21,56.59,77.29,389.63,61.04,21.11,1650717.7,Industrial Pigments,High,Reliance Circular Ventures,Low,Low Recovery Potential,36.21,4.6,2025-02-15
SEC-046-2,Surat EcoTex Dyeing Pvt Ltd,Surat,Gujarat,Textile Dyeing & Processing,Printing Dye Sludge,Chemical,14327.42,7.57,299.21,184.35,1808.62,340.57,7651.49,491.57,62.89,30.41,Chromium,86.81,86.29,79.65,63.21,1.03,67.73,51.88,76.99,185.8,90.57,63.21,1595572.87,Compressed Construction Blocks,Very High,GreenBuild Gujarat,Medium,Needs Advanced Treatment,55.32,7.0,2025-02-15
SEC-047-1,Surat EcoTex Dyeing Pvt Ltd,Surat,Gujarat,Textile Dyeing & Processing,Fabric Fiber Residue,Textile,962.21,5.73,1014.49,411.73,3278.04,566.83,1364.3,100.93,52.26,26.58,Low Contamination,49.36,40.99,59.01,64.64,6.54,80.14,39.61,41.66,428.54,21.31,53.77,525702.7,Thermal Insulation Boards,Very High,GreenBuild Gujarat,High,Highly Recoverable,73.82,27.6,2025-02-16
SEC-047-2,Surat EcoTex Dyeing Pvt Ltd,Surat,Gujarat,Textile Dyeing & Processing,Fabric Fiber Residue,Polymer,4534.41,8.46,218.51,465.42,7636.97,363.31,2385.25,197.44,37.36,46.27,Color Pigments,74.3,61.97,86.79,12.93,8.92,60.17,47.35,86.47,100.3,77.22,40.19,4219220.22,Industrial Pigments,High,UltraTech EcoBuild,High,Needs Advanced Treatment,83.87,26.3,2025-02-16
SEC-047-3,Surat EcoTex Dyeing Pvt Ltd,Surat,Gujarat,Textile Dyeing & Processing,Chemical Effluent,Polymer,12136.89,5.63,737.89,497.4,8612.23,484.76,8205.14,390.72,63.7,39.14,Low Contamination,81.76,77.26,30.09,14.48,3.33,95.82,57.74,84.39,117.22,44.91,25.16,1621199.71,Thermal Insulation Boards,Medium,UltraTech EcoBuild,High,Low Recovery Potential,66.94,27.8,2025-02-16
SEC-048-1,Surat EcoTex Dyeing Pvt Ltd,Surat,Gujarat,Textile Dyeing & Processing,Fabric Fiber Residue,Chemical,501.44,5.86,415.96,139.31,1571.87,363.53,3085.73,565.49,41.72,36.98,Organic Contaminants,42.69,40.2,76.05,19.91,3.63,67.28,79.66,89.45,113.75,35.88,42.16,2797159.38,Eco Packaging Sheets,Emerging,Reliance Circular Ventures,Low,Moderately Recoverable,96.76,13.7,2025-02-17
SEC-048-2,Surat EcoTex Dyeing Pvt Ltd,Surat,Gujarat,Textile Dyeing & Processing,Printing Dye Sludge,Mixed,8629.47,7.48,226.28,110.91,2684.61,395.72,4208.11,140.07,51.59,40.16,Chromium,60.47,54.42,76.29,56.98,6.97,86.19,15.21,78.5,47.8,61.24,46.1,751277.06,Thermal Insulation Boards,Very High,JSW Green Materials,Low,Moderately Recoverable,97.8,6.8,2025-02-17
SEC-049-1,Surat EcoTex Dyeing Pvt Ltd,Surat,Gujarat,Textile Dyeing & Processing,Chemical Effluent,Polymer,8044.56,7.18,991.18,312.0,4773.59,643.7,2490.88,387.79,37.01,51.35,Heavy Metals,74.65,62.72,76.22,11.44,7.62,78.29,52.05,97.41,285.59,45.2,20.86,726509.66,Acoustic Insulation Panels,Emerging,EcoPack India,High,Highly Recoverable,84.88,23.2,2025-02-18
SEC-049-2,Surat EcoTex Dyeing Pvt Ltd,Surat,Gujarat,Textile Dyeing & Processing,Fabric Fiber Residue,Chemical,9928.76,6.5,543.2,395.68,770.02,437.12,4457.83,461.43,64.46,40.94,Low Contamination,76.48,70.85,30.39,56.29,1.94,51.31,44.81,76.04,191.51,71.2,50.44,59771.76,Thermal Insulation Boards,Very High,Reliance Circular Ventures,High,Low Recovery Potential,96.63,17.0,2025-02-18
SEC-050-1,Surat EcoTex Dyeing Pvt Ltd,Surat,Gujarat,Textile Dyeing & Processing,Sludge,Chemical,13119.62,8.61,1292.77,387.15,7682.13,551.11,498.08,417.11,57.44,48.82,Low Contamination,57.25,50.38,93.22,43.53,7.84,58.0,49.26,33.15,300.96,76.28,54.43,4487799.06,Compressed Construction Blocks,Emerging,Reliance Circular Ventures,Low,Highly Recoverable,96.25,11.9,2025-02-19
SEC-050-2,Surat EcoTex Dyeing Pvt Ltd,Surat,Gujarat,Textile Dyeing & Processing,Fabric Fiber Residue,Chemical,5465.41,5.4,714.33,496.2,5608.62,30.68,7829.85,180.6,52.59,25.33,Organic Contaminants,71.98,76.88,67.95,48.97,9.78,93.9,47.12,79.01,350.92,63.59,63.12,2801946.23,Eco Bricks,Very High,UltraTech EcoBuild,High,Moderately Recoverable,59.53,17.9,2025-02-19
SEC-050-3,Surat EcoTex Dyeing Pvt Ltd,Surat,Gujarat,Textile Dyeing & Processing,Sludge,Chemical,14654.47,6.08,260.79,525.1,4042.39,125.44,3663.41,19.12,62.22,25.58,Chromium,40.77,40.73,85.11,30.14,4.27,52.8,52.59,66.94,365.08,46.93,49.51,2776207.96,Industrial Pigments,Very High,GreenBuild Gujarat,High,Needs Advanced Treatment,55.23,4.5,2025-02-19
SEC-051-1,Surat EcoTex Dyeing Pvt Ltd,Surat,Gujarat,Textile Dyeing & Processing,Chemical Effluent,Polymer,2810.62,5.93,659.81,578.63,6270.87,568.77,7441.9,490.53,49.76,45.74,Color Pigments,57.81,56.31,59.37,55.85,8.64,77.32,32.71,42.86,192.23,65.72,40.49,3865932.17,Eco Packaging Sheets,Emerging,JSW Green Materials,Low,Needs Advanced Treatment,58.36,26.1,2025-02-20
SEC-051-2,Surat EcoTex Dyeing Pvt Ltd,Surat,Gujarat,Textile Dyeing & Processing,Fabric Fiber Residue,Textile,10787.71,5.62,653.12,218.65,6766.09,72.92,7668.93,33.64,14.18,42.67,Oil Residue,58.92,48.72,45.93,13.45,8.46,48.81,24.54,93.61,296.92,59.47,56.33,2693152.65,Thermal Insulation Boards,Emerging,GreenBuild Gujarat,Low,Highly Recoverable,51.68,4.5,2025-02-20
SEC-051-3,Surat EcoTex Dyeing Pvt Ltd,Surat,Gujarat,Textile Dyeing & Processing,Printing Dye Sludge,Mixed,9948.03,6.79,1283.11,516.57,7274.81,454.76,4829.49,258.27,16.09,47.16,Color Pigments,85.07,87.39,90.37,21.31,4.2,57.13,28.34,64.89,257.59,18.36,18.74,4046039.84,Thermal Insulation Boards,High,Reliance Circular Ventures,Medium,Highly Recoverable,88.24,13.7,2025-02-20
SEC-052-1,Surat EcoTex Dyeing Pvt Ltd,Surat,Gujarat,Textile Dyeing & Processing,Textile Dye Waste,Polymer,13061.65,7.77,1195.2,425.1,3427.85,80.92,4665.07,573.93,36.21,26.36,Oil Residue,95.66,100.09,88.28,53.5,7.37,76.98,60.63,44.6,343.96,81.23,32.11,3314501.36,Compressed Construction Blocks,Very High,Reliance Circular Ventures,Medium,Moderately Recoverable,97.24,15.6,2025-02-21
SEC-052-2,Surat EcoTex Dyeing Pvt Ltd,Surat,Gujarat,Textile Dyeing & Processing,Textile Dye Waste,Polymer,14905.48,8.36,699.59,84.62,6596.33,536.87,3543.04,373.33,19.36,39.73,Chromium,61.17,55.66,38.12,13.3,9.29,77.12,49.03,87.38,165.58,16.37,5.73,3114784.88,Compressed Construction Blocks,High,JSW Green Materials,High,Highly Recoverable,72.76,15.0,2025-02-21
SEC-053-1,Surat EcoTex Dyeing Pvt Ltd,Surat,Gujarat,Textile Dyeing & Processing,Chemical Effluent,Chemical,5251.29,8.22,1056.37,667.67,2141.83,429.67,7190.04,559.44,29.77,46.95,Heavy Metals,74.32,73.66,48.1,40.72,7.9,88.19,30.9,86.17,98.98,16.62,59.15,4234224.51,Compressed Construction Blocks,Emerging,EcoPack India,High,Needs Advanced Treatment,95.83,29.7,2025-02-22
SEC-053-2,Surat EcoTex Dyeing Pvt Ltd,Surat,Gujarat,Textile Dyeing & Processing,Sludge,Textile,3793.83,6.53,578.91,166.03,3158.49,194.77,6251.27,564.32,53.64,32.18,Color Pigments,57.98,63.42,90.26,53.03,1.79,77.8,10.34,76.73,208.67,56.57,22.88,3719982.45,Eco Packaging Sheets,Very High,Reliance Circular Ventures,Medium,Low Recovery Potential,36.15,4.2,2025-02-22
SEC-053-3,Surat EcoTex Dyeing Pvt Ltd,Surat,Gujarat,Textile Dyeing & Processing,Sludge,Polymer,7695.98,6.32,1384.76,41.61,7261.16,34.88,2856.87,444.69,55.82,41.46,Chromium,78.49,74.37,59.48,57.2,5.83,57.1,68.36,94.46,413.85,34.73,15.8,399445.18,Compressed Construction Blocks,Medium,GreenBuild Gujarat,High,Low Recovery Potential,38.3,21.7,2025-02-22
SEC-053-4,Surat EcoTex Dyeing Pvt Ltd,Surat,Gujarat,Textile Dyeing & Processing,Fabric Fiber Residue,Chemical,9053.11,7.0,1210.01,244.01,2068.4,300.68,1747.22,97.22,66.16,55.9,Chromium,56.22,57.68,75.76,55.85,8.82,82.34,37.27,73.7,344.7,59.67,19.41,3343390.61,Compressed Construction Blocks,Medium,GreenBuild Gujarat,Low,Needs Advanced Treatment,59.26,15.5,2025-02-22
SEC-053-5,Surat EcoTex Dyeing Pvt Ltd,Surat,Gujarat,Textile Dyeing & Processing,Fabric Fiber Residue,Polymer,2149.39,5.64,1347.85,413.82,8674.64,616.51,1059.45,133.65,22.45,43.99,Oil Residue,83.44,75.87,67.65,13.36,3.36,46.86,50.26,55.19,199.71,33.54,18.14,1146879.14,Eco Bricks,Medium,GreenBuild Gujarat,Low,Moderately Recoverable,80.59,7.2,2025-02-22
SEC-054-1,Surat EcoTex Dyeing Pvt Ltd,Surat,Gujarat,Textile Dyeing & Processing,Chemical Effluent,Textile,4925.44,6.12,1301.48,605.63,4002.93,480.8,3066.41,314.43,68.54,49.22,Organic Contaminants,85.02,89.12,84.98,19.74,5.44,63.66,74.27,61.3,231.91,69.83,34.35,1057184.66,Eco Bricks,Very High,GreenBuild Gujarat,Medium,Highly Recoverable,97.07,10.9,2025-02-23
SEC-054-2,Surat EcoTex Dyeing Pvt Ltd,Surat,Gujarat,Textile Dyeing & Processing,Chemical Effluent,Mixed,918.85,8.43,649.44,134.65,4362.5,199.84,5962.08,45.56,48.27,53.55,Heavy Metals,87.16,95.39,88.43,49.66,1.79,83.91,69.74,46.62,213.61,42.93,34.48,1333263.76,Acoustic Insulation Panels,Emerging,Reliance Circular Ventures,High,Highly Recoverable,47.74,10.9,2025-02-23
SEC-054-3,Surat EcoTex Dyeing Pvt Ltd,Surat,Gujarat,Textile Dyeing & Processing,Sludge,Textile,6183.36,6.56,1250.62,263.59,7669.06,366.51,585.77,88.84,12.66,27.16,Heavy Metals,55.79,62.22,46.13,37.08,1.66,70.47,59.04,90.17,222.03,67.53,51.29,914545.86,Industrial Pigments,Very High,EcoPack India,High,Needs Advanced Treatment,91.0,17.8,2025-02-23
SEC-055-1,Surat EcoTex Dyeing Pvt Ltd,Surat,Gujarat,Textile Dyeing & Processing,Textile Dye Waste,Mixed,8959.27,7.34,476.9,675.41,4578.28,341.0,3361.67,589.58,37.9,31.81,Color Pigments,53.97,60.34,51.15,62.16,9.61,88.94,59.75,91.11,194.57,39.93,46.38,4290845.66,Thermal Insulation Boards,Very High,JSW Green Materials,Medium,Highly Recoverable,87.93,20.2,2025-02-24
SEC-055-2,Surat EcoTex Dyeing Pvt Ltd,Surat,Gujarat,Textile Dyeing & Processing,Chemical Effluent,Textile,2258.89,5.27,1103.56,186.63,3545.56,78.88,4900.98,95.88,18.0,50.45,Chromium,40.82,45.22,50.78,10.5,5.4,90.49,77.97,49.91,256.5,24.12,39.86,2739230.89,Industrial Pigments,High,Reliance Circular Ventures,High,Highly Recoverable,43.66,18.7,2025-02-24
SEC-055-3,Surat EcoTex Dyeing Pvt Ltd,Surat,Gujarat,Textile Dyeing & Processing,Sludge,Textile,11887.75,7.42,609.44,264.66,848.08,220.64,3486.59,17.92,40.29,48.17,Low Contamination,89.35,83.72,93.39,25.92,6.87,91.77,24.95,98.16,396.05,49.28,56.83,114513.05,Eco Bricks,High,GreenBuild Gujarat,High,Moderately Recoverable,80.83,10.6,2025-02-24
SEC-055-4,Surat EcoTex Dyeing Pvt Ltd,Surat,Gujarat,Textile Dyeing & Processing,Sludge,Textile,8673.25,6.96,1182.9,427.89,2310.56,350.55,3674.9,19.86,7.54,53.47,Oil Residue,71.74,66.17,94.83,21.67,9.63,58.12,17.29,45.7,287.88,50.01,53.47,3447500.77,Eco Bricks,Emerging,JSW Green Materials,Low,Needs Advanced Treatment,74.22,23.1,2025-02-24
SEC-055-5,Surat EcoTex Dyeing Pvt Ltd,Surat,Gujarat,Textile Dyeing & Processing,Textile Dye Waste,Textile,2383.58,6.99,851.56,86.57,2952.69,475.51,1022.35,386.46,51.9,24.57,Organic Contaminants,46.79,43.69,54.5,49.53,1.25,74.91,25.6,47.67,404.56,50.49,47.24,101634.09,Eco Bricks,Emerging,GreenBuild Gujarat,High,Moderately Recoverable,89.14,14.4,2025-02-24
SEC-056-1,Surat EcoTex Dyeing Pvt Ltd,Surat,Gujarat,Textile Dyeing & Processing,Printing Dye Sludge,Textile,12331.23,7.1,1370.95,380.22,1107.23,297.64,8310.59,150.03,16.08,44.29,Heavy Metals,74.27,68.26,38.61,39.34,9.35,92.21,38.59,79.24,86.54,15.79,50.15,2977246.96,Eco Packaging Sheets,Very High,GreenBuild Gujarat,Low,Needs Advanced Treatment,83.02,24.8,2025-02-25
SEC-056-2,Surat EcoTex Dyeing Pvt Ltd,Surat,Gujarat,Textile Dyeing & Processing,Textile Dye Waste,Textile,6989.74,7.47,1303.52,173.18,4359.29,234.72,1614.94,201.21,37.77,39.26,Chromium,44.49,37.58,68.53,19.71,9.35,85.92,49.1,59.86,174.25,55.5,53.24,190267.58,Eco Packaging Sheets,High,EcoPack India,Low,Moderately Recoverable,48.43,4.7,2025-02-25
SEC-056-3,Surat EcoTex Dyeing Pvt Ltd,Surat,Gujarat,Textile Dyeing & Processing,Chemical Effluent,Mixed,5488.96,7.69,1301.84,390.83,8618.73,133.55,7143.09,203.69,32.71,55.4,Organic Contaminants,48.04,42.88,90.48,36.26,7.44,79.33,38.93,86.64,201.72,63.53,55.8,1494263.4,Thermal Insulation Boards,Very High,JSW Green Materials,Low,Low Recovery Potential,39.34,7.5,2025-02-25
SEC-057-1,Surat EcoTex Dyeing Pvt Ltd,Surat,Gujarat,Textile Dyeing & Processing,Textile Dye Waste,Mixed,11867.77,6.33,1058.81,314.68,4527.27,349.1,4445.78,224.42,11.14,55.09,Color Pigments,61.13,63.89,81.53,35.78,5.49,52.05,32.33,50.23,356.98,69.72,31.27,1377743.47,Thermal Insulation Boards,Medium,Reliance Circular Ventures,High,Highly Recoverable,50.7,16.4,2025-02-26
SEC-057-2,Surat EcoTex Dyeing Pvt Ltd,Surat,Gujarat,Textile Dyeing & Processing,Textile Dye Waste,Chemical,12275.01,7.85,799.31,477.37,8299.96,580.78,4235.62,56.55,33.36,49.93,Color Pigments,46.27,39.18,40.1,42.65,7.38,49.53,40.62,57.84,62.42,25.85,49.85,2233094.48,Acoustic Insulation Panels,Very High,Reliance Circular Ventures,High,Highly Recoverable,37.04,14.1,2025-02-26
SEC-057-3,Surat EcoTex Dyeing Pvt Ltd,Surat,Gujarat,Textile Dyeing & Processing,Printing Dye Sludge,Mixed,1997.02,5.7,395.75,300.44,2587.81,122.59,6636.16,474.27,41.72,47.38,Heavy Metals,78.86,70.3,33.59,32.31,3.19,92.16,58.59,30.98,114.57,75.94,64.65,3213809.74,Compressed Construction Blocks,Emerging,Reliance Circular Ventures,Medium,Needs Advanced Treatment,77.32,10.1,2025-02-26
SEC-058-1,Surat EcoTex Dyeing Pvt Ltd,Surat,Gujarat,Textile Dyeing & Processing,Fabric Fiber Residue,Textile,7575.38,6.2,1052.12,688.12,8737.66,560.84,3830.27,86.88,64.28,55.77,Organic Contaminants,73.94,64.37,91.68,20.4,3.56,93.94,43.28,71.02,162.67,49.58,13.39,3913462.3,Thermal Insulation Boards,High,UltraTech EcoBuild,Low,Low Recovery Potential,88.88,7.5,2025-02-27
SEC-058-2,Surat EcoTex Dyeing Pvt Ltd,Surat,Gujarat,Textile Dyeing & Processing,Textile Dye Waste,Mixed,14029.78,7.64,300.36,612.08,958.01,494.39,2042.96,241.71,3.6,56.47,Heavy Metals,57.78,60.78,88.31,30.98,2.83,68.31,75.48,48.04,86.79,44.39,15.19,2867091.89,Eco Packaging Sheets,Medium,GreenBuild Gujarat,High,Needs Advanced Treatment,50.5,8.9,2025-02-27
SEC-058-3,Surat EcoTex Dyeing Pvt Ltd,Surat,Gujarat,Textile Dyeing & Processing,Textile Dye Waste,Polymer,6902.15,6.09,1279.77,348.34,1057.69,549.13,5177.79,488.03,68.58,55.16,Color Pigments,81.13,87.8,72.75,20.98,3.66,59.81,68.81,50.57,188.58,79.13,24.7,4024086.93,Eco Packaging Sheets,Very High,Reliance Circular Ventures,Low,Needs Advanced Treatment,90.99,5.4,2025-02-27
SEC-058-4,Surat EcoTex Dyeing Pvt Ltd,Surat,Gujarat,Textile Dyeing & Processing,Textile Dye Waste,Polymer,13947.14,8.05,1192.56,630.25,8858.95,270.15,2590.66,316.72,68.2,33.3,Color Pigments,47.25,41.01,64.59,45.61,5.56,78.36,10.54,57.32,342.2,87.0,36.55,1816192.84,Thermal Insulation Boards,High,UltraTech EcoBuild,Medium,Highly Recoverable,96.82,25.6,2025-02-27
SEC-058-5,Surat EcoTex Dyeing Pvt Ltd,Surat,Gujarat,Textile Dyeing & Processing,Chemical Effluent,Chemical,10941.0,7.33,474.26,561.59,4077.39,192.18,689.51,491.17,44.65,34.87,Chromium,91.87,98.35,79.65,32.51,3.61,81.92,51.55,50.12,127.52,16.66,38.74,3020052.64,Industrial Pigments,Medium,EcoPack India,High,Highly Recoverable,97.44,17.1,2025-02-27
SEC-059-1,Surat EcoTex Dyeing Pvt Ltd,Surat,Gujarat,Textile Dyeing & Processing,Chemical Effluent,Chemical,13589.12,6.81,481.66,184.84,3560.77,336.12,8027.98,32.78,52.8,57.52,Color Pigments,61.22,67.93,38.37,32.19,7.14,66.19,31.35,71.66,202.72,70.75,63.49,394251.38,Compressed Construction Blocks,Medium,EcoPack India,Medium,Needs Advanced Treatment,35.52,18.5,2025-02-28
SEC-059-2,Surat EcoTex Dyeing Pvt Ltd,Surat,Gujarat,Textile Dyeing & Processing,Fabric Fiber Residue,Mixed,2268.44,6.7,1263.01,407.33,4375.24,201.79,3468.31,280.59,59.83,51.19,Heavy Metals,92.72,103.18,27.38,10.61,6.08,55.82,11.18,70.3,312.88,64.22,12.51,2027650.5,Acoustic Insulation Panels,Very High,UltraTech EcoBuild,Medium,Low Recovery Potential,66.26,29.2,2025-02-28
SEC-059-3,Surat EcoTex Dyeing Pvt Ltd,Surat,Gujarat,Textile Dyeing & Processing,Chemical Effluent,Polymer,12418.59,6.67,443.99,251.26,863.8,282.32,3546.19,51.73,12.19,34.4,Heavy Metals,81.36,75.12,48.26,13.7,3.9,49.9,14.01,62.0,266.14,74.21,36.2,329991.34,Eco Packaging Sheets,Medium,JSW Green Materials,High,Highly Recoverable,59.7,23.3,2025-02-28
SEC-059-4,Surat EcoTex Dyeing Pvt Ltd,Surat,Gujarat,Textile Dyeing & Processing,Sludge,Mixed,14273.9,5.92,429.97,456.04,1328.78,329.4,5405.79,311.76,37.41,57.15,Low Contamination,57.16,49.18,70.78,34.92,9.66,97.42,21.99,66.09,35.43,25.72,6.99,122535.41,Industrial Pigments,Very High,GreenBuild Gujarat,High,Moderately Recoverable,81.95,23.2,2025-02-28
SEC-060-1,Surat EcoTex Dyeing Pvt Ltd,Surat,Gujarat,Textile Dyeing & Processing,Textile Dye Waste,Polymer,1639.17,8.1,754.92,394.63,4574.69,375.97,1258.46,586.92,23.43,51.26,Low Contamination,55.8,57.64,87.09,47.59,9.31,64.74,39.6,93.73,209.44,67.46,12.86,1809774.99,Eco Packaging Sheets,High,Reliance Circular Ventures,Medium,Low Recovery Potential,84.03,6.6,2025-03-01
SEC-060-2,Surat EcoTex Dyeing Pvt Ltd,Surat,Gujarat,Textile Dyeing & Processing,Textile Dye Waste,Chemical,3270.98,5.78,373.04,620.56,3319.54,244.46,5016.18,570.53,29.38,42.22,Oil Residue,61.6,52.73,50.68,62.91,5.31,76.81,41.51,59.15,349.48,93.55,50.0,3277526.56,Thermal Insulation Boards,Medium,JSW Green Materials,Medium,Highly Recoverable,56.57,22.8,2025-03-01
SEC-061-1,Surat EcoTex Dyeing Pvt Ltd,Surat,Gujarat,Textile Dyeing & Processing,Printing Dye Sludge,Mixed,10663.51,6.13,261.66,387.88,4152.96,138.66,4367.86,506.62,51.42,54.92,Low Contamination,58.36,53.6,63.89,22.73,9.29,85.48,78.52,81.38,299.83,33.55,10.49,3226998.5,Eco Bricks,Medium,JSW Green Materials,Medium,Moderately Recoverable,76.48,15.1,2025-03-02
SEC-061-2,Surat EcoTex Dyeing Pvt Ltd,Surat,Gujarat,Textile Dyeing & Processing,Fabric Fiber Residue,Polymer,14902.18,7.64,253.82,654.58,4686.29,545.82,2281.67,372.64,62.93,39.13,Organic Contaminants,81.72,66.34,44.08,57.3,1.16,59.23,66.55,87.63,360.33,84.4,55.56,1639620.49,Acoustic Insulation Panels,Very High,Reliance Circular Ventures,Medium,Highly Recoverable,45.66,17.2,2025-03-02
SEC-061-3,Surat EcoTex Dyeing Pvt Ltd,Surat,Gujarat,Textile Dyeing & Processing,Fabric Fiber Residue,Textile,9213.75,8.01,306.38,262.02,5187.29,534.72,7745.39,232.06,36.59,43.7,Low Contamination,42.17,38.41,75.27,26.78,9.23,77.21,60.36,54.42,212.82,93.64,33.81,3453697.69,Compressed Construction Blocks,High,UltraTech EcoBuild,Medium,Moderately Recoverable,41.74,13.0,2025-03-02
SEC-061-4,Surat EcoTex Dyeing Pvt Ltd,Surat,Gujarat,Textile Dyeing & Processing,Sludge,Chemical,11383.91,7.32,1234.19,37.62,7948.39,20.22,5834.34,46.73,56.21,44.72,Oil Residue,95.55,96.63,30.48,42.88,8.42,82.88,57.48,32.2,381.74,27.13,63.78,3979534.61,Acoustic Insulation Panels,Medium,JSW Green Materials,Low,Moderately Recoverable,93.12,7.9,2025-03-02
SEC-061-5,Surat EcoTex Dyeing Pvt Ltd,Surat,Gujarat,Textile Dyeing & Processing,Textile Dye Waste,Mixed,13949.86,8.58,915.12,154.51,5972.36,389.75,7171.52,197.63,21.55,37.77,Chromium,46.54,50.84,68.88,56.28,8.53,48.6,22.74,86.84,227.6,81.94,49.47,2064679.31,Acoustic Insulation Panels,Medium,GreenBuild Gujarat,Medium,Low Recovery Potential,64.01,7.1,2025-03-02
SEC-062-1,Surat EcoTex Dyeing Pvt Ltd,Surat,Gujarat,Textile Dyeing & Processing,Chemical Effluent,Chemical,11429.24,6.05,366.39,153.22,5805.67,190.25,2372.45,430.28,58.02,36.71,Oil Residue,65.62,72.14,30.35,42.64,9.75,94.34,23.52,51.7,5.62,34.54,30.71,4010626.47,Industrial Pigments,Medium,Reliance Circular Ventures,Low,Highly Recoverable,80.73,11.5,2025-03-03
SEC-062-2,Surat EcoTex Dyeing Pvt Ltd,Surat,Gujarat,Textile Dyeing & Processing,Printing Dye Sludge,Textile,14353.58,5.21,349.92,224.06,4038.28,197.32,4595.32,281.21,63.28,43.53,Oil Residue,97.51,102.66,68.8,19.52,2.93,93.0,41.13,49.57,326.89,65.97,19.06,447595.12,Acoustic Insulation Panels,High,EcoPack India,High,Moderately Recoverable,62.4,11.5,2025-03-03
SEC-062-3,Surat EcoTex Dyeing Pvt Ltd,Surat,Gujarat,Textile Dyeing & Processing,Fabric Fiber Residue,Chemical,8431.22,7.63,301.01,428.47,6879.19,415.84,1720.55,289.45,23.23,46.5,Chromium,56.11,61.92,31.63,10.5,6.78,74.85,17.07,46.96,125.54,16.98,19.52,3645090.05,Compressed Construction Blocks,Very High,UltraTech EcoBuild,High,Highly Recoverable,85.86,13.1,2025-03-03
SEC-063-1,Surat EcoTex Dyeing Pvt Ltd,Surat,Gujarat,Textile Dyeing & Processing,Fabric Fiber Residue,Chemical,11587.06,8.45,506.28,72.03,2694.66,470.11,1695.75,125.85,57.62,43.72,Chromium,68.45,69.25,71.27,33.95,3.47,78.12,53.68,94.81,152.01,91.21,39.34,4478786.7,Eco Packaging Sheets,High,JSW Green Materials,Low,Moderately Recoverable,87.77,6.7,2025-03-04
SEC-063-2,Surat EcoTex Dyeing Pvt Ltd,Surat,Gujarat,Textile Dyeing & Processing,Sludge,Chemical,10045.63,6.11,832.27,201.94,4379.45,566.27,1612.69,397.8,31.27,27.09,Chromium,85.64,91.09,80.12,34.87,4.97,92.62,14.52,79.17,64.88,37.53,39.31,2533979.13,Compressed Construction Blocks,Very High,JSW Green Materials,Medium,Moderately Recoverable,96.25,20.1,2025-03-04
SEC-063-3,Surat EcoTex Dyeing Pvt Ltd,Surat,Gujarat,Textile Dyeing & Processing,Sludge,Textile,12713.5,6.86,1307.4,423.65,8996.49,243.16,1123.64,262.34,22.62,40.44,Chromium,49.81,47.22,74.91,52.92,2.19,73.26,62.03,60.11,351.1,33.46,32.39,2374009.33,Thermal Insulation Boards,High,EcoPack India,Low,Needs Advanced Treatment,35.48,29.6,2025-03-04
SEC-063-4,Surat EcoTex Dyeing Pvt Ltd,Surat,Gujarat,Textile Dyeing & Processing,Sludge,Textile,11720.09,7.1,1301.55,417.18,5787.11,437.67,645.29,445.72,14.07,56.78,Organic Contaminants,82.73,80.44,70.88,62.92,7.59,47.56,15.77,37.23,301.73,36.27,17.45,2033805.06,Thermal Insulation Boards,High,JSW Green Materials,High,Highly Recoverable,62.46,25.9,2025-03-04
SEC-064-1,Surat EcoTex Dyeing Pvt Ltd,Surat,Gujarat,Textile Dyeing & Processing,Textile Dye Waste,Textile,13453.85,5.78,1113.41,647.08,8310.53,32.83,4711.66,165.41,2.99,46.51,Low Contamination,77.14,73.61,86.36,12.33,2.98,94.19,29.79,57.41,247.41,37.15,37.2,3025230.57,Industrial Pigments,Medium,Reliance Circular Ventures,Medium,Highly Recoverable,82.66,8.5,2025-03-05
SEC-064-2,Surat EcoTex Dyeing Pvt Ltd,Surat,Gujarat,Textile Dyeing & Processing,Sludge,Mixed,14420.5,6.55,428.86,433.7,7367.78,222.78,5794.45,544.56,44.66,48.09,Organic Contaminants,71.85,71.15,83.23,33.92,8.13,51.57,55.12,43.53,310.82,21.79,56.2,3504418.21,Thermal Insulation Boards,Emerging,Reliance Circular Ventures,Low,Low Recovery Potential,36.96,7.7,2025-03-05
SEC-064-3,Surat EcoTex Dyeing Pvt Ltd,Surat,Gujarat,Textile Dyeing & Processing,Fabric Fiber Residue,Chemical,723.3,6.53,161.65,251.23,4203.75,407.96,6936.88,211.35,68.91,24.23,Low Contamination,47.92,47.87,80.97,59.44,7.12,71.09,51.09,91.75,281.41,18.57,33.2,1347196.46,Compressed Construction Blocks,Medium,JSW Green Materials,Medium,Low Recovery Potential,55.63,16.9,2025-03-05
SEC-065-1,Surat EcoTex Dyeing Pvt Ltd,Surat,Gujarat,Textile Dyeing & Processing,Sludge,Polymer,14534.35,5.48,512.32,471.44,4204.76,386.48,8068.68,95.16,29.05,29.3,Heavy Metals,65.36,63.87,94.59,50.61,3.51,48.42,19.66,94.61,354.38,64.57,56.24,4322222.97,Eco Packaging Sheets,Medium,EcoPack India,Low,Low Recovery Potential,93.99,10.3,2025-03-06
SEC-065-2,Surat EcoTex Dyeing Pvt Ltd,Surat,Gujarat,Textile Dyeing & Processing,Printing Dye Sludge,Chemical,14736.72,5.39,574.01,699.73,2710.39,268.44,7677.26,26.37,25.1,33.88,Heavy Metals,87.47,91.48,69.57,43.34,1.41,82.54,56.99,86.37,418.06,82.92,9.09,430111.92,Compressed Construction Blocks,Medium,GreenBuild Gujarat,Low,Highly Recoverable,86.73,26.6,2025-03-06
SEC-066-1,Surat EcoTex Dyeing Pvt Ltd,Surat,Gujarat,Textile Dyeing & Processing,Printing Dye Sludge,Mixed,2845.0,5.87,422.96,167.76,3573.09,238.25,4206.4,50.03,54.41,32.79,Chromium,94.47,84.32,27.25,45.5,6.24,87.58,71.1,33.78,39.12,95.3,9.77,4489633.32,Industrial Pigments,Medium,JSW Green Materials,Medium,Highly Recoverable,68.32,16.0,2025-03-07
SEC-066-2,Surat EcoTex Dyeing Pvt Ltd,Surat,Gujarat,Textile Dyeing & Processing,Printing Dye Sludge,Textile,2662.37,7.87,572.31,289.48,7156.21,181.12,444.4,335.1,62.14,57.3,Heavy Metals,58.85,60.29,54.8,51.0,7.69,72.0,40.54,47.36,149.5,68.32,64.0,4262313.82,Acoustic Insulation Panels,High,EcoPack India,High,Moderately Recoverable,38.04,5.9,2025-03-07
SEC-067-1,Surat EcoTex Dyeing Pvt Ltd,Surat,Gujarat,Textile Dyeing & Processing,Sludge,Mixed,3026.85,5.57,540.79,135.88,892.65,284.98,2215.89,517.48,26.8,40.77,Low Contamination,50.58,48.86,33.43,65.0,4.93,86.79,42.39,41.0,441.67,43.45,11.1,1477553.6,Compressed Construction Blocks,High,EcoPack India,High,Highly Recoverable,61.66,28.9,2025-03-08
SEC-067-2,Surat EcoTex Dyeing Pvt Ltd,Surat,Gujarat,Textile Dyeing & Processing,Printing Dye Sludge,Mixed,11066.91,8.67,1169.96,539.71,7084.36,262.58,1614.24,514.62,23.6,54.1,Chromium,60.79,66.75,28.11,13.05,2.95,78.99,60.76,52.0,179.1,28.86,14.76,169746.36,Industrial Pigments,High,UltraTech EcoBuild,Medium,Low Recovery Potential,50.28,25.7,2025-03-08
SEC-067-3,Surat EcoTex Dyeing Pvt Ltd,Surat,Gujarat,Textile Dyeing & Processing,Fabric Fiber Residue,Chemical,11676.25,6.59,1321.39,491.76,4461.33,99.32,3503.57,385.06,3.15,46.21,Heavy Metals,82.41,69.49,58.61,58.7,3.41,67.97,60.47,41.12,388.63,62.27,48.76,3658770.26,Industrial Pigments,Very High,UltraTech EcoBuild,High,Needs Advanced Treatment,74.55,28.5,2025-03-08
SEC-067-4,Surat EcoTex Dyeing Pvt Ltd,Surat,Gujarat,Textile Dyeing & Processing,Chemical Effluent,Chemical,2567.51,8.14,1295.08,606.61,3872.12,47.09,525.77,274.2,60.13,31.69,Chromium,83.99,82.86,89.97,57.05,9.19,75.21,31.22,36.02,396.64,18.17,18.22,607660.96,Industrial Pigments,Very High,EcoPack India,High,Moderately Recoverable,66.85,19.3,2025-03-08
SEC-068-1,Surat EcoTex Dyeing Pvt Ltd,Surat,Gujarat,Textile Dyeing & Processing,Sludge,Chemical,3327.35,7.86,582.0,442.01,8947.88,317.37,8299.75,439.03,20.89,46.04,Chromium,50.65,40.62,52.88,58.62,3.19,67.12,25.47,95.21,204.25,75.69,50.31,3551692.42,Acoustic Insulation Panels,Emerging,EcoPack India,Low,Moderately Recoverable,65.18,28.2,2025-03-09
SEC-068-2,Surat EcoTex Dyeing Pvt Ltd,Surat,Gujarat,Textile Dyeing & Processing,Printing Dye Sludge,Mixed,2181.5,5.65,191.61,135.59,6857.8,488.83,1438.41,127.02,27.77,39.82,Color Pigments,74.25,78.68,80.54,46.86,3.24,63.59,25.51,59.35,129.51,23.05,17.09,60740.91,Thermal Insulation Boards,Very High,JSW Green Materials,Low,Highly Recoverable,81.81,17.4,2025-03-09
SEC-068-3,Surat EcoTex Dyeing Pvt Ltd,Surat,Gujarat,Textile Dyeing & Processing,Fabric Fiber Residue,Mixed,8700.13,6.73,926.22,509.09,1252.84,296.66,393.0,548.62,5.7,29.78,Oil Residue,86.67,91.4,61.43,59.65,1.52,78.82,59.96,31.62,168.03,55.06,61.94,1600810.0,Eco Bricks,High,GreenBuild Gujarat,High,Moderately Recoverable,84.41,19.7,2025-03-09
SEC-068-4,Surat EcoTex Dyeing Pvt Ltd,Surat,Gujarat,Textile Dyeing & Processing,Printing Dye Sludge,Mixed,9912.28,5.51,1382.42,269.15,3604.72,649.18,6369.4,35.96,18.96,47.81,Organic Contaminants,97.73,93.32,47.65,16.84,5.7,71.44,50.47,87.5,90.38,45.33,48.93,876414.85,Thermal Insulation Boards,Emerging,GreenBuild Gujarat,High,Low Recovery Potential,42.41,21.4,2025-03-09
SEC-068-5,Surat EcoTex Dyeing Pvt Ltd,Surat,Gujarat,Textile Dyeing & Processing,Chemical Effluent,Mixed,5785.92,6.36,1071.05,148.64,1068.66,283.18,6136.28,82.82,53.2,43.47,Oil Residue,58.51,56.99,28.17,23.02,4.41,67.38,19.92,33.86,173.49,71.76,26.22,510819.23,Acoustic Insulation Panels,Medium,EcoPack India,Medium,Moderately Recoverable,69.81,13.0,2025-03-09
SEC-069-1,Surat EcoTex Dyeing Pvt Ltd,Surat,Gujarat,Textile Dyeing & Processing,Textile Dye Waste,Chemical,9090.52,6.1,1305.89,150.45,6998.22,77.97,4636.32,236.92,9.05,34.82,Color Pigments,55.58,61.44,44.27,13.8,3.58,78.74,45.03,86.77,322.26,66.01,25.69,3692095.66,Acoustic Insulation Panels,Very High,Reliance Circular Ventures,Low,Moderately Recoverable,84.28,9.0,2025-03-10
SEC-069-2,Surat EcoTex Dyeing Pvt Ltd,Surat,Gujarat,Textile Dyeing & Processing,Textile Dye Waste,Polymer,9184.91,5.9,1068.47,106.31,3323.88,38.47,3323.15,526.06,36.79,29.85,Chromium,48.54,51.89,32.84,32.25,9.57,92.22,15.44,92.25,113.45,22.12,59.53,3130459.17,Industrial Pigments,Emerging,EcoPack India,High,Moderately Recoverable,59.58,13.6,2025-03-10
SEC-070-1,Surat EcoTex Dyeing Pvt Ltd,Surat,Gujarat,Textile Dyeing & Processing,Printing Dye Sludge,Chemical,5525.19,5.46,214.81,51.02,5391.48,367.59,4199.6,362.0,20.27,31.11,Oil Residue,89.64,79.66,76.69,55.47,6.38,77.2,31.49,62.01,215.59,34.77,56.78,1740378.43,Compressed Construction Blocks,High,JSW Green Materials,Medium,Moderately Recoverable,83.66,30.0,2025-03-11
SEC-070-2,Surat EcoTex Dyeing Pvt Ltd,Surat,Gujarat,Textile Dyeing & Processing,Chemical Effluent,Polymer,1284.7,8.42,428.51,519.65,6098.6,456.3,627.58,510.32,63.31,28.4,Heavy Metals,46.45,37.39,81.11,30.96,3.53,91.69,52.55,64.25,131.86,36.3,15.76,1885608.02,Eco Packaging Sheets,Emerging,JSW Green Materials,Low,Moderately Recoverable,46.49,4.4,2025-03-11
SEC-070-3,Surat EcoTex Dyeing Pvt Ltd,Surat,Gujarat,Textile Dyeing & Processing,Fabric Fiber Residue,Mixed,8050.62,8.44,745.89,695.44,5388.7,211.14,5649.68,196.12,27.64,46.17,Low Contamination,59.55,59.82,59.85,61.07,9.98,48.18,37.34,80.52,412.39,70.89,16.86,3472299.82,Compressed Construction Blocks,Emerging,EcoPack India,Low,Highly Recoverable,75.58,16.6,2025-03-11
SEC-071-1,Surat EcoTex Dyeing Pvt Ltd,Surat,Gujarat,Textile Dyeing & Processing,Textile Dye Waste,Polymer,1003.44,7.34,507.04,579.44,2925.39,122.54,5669.47,344.34,67.02,42.03,Color Pigments,79.82,87.6,85.05,20.21,1.46,95.64,38.67,67.97,154.1,25.34,11.99,1178413.33,Eco Packaging Sheets,Medium,Reliance Circular Ventures,Low,Needs Advanced Treatment,61.6,13.4,2025-03-12
SEC-071-2,Surat EcoTex Dyeing Pvt Ltd,Surat,Gujarat,Textile Dyeing & Processing,Sludge,Textile,10457.44,5.3,1133.97,520.92,6344.38,444.02,8062.99,403.21,44.33,35.76,Oil Residue,93.88,78.18,53.96,41.98,2.15,77.31,62.51,38.7,216.81,68.32,27.04,3174626.11,Industrial Pigments,Medium,EcoPack India,High,Moderately Recoverable,50.3,7.3,2025-03-12
SEC-072-1,Surat EcoTex Dyeing Pvt Ltd,Surat,Gujarat,Textile Dyeing & Processing,Chemical Effluent,Polymer,10465.88,5.27,1082.45,543.78,4633.27,241.05,1484.99,333.2,22.76,33.01,Low Contamination,80.97,83.63,71.38,13.84,1.91,45.74,40.67,87.06,329.04,54.9,16.29,2867657.17,Eco Packaging Sheets,Medium,Reliance Circular Ventures,Low,Needs Advanced Treatment,50.0,25.8,2025-03-13
SEC-072-2,Surat EcoTex Dyeing Pvt Ltd,Surat,Gujarat,Textile Dyeing & Processing,Printing Dye Sludge,Mixed,1822.28,7.0,602.54,570.79,699.51,611.01,5002.89,170.53,5.33,51.14,Organic Contaminants,58.54,64.52,68.81,40.48,6.25,84.37,50.2,71.12,82.28,22.91,63.44,465231.65,Acoustic Insulation Panels,Very High,JSW Green Materials,High,Moderately Recoverable,60.42,30.0,2025-03-13
SEC-072-3,Surat EcoTex Dyeing Pvt Ltd,Surat,Gujarat,Textile Dyeing & Processing,Fabric Fiber Residue,Chemical,14105.21,5.42,365.08,678.03,7714.41,525.74,5966.38,345.38,23.78,55.38,Chromium,94.89,102.87,74.73,10.36,7.81,84.6,47.43,80.87,152.15,57.67,58.59,3554711.67,Thermal Insulation Boards,High,GreenBuild Gujarat,High,Moderately Recoverable,67.98,24.0,2025-03-13
SEC-072-4,Surat EcoTex Dyeing Pvt Ltd,Surat,Gujarat,Textile Dyeing & Processing,Fabric Fiber Residue,Chemical,8398.82,5.46,1358.45,54.58,4385.75,177.54,1615.38,306.28,38.42,29.66,Organic Contaminants,56.28,55.16,42.21,44.65,3.73,97.28,54.25,74.78,182.29,58.87,23.89,1963890.95,Industrial Pigments,Medium,UltraTech EcoBuild,High,Highly Recoverable,88.04,12.5,2025-03-13
SEC-072-5,Surat EcoTex Dyeing Pvt Ltd,Surat,Gujarat,Textile Dyeing & Processing,Fabric Fiber Residue,Chemical,10170.18,7.75,979.85,580.07,2569.18,168.16,701.88,219.72,34.26,27.1,Color Pigments,78.23,64.95,57.17,11.45,2.81,83.83,25.32,84.44,417.68,66.76,17.5,3354816.29,Industrial Pigments,Emerging,Reliance Circular Ventures,High,Needs Advanced Treatment,92.99,4.1,2025-03-13
SEC-073-1,Surat EcoTex Dyeing Pvt Ltd,Surat,Gujarat,Textile Dyeing & Processing,Fabric Fiber Residue,Chemical,768.22,5.95,1149.16,178.88,5691.2,321.29,2123.21,352.96,59.38,48.82,Organic Contaminants,67.38,58.61,54.79,12.79,1.32,81.55,56.4,66.49,177.6,73.34,23.53,3261282.38,Industrial Pigments,High,JSW Green Materials,High,Low Recovery Potential,36.99,24.8,2025-03-14
SEC-073-2,Surat EcoTex Dyeing Pvt Ltd,Surat,Gujarat,Textile Dyeing & Processing,Printing Dye Sludge,Mixed,13387.11,8.21,741.36,423.0,8820.99,184.09,7780.73,251.31,60.33,33.81,Oil Residue,66.76,73.61,77.13,44.54,1.12,93.43,59.26,98.58,369.79,70.92,37.75,1502125.13,Eco Bricks,Very High,EcoPack India,Low,Low Recovery Potential,92.23,18.9,2025-03-14
SEC-073-3,Surat EcoTex Dyeing Pvt Ltd,Surat,Gujarat,Textile Dyeing & Processing,Textile Dye Waste,Chemical,10235.92,7.92,1237.43,414.76,7565.62,396.51,4218.32,134.79,32.03,43.63,Low Contamination,92.9,96.45,38.55,57.06,3.66,80.67,49.85,71.41,209.85,24.34,35.16,983063.72,Acoustic Insulation Panels,Medium,UltraTech EcoBuild,High,Low Recovery Potential,46.91,29.0,2025-03-14
SEC-074-1,Surat EcoTex Dyeing Pvt Ltd,Surat,Gujarat,Textile Dyeing & Processing,Chemical Effluent,Mixed,13233.73,6.06,1398.31,288.33,6742.42,386.7,6927.48,351.57,64.98,38.03,Color Pigments,66.03,61.04,48.49,38.2,7.96,91.74,36.97,60.33,197.04,72.52,9.63,4045942.2,Eco Packaging Sheets,Medium,UltraTech EcoBuild,Medium,Moderately Recoverable,72.99,22.0,2025-03-15
SEC-074-2,Surat EcoTex Dyeing Pvt Ltd,Surat,Gujarat,Textile Dyeing & Processing,Sludge,Mixed,12349.2,7.48,875.7,360.66,4914.55,459.07,5970.93,88.05,2.73,41.42,Heavy Metals,48.23,47.35,88.45,23.51,2.44,83.32,60.8,98.33,70.45,67.51,59.24,4140645.88,Eco Packaging Sheets,Medium,EcoPack India,High,Needs Advanced Treatment,75.34,17.6,2025-03-15
SEC-075-1,Surat EcoTex Dyeing Pvt Ltd,Surat,Gujarat,Textile Dyeing & Processing,Printing Dye Sludge,Textile,7750.45,6.16,165.11,67.1,6842.1,419.16,2011.4,126.66,34.89,51.56,Chromium,92.93,79.32,87.56,10.25,3.64,92.35,68.73,70.35,215.39,67.49,57.06,1763108.19,Eco Packaging Sheets,Very High,JSW Green Materials,Medium,Moderately Recoverable,67.69,10.7,2025-03-16
SEC-075-2,Surat EcoTex Dyeing Pvt Ltd,Surat,Gujarat,Textile Dyeing & Processing,Sludge,Textile,10254.83,5.94,522.9,477.11,4854.21,635.25,2101.23,382.86,60.02,39.23,Color Pigments,84.93,78.17,91.81,35.03,5.39,77.79,11.41,53.87,231.82,89.16,14.78,2818114.15,Acoustic Insulation Panels,Emerging,Reliance Circular Ventures,High,Moderately Recoverable,58.81,13.6,2025-03-16
SEC-076-1,Surat EcoTex Dyeing Pvt Ltd,Surat,Gujarat,Textile Dyeing & Processing,Sludge,Polymer,13255.79,5.73,231.69,394.48,4505.25,532.09,5913.66,454.85,50.18,42.4,Low Contamination,97.67,79.87,34.26,52.78,3.6,67.38,73.69,93.61,256.65,75.33,11.63,437533.55,Eco Bricks,Emerging,GreenBuild Gujarat,High,Needs Advanced Treatment,59.67,21.1,2025-03-17
SEC-076-2,Surat EcoTex Dyeing Pvt Ltd,Surat,Gujarat,Textile Dyeing & Processing,Sludge,Polymer,8566.42,7.56,382.07,221.36,5872.67,603.72,731.74,72.77,4.6,36.28,Color Pigments,65.32,60.37,44.19,29.08,2.75,81.61,11.3,47.92,389.5,50.88,51.43,3806114.31,Eco Packaging Sheets,High,Reliance Circular Ventures,Medium,Needs Advanced Treatment,47.75,28.6,2025-03-17
SEC-076-3,Surat EcoTex Dyeing Pvt Ltd,Surat,Gujarat,Textile Dyeing & Processing,Printing Dye Sludge,Textile,3552.42,8.4,712.49,307.84,3010.46,142.69,6637.05,323.55,62.55,54.81,Chromium,75.33,74.01,60.75,39.19,8.0,83.18,11.07,80.55,390.02,58.3,47.14,1340293.86,Thermal Insulation Boards,High,Reliance Circular Ventures,Low,Highly Recoverable,90.97,12.0,2025-03-17
SEC-076-4,Surat EcoTex Dyeing Pvt Ltd,Surat,Gujarat,Textile Dyeing & Processing,Printing Dye Sludge,Textile,13716.7,6.43,397.78,120.18,7888.66,435.41,4707.74,28.34,46.78,51.96,Heavy Metals,62.58,67.31,39.17,56.67,3.34,85.86,21.9,37.19,5.46,90.91,20.21,465037.63,Compressed Construction Blocks,Emerging,EcoPack India,High,Moderately Recoverable,74.05,5.1,2025-03-17
SEC-076-5,Surat EcoTex Dyeing Pvt Ltd,Surat,Gujarat,Textile Dyeing & Processing,Textile Dye Waste,Polymer,8703.21,7.12,314.54,615.14,3639.85,177.43,3897.97,386.8,67.3,32.61,Oil Residue,71.31,77.94,60.0,46.26,2.84,57.63,49.5,49.64,17.66,53.26,32.63,2924265.71,Compressed Construction Blocks,Very High,GreenBuild Gujarat,Medium,Moderately Recoverable,73.71,14.9,2025-03-17
SEC-077-1,Surat EcoTex Dyeing Pvt Ltd,Surat,Gujarat,Textile Dyeing & Processing,Printing Dye Sludge,Polymer,3128.15,7.84,257.2,471.39,1505.03,495.1,2253.23,503.42,66.17,46.31,Low Contamination,93.25,99.5,39.04,15.06,6.02,77.16,33.21,34.57,168.89,41.53,29.8,4096733.25,Acoustic Insulation Panels,High,JSW Green Materials,High,Highly Recoverable,44.41,8.8,2025-03-18
SEC-077-2,Surat EcoTex Dyeing Pvt Ltd,Surat,Gujarat,Textile Dyeing & Processing,Chemical Effluent,Chemical,8501.44,5.94,245.47,366.32,3669.26,552.61,1592.04,40.93,15.43,51.92,Heavy Metals,43.6,40.01,91.86,14.9,4.5,71.43,51.55,54.68,202.32,28.94,48.28,3239968.02,Thermal Insulation Boards,Emerging,Reliance Circular Ventures,High,Needs Advanced Treatment,40.82,19.4,2025-03-18
SEC-077-3,Surat EcoTex Dyeing Pvt Ltd,Surat,Gujarat,Textile Dyeing & Processing,Printing Dye Sludge,Textile,11039.15,7.51,1213.61,258.64,2579.12,243.48,5654.04,172.72,61.96,31.74,Low Contamination,57.82,57.09,84.68,33.2,6.36,62.81,67.06,90.53,204.72,61.55,27.46,3580456.9,Eco Packaging Sheets,Very High,GreenBuild Gujarat,Medium,Needs Advanced Treatment,90.86,4.1,2025-03-18
SEC-077-4,Surat EcoTex Dyeing Pvt Ltd,Surat,Gujarat,Textile Dyeing & Processing,Fabric Fiber Residue,Polymer,8025.78,7.57,782.81,127.71,790.98,162.65,1227.48,175.59,42.84,41.08,Chromium,52.1,43.87,88.47,54.58,3.59,57.02,13.24,79.57,157.13,75.65,58.8,1076078.34,Acoustic Insulation Panels,Emerging,GreenBuild Gujarat,High,Moderately Recoverable,80.45,19.4,2025-03-18
SEC-078-1,Surat EcoTex Dyeing Pvt Ltd,Surat,Gujarat,Textile Dyeing & Processing,Sludge,Chemical,4132.34,5.81,736.66,607.73,762.36,542.16,1671.81,32.22,8.77,53.16,Color Pigments,72.47,74.92,41.44,32.7,8.39,83.97,63.67,76.51,439.05,16.24,37.12,2099868.41,Acoustic Insulation Panels,High,UltraTech EcoBuild,High,Highly Recoverable,63.12,18.1,2025-03-19
SEC-078-2,Surat EcoTex Dyeing Pvt Ltd,Surat,Gujarat,Textile Dyeing & Processing,Printing Dye Sludge,Polymer,4723.81,8.23,563.26,194.35,5309.37,630.44,6097.88,433.01,18.98,42.3,Low Contamination,88.68,83.05,69.62,52.38,8.75,70.25,44.65,69.74,170.02,46.86,36.33,4411447.16,Thermal Insulation Boards,Medium,EcoPack India,Medium,Needs Advanced Treatment,95.65,17.7,2025-03-19
SEC-078-3,Surat EcoTex Dyeing Pvt Ltd,Surat,Gujarat,Textile Dyeing & Processing,Fabric Fiber Residue,Polymer,5239.46,8.25,429.77,215.85,1846.81,463.39,972.48,22.25,62.97,24.38,Heavy Metals,58.09,58.92,91.74,30.3,3.3,83.86,22.36,96.35,198.42,55.4,31.85,673389.64,Acoustic Insulation Panels,Medium,UltraTech EcoBuild,Medium,Highly Recoverable,71.42,12.2,2025-03-19
SEC-079-1,Surat EcoTex Dyeing Pvt Ltd,Surat,Gujarat,Textile Dyeing & Processing,Fabric Fiber Residue,Textile,4950.91,7.69,540.32,645.2,7690.61,112.76,2019.78,358.17,45.34,35.14,Oil Residue,69.28,58.69,62.18,62.27,3.18,59.48,73.04,76.54,16.11,42.6,44.51,4158276.54,Compressed Construction Blocks,High,UltraTech EcoBuild,Low,Low Recovery Potential,67.5,23.2,2025-03-20
SEC-079-2,Surat EcoTex Dyeing Pvt Ltd,Surat,Gujarat,Textile Dyeing & Processing,Textile Dye Waste,Textile,14557.59,8.06,666.14,321.58,8515.1,210.04,1953.52,80.47,52.55,49.58,Chromium,68.22,63.12,45.11,27.73,2.7,55.75,66.76,36.67,61.88,72.28,51.43,691836.77,Acoustic Insulation Panels,High,EcoPack India,Low,Needs Advanced Treatment,89.56,13.4,2025-03-20
SEC-080-1,Surat EcoTex Dyeing Pvt Ltd,Surat,Gujarat,Textile Dyeing & Processing,Fabric Fiber Residue,Mixed,5311.99,7.18,394.48,459.95,8614.81,231.9,1253.98,590.16,50.3,53.04,Chromium,75.14,83.1,32.94,36.37,7.99,61.0,24.57,77.27,435.83,15.35,9.76,265651.94,Eco Bricks,High,EcoPack India,High,Highly Recoverable,53.39,23.6,2025-03-21
SEC-080-2,Surat EcoTex Dyeing Pvt Ltd,Surat,Gujarat,Textile Dyeing & Processing,Printing Dye Sludge,Textile,7510.2,6.73,1080.38,299.17,2199.98,343.58,878.46,585.01,45.66,26.43,Chromium,51.67,48.38,72.28,42.13,4.46,75.87,42.49,46.86,343.81,54.99,15.32,1812025.7,Industrial Pigments,Medium,UltraTech EcoBuild,High,Moderately Recoverable,44.96,19.9,2025-03-21
SEC-081-1,Surat EcoTex Dyeing Pvt Ltd,Surat,Gujarat,Textile Dyeing & Processing,Sludge,Textile,10049.51,8.18,1000.45,338.38,2256.25,317.34,3910.16,587.73,5.21,40.53,Color Pigments,57.19,59.18,88.18,51.45,4.47,64.15,53.18,97.99,417.08,96.09,22.78,1256560.04,Acoustic Insulation Panels,Very High,UltraTech EcoBuild,Medium,Highly Recoverable,82.08,27.6,2025-03-22
SEC-081-2,Surat EcoTex Dyeing Pvt Ltd,Surat,Gujarat,Textile Dyeing & Processing,Fabric Fiber Residue,Textile,6408.29,8.68,419.25,48.43,2131.34,261.79,3726.56,427.33,25.66,27.35,Color Pigments,54.15,48.85,43.5,52.77,5.17,46.35,36.19,79.14,8.8,28.16,32.39,659333.52,Eco Packaging Sheets,High,GreenBuild Gujarat,High,Highly Recoverable,68.32,8.5,2025-03-22
SEC-081-3,Surat EcoTex Dyeing Pvt Ltd,Surat,Gujarat,Textile Dyeing & Processing,Fabric Fiber Residue,Textile,1784.85,7.91,957.46,40.62,7556.95,466.79,8158.43,114.15,40.17,46.46,Color Pigments,43.33,46.03,57.98,62.07,1.26,96.65,43.17,88.69,353.09,22.76,34.46,4020003.23,Compressed Construction Blocks,Very High,GreenBuild Gujarat,Medium,Moderately Recoverable,55.62,26.8,2025-03-22
SEC-081-4,Surat EcoTex Dyeing Pvt Ltd,Surat,Gujarat,Textile Dyeing & Processing,Chemical Effluent,Mixed,14514.57,5.68,961.32,240.03,2030.72,487.36,6362.23,125.96,41.3,54.97,Heavy Metals,79.98,66.87,74.12,55.23,6.76,77.52,10.79,94.66,332.97,17.82,9.88,1010922.4,Eco Packaging Sheets,Emerging,EcoPack India,High,Low Recovery Potential,97.46,17.9,2025-03-22
SEC-081-5,Surat EcoTex Dyeing Pvt Ltd,Surat,Gujarat,Textile Dyeing & Processing,Fabric Fiber Residue,Textile,12977.32,6.84,996.19,409.2,3310.8,571.0,4855.44,200.11,43.92,37.99,Low Contamination,77.57,73.61,37.73,44.35,1.21,96.75,10.54,92.31,85.57,37.64,44.06,616964.62,Eco Bricks,Very High,Reliance Circular Ventures,Low,Moderately Recoverable,56.78,10.8,2025-03-22
SEC-082-1,Surat EcoTex Dyeing Pvt Ltd,Surat,Gujarat,Textile Dyeing & Processing,Fabric Fiber Residue,Polymer,9127.06,5.86,342.23,519.24,4413.78,38.57,711.69,593.63,37.75,26.36,Heavy Metals,44.13,35.43,25.23,64.09,4.55,61.16,31.71,73.58,58.58,75.53,40.04,912657.49,Eco Packaging Sheets,Very High,EcoPack India,High,Moderately Recoverable,62.68,15.8,2025-03-23
SEC-082-2,Surat EcoTex Dyeing Pvt Ltd,Surat,Gujarat,Textile Dyeing & Processing,Textile Dye Waste,Textile,14766.45,5.57,891.29,588.86,7000.46,591.07,831.73,270.06,36.15,38.02,Color Pigments,79.06,78.31,70.9,56.4,7.93,55.96,49.09,50.69,355.53,22.16,22.51,1943220.9,Acoustic Insulation Panels,Very High,Reliance Circular Ventures,High,Highly Recoverable,39.95,15.6,2025-03-23
SEC-082-3,Surat EcoTex Dyeing Pvt Ltd,Surat,Gujarat,Textile Dyeing & Processing,Printing Dye Sludge,Mixed,6291.67,7.47,478.97,313.23,2856.22,296.91,3681.03,295.88,45.01,42.23,Heavy Metals,62.6,62.71,68.48,17.68,3.44,56.56,18.79,53.83,315.87,72.09,44.26,3154648.11,Industrial Pigments,High,GreenBuild Gujarat,Medium,Needs Advanced Treatment,48.31,18.8,2025-03-23
SEC-082-4,Surat EcoTex Dyeing Pvt Ltd,Surat,Gujarat,Textile Dyeing & Processing,Printing Dye Sludge,Polymer,6635.76,5.27,434.9,236.15,5699.48,92.58,646.19,554.31,31.91,40.65,Chromium,60.37,66.17,93.98,12.21,2.2,61.14,49.73,87.17,135.68,63.15,33.85,2199087.39,Eco Bricks,Medium,EcoPack India,Medium,Highly Recoverable,55.31,19.7,2025-03-23
SEC-082-5,Surat EcoTex Dyeing Pvt Ltd,Surat,Gujarat,Textile Dyeing & Processing,Textile Dye Waste,Polymer,10526.29,7.14,966.58,224.78,3570.44,70.66,5120.5,466.42,44.59,51.23,Organic Contaminants,82.41,68.41,69.81,49.86,6.37,70.74,28.0,31.24,43.86,56.6,27.16,3767153.76,Compressed Construction Blocks,High,GreenBuild Gujarat,High,Needs Advanced Treatment,52.1,7.4,2025-03-23
SEC-083-1,Surat EcoTex Dyeing Pvt Ltd,Surat,Gujarat,Textile Dyeing & Processing,Textile Dye Waste,Chemical,11721.21,8.17,580.87,467.67,5174.73,134.55,2774.7,166.65,4.06,57.15,Oil Residue,90.9,77.71,62.13,26.7,7.45,64.97,22.12,97.96,171.45,60.32,49.65,1543360.12,Eco Bricks,High,EcoPack India,Medium,Highly Recoverable,41.1,15.9,2025-03-24
SEC-083-2,Surat EcoTex Dyeing Pvt Ltd,Surat,Gujarat,Textile Dyeing & Processing,Textile Dye Waste,Textile,2750.05,5.22,1205.73,604.3,2177.93,448.16,2403.49,332.39,51.5,50.3,Low Contamination,67.1,58.18,50.73,42.53,9.76,84.07,49.38,31.72,67.2,80.79,62.89,312554.69,Industrial Pigments,Emerging,UltraTech EcoBuild,Medium,Needs Advanced Treatment,96.62,7.4,2025-03-24
SEC-083-3,Surat EcoTex Dyeing Pvt Ltd,Surat,Gujarat,Textile Dyeing & Processing,Fabric Fiber Residue,Chemical,11066.04,8.39,926.13,401.6,4367.27,69.44,5681.32,62.83,32.31,35.31,Color Pigments,72.16,77.51,30.27,24.87,7.18,46.37,46.89,78.01,72.3,74.83,28.92,2589759.13,Compressed Construction Blocks,Emerging,EcoPack India,Medium,Needs Advanced Treatment,78.69,22.8,2025-03-24
SEC-084-1,Surat EcoTex Dyeing Pvt Ltd,Surat,Gujarat,Textile Dyeing & Processing,Printing Dye Sludge,Mixed,11294.13,8.34,779.7,364.96,1548.56,607.63,8024.68,259.61,32.4,44.0,Oil Residue,69.12,70.52,79.25,45.02,1.01,52.47,39.25,42.13,405.64,85.14,48.31,2900547.81,Industrial Pigments,Emerging,JSW Green Materials,Medium,Highly Recoverable,90.01,29.1,2025-03-25
SEC-084-2,Surat EcoTex Dyeing Pvt Ltd,Surat,Gujarat,Textile Dyeing & Processing,Sludge,Mixed,7296.01,5.6,1332.48,156.6,2641.65,164.4,6636.77,143.69,41.32,32.1,Oil Residue,62.25,63.23,82.43,26.08,1.89,90.07,39.36,58.94,242.38,75.11,27.02,1427701.06,Eco Bricks,High,Reliance Circular Ventures,Low,Low Recovery Potential,97.8,14.4,2025-03-25
SEC-084-3,Surat EcoTex Dyeing Pvt Ltd,Surat,Gujarat,Textile Dyeing & Processing,Sludge,Polymer,11460.54,7.01,850.53,622.27,5379.4,95.31,3107.07,200.92,48.69,30.26,Low Contamination,85.45,70.83,31.6,55.79,8.6,70.19,29.01,59.34,365.33,49.56,61.07,3893671.88,Eco Packaging Sheets,Medium,UltraTech EcoBuild,High,Low Recovery Potential,79.44,16.8,2025-03-25
SEC-085-1,Surat EcoTex Dyeing Pvt Ltd,Surat,Gujarat,Textile Dyeing & Processing,Textile Dye Waste,Textile,7374.51,6.35,995.87,279.55,8078.82,426.37,4668.28,383.46,28.16,50.85,Oil Residue,48.39,43.78,94.41,54.18,8.61,57.15,59.36,82.77,221.18,47.91,53.75,4017748.94,Eco Packaging Sheets,Emerging,Reliance Circular Ventures,Medium,Low Recovery Potential,63.07,15.6,2025-03-26
SEC-085-2,Surat EcoTex Dyeing Pvt Ltd,Surat,Gujarat,Textile Dyeing & Processing,Chemical Effluent,Textile,4131.13,5.86,578.45,415.05,6509.9,120.02,7745.85,505.21,4.58,48.6,Heavy Metals,65.44,55.74,46.98,19.63,6.4,96.59,70.17,47.85,448.89,95.47,44.66,83649.67,Industrial Pigments,Medium,EcoPack India,Low,Needs Advanced Treatment,64.07,5.3,2025-03-26
SEC-085-3,Surat EcoTex Dyeing Pvt Ltd,Surat,Gujarat,Textile Dyeing & Processing,Chemical Effluent,Mixed,13210.66,6.44,587.97,172.56,1131.8,200.32,2971.18,127.26,42.34,47.95,Chromium,44.4,37.34,27.88,60.14,7.94,96.44,22.79,64.91,390.78,16.41,52.61,3229957.94,Eco Packaging Sheets,Medium,UltraTech EcoBuild,Low,Moderately Recoverable,46.32,4.4,2025-03-26
SEC-086-1,Surat EcoTex Dyeing Pvt Ltd,Surat,Gujarat,Textile Dyeing & Processing,Chemical Effluent,Polymer,13372.88,8.16,667.06,158.19,6338.21,262.4,762.57,311.57,35.66,31.7,Organic Contaminants,73.5,67.37,64.19,48.43,1.24,50.58,64.27,70.51,322.82,43.75,23.08,1762298.49,Industrial Pigments,Very High,JSW Green Materials,Low,Low Recovery Potential,67.36,16.2,2025-03-27
SEC-086-2,Surat EcoTex Dyeing Pvt Ltd,Surat,Gujarat,Textile Dyeing & Processing,Fabric Fiber Residue,Chemical,10680.39,7.15,469.93,221.39,7562.55,174.74,7320.73,391.73,22.71,24.23,Low Contamination,84.17,83.35,46.14,14.68,9.08,54.97,72.1,45.59,427.36,80.85,41.43,3807159.36,Industrial Pigments,Very High,UltraTech EcoBuild,Low,Needs Advanced Treatment,62.68,22.3,2025-03-27
SEC-086-3,Surat EcoTex Dyeing Pvt Ltd,Surat,Gujarat,Textile Dyeing & Processing,Chemical Effluent,Textile,14864.62,6.08,284.61,176.74,8580.34,531.18,7063.82,486.73,7.17,31.5,Heavy Metals,71.32,66.15,32.36,22.2,9.05,72.38,55.97,68.31,25.74,35.47,36.66,1212662.89,Industrial Pigments,Emerging,JSW Green Materials,High,Low Recovery Potential,68.17,10.2,2025-03-27
SEC-086-4,Surat EcoTex Dyeing Pvt Ltd,Surat,Gujarat,Textile Dyeing & Processing,Printing Dye Sludge,Textile,12283.51,8.27,1287.74,568.11,2032.85,497.59,2773.94,88.42,5.05,31.4,Color Pigments,66.31,62.58,36.7,14.3,6.8,94.97,28.74,38.68,59.86,47.29,22.6,3866641.95,Eco Bricks,Very High,JSW Green Materials,Medium,Low Recovery Potential,91.03,4.2,2025-03-27
SEC-087-1,Surat EcoTex Dyeing Pvt Ltd,Surat,Gujarat,Textile Dyeing & Processing,Textile Dye Waste,Textile,8545.25,5.69,757.8,595.95,4116.12,507.98,5453.88,287.0,51.26,40.31,Oil Residue,87.58,95.14,72.61,59.74,4.98,51.78,37.39,64.35,19.64,86.78,55.62,2497641.39,Industrial Pigments,Medium,UltraTech EcoBuild,High,Low Recovery Potential,89.89,11.3,2025-03-28
SEC-087-2,Surat EcoTex Dyeing Pvt Ltd,Surat,Gujarat,Textile Dyeing & Processing,Chemical Effluent,Mixed,9712.33,5.49,923.76,563.69,2209.77,253.9,5775.14,484.82,25.31,51.98,Low Contamination,74.59,71.7,62.33,57.93,8.17,68.59,59.11,71.58,106.62,86.56,14.89,4323928.89,Acoustic Insulation Panels,Medium,EcoPack India,High,Low Recovery Potential,69.93,12.2,2025-03-28
SEC-088-1,Surat EcoTex Dyeing Pvt Ltd,Surat,Gujarat,Textile Dyeing & Processing,Printing Dye Sludge,Mixed,3524.16,6.73,595.91,114.77,3424.98,501.64,7057.77,109.0,63.38,47.81,Oil Residue,83.44,77.12,71.64,43.88,7.13,69.68,60.25,35.64,87.73,80.04,14.47,4150557.27,Eco Bricks,High,UltraTech EcoBuild,Medium,Low Recovery Potential,83.36,20.4,2025-03-29
SEC-088-2,Surat EcoTex Dyeing Pvt Ltd,Surat,Gujarat,Textile Dyeing & Processing,Printing Dye Sludge,Polymer,9970.6,5.26,461.41,85.39,3938.22,454.51,8036.44,184.31,57.29,25.25,Organic Contaminants,56.16,53.21,51.04,54.9,7.52,55.8,50.88,30.09,369.35,83.32,42.28,3978325.24,Eco Packaging Sheets,Medium,Reliance Circular Ventures,High,Moderately Recoverable,52.69,8.4,2025-03-29
SEC-089-1,Surat EcoTex Dyeing Pvt Ltd,Surat,Gujarat,Textile Dyeing & Processing,Sludge,Textile,13718.05,5.62,527.03,629.91,6328.54,412.12,3860.27,438.06,42.67,54.64,Low Contamination,75.68,68.65,39.62,56.56,6.27,64.67,61.32,60.17,425.15,25.26,50.02,3390564.44,Thermal Insulation Boards,Medium,GreenBuild Gujarat,High,Highly Recoverable,50.7,29.4,2025-03-30
SEC-089-2,Surat EcoTex Dyeing Pvt Ltd,Surat,Gujarat,Textile Dyeing & Processing,Printing Dye Sludge,Chemical,14700.5,6.92,923.26,608.81,4449.94,287.49,7211.12,479.8,22.48,27.2,Heavy Metals,50.6,56.51,77.05,28.35,4.67,81.82,31.78,95.22,431.51,56.03,13.11,3855940.58,Eco Bricks,Emerging,UltraTech EcoBuild,High,Low Recovery Potential,80.7,20.7,2025-03-30
SEC-090-1,Surat EcoTex Dyeing Pvt Ltd,Surat,Gujarat,Textile Dyeing & Processing,Chemical Effluent,Mixed,1372.62,6.78,897.97,359.42,6750.1,119.13,905.51,151.33,26.83,50.01,Chromium,42.33,34.58,60.64,61.8,1.8,96.48,22.66,60.62,54.86,96.25,51.7,2521206.86,Eco Packaging Sheets,Very High,JSW Green Materials,Medium,Highly Recoverable,40.65,15.2,2025-03-31
SEC-090-2,Surat EcoTex Dyeing Pvt Ltd,Surat,Gujarat,Textile Dyeing & Processing,Chemical Effluent,Textile,2809.4,6.87,255.29,658.83,1317.56,638.92,4941.0,325.32,59.46,24.52,Color Pigments,84.19,69.19,55.5,56.32,3.35,52.89,28.98,48.67,24.46,41.76,64.45,4138065.24,Compressed Construction Blocks,High,GreenBuild Gujarat,Medium,Highly Recoverable,54.05,14.9,2025-03-31
SEC-090-3,Surat EcoTex Dyeing Pvt Ltd,Surat,Gujarat,Textile Dyeing & Processing,Printing Dye Sludge,Mixed,11714.39,6.3,1097.03,121.15,6999.03,471.64,5983.64,560.34,28.72,26.86,Organic Contaminants,57.34,61.62,65.56,39.42,5.73,85.2,76.52,43.96,422.09,79.0,11.3,4357986.01,Industrial Pigments,High,EcoPack India,High,Moderately Recoverable,46.73,24.4,2025-03-31
SEC-090-4,Surat EcoTex Dyeing Pvt Ltd,Surat,Gujarat,Textile Dyeing & Processing,Chemical Effluent,Textile,705.2,8.09,1084.1,336.43,3302.42,548.77,558.36,197.25,24.45,24.9,Heavy Metals,80.26,86.86,65.21,60.22,5.19,50.81,16.28,92.6,330.01,20.42,34.12,3953031.74,Compressed Construction Blocks,High,EcoPack India,High,Highly Recoverable,55.06,14.0,2025-03-31
SEC-090-5,Surat EcoTex Dyeing Pvt Ltd,Surat,Gujarat,Textile Dyeing & Processing,Fabric Fiber Residue,Mixed,13234.74,8.57,389.35,220.66,5849.16,477.13,5107.87,84.79,18.12,32.87,Chromium,74.65,62.55,65.13,19.25,5.08,64.18,47.23,83.28,315.36,26.14,5.35,289279.22,Eco Packaging Sheets,High,UltraTech EcoBuild,Medium,Highly Recoverable,87.92,27.7,2025-03-31
SEC-091-1,Surat EcoTex Dyeing Pvt Ltd,Surat,Gujarat,Textile Dyeing & Processing,Fabric Fiber Residue,Textile,10532.6,8.66,690.44,128.74,2577.41,297.38,3409.91,597.9,63.43,25.76,Low Contamination,95.52,83.97,25.47,16.65,3.17,97.14,39.19,62.56,31.34,73.63,43.06,2055253.32,Compressed Construction Blocks,Very High,UltraTech EcoBuild,Medium,Low Recovery Potential,55.57,13.4,2025-04-01
SEC-091-2,Surat EcoTex Dyeing Pvt Ltd,Surat,Gujarat,Textile Dyeing & Processing,Textile Dye Waste,Polymer,5538.67,8.39,1111.33,176.83,591.95,526.17,5418.98,54.21,51.41,31.64,Chromium,89.15,88.56,66.1,64.69,2.65,61.18,21.81,86.54,336.18,42.73,44.71,4168134.99,Compressed Construction Blocks,Medium,Reliance Circular Ventures,Medium,Moderately Recoverable,80.75,22.4,2025-04-01
SEC-091-3,Surat EcoTex Dyeing Pvt Ltd,Surat,Gujarat,Textile Dyeing & Processing,Sludge,Chemical,14292.49,6.86,690.89,196.63,6308.22,218.39,3395.69,320.5,46.01,57.97,Oil Residue,40.7,42.5,37.82,61.99,1.51,55.36,50.1,97.02,34.41,37.28,32.6,2002239.88,Eco Packaging Sheets,High,EcoPack India,Low,Needs Advanced Treatment,78.5,20.0,2025-04-01
SEC-091-4,Surat EcoTex Dyeing Pvt Ltd,Surat,Gujarat,Textile Dyeing & Processing,Sludge,Polymer,7647.72,6.99,789.53,287.27,966.47,303.98,2764.39,78.7,66.18,50.64,Color Pigments,46.21,44.8,45.92,55.29,4.35,84.77,67.96,67.76,115.16,23.78,12.26,3513373.52,Industrial Pigments,Very High,GreenBuild Gujarat,Low,Moderately Recoverable,83.04,18.3,2025-04-01
SEC-091-5,Surat EcoTex Dyeing Pvt Ltd,Surat,Gujarat,Textile Dyeing & Processing,Fabric Fiber Residue,Mixed,13486.07,6.11,668.33,604.31,7792.46,314.57,8357.07,384.46,69.95,57.03,Chromium,68.88,69.49,85.89,16.73,2.5,95.84,22.54,96.98,81.57,56.14,24.84,3348044.73,Industrial Pigments,Very High,EcoPack India,Low,Needs Advanced Treatment,88.18,16.7,2025-04-01
SEC-092-1,Surat EcoTex Dyeing Pvt Ltd,Surat,Gujarat,Textile Dyeing & Processing,Chemical Effluent,Mixed,6998.93,6.29,935.02,404.15,1614.82,163.68,4609.37,480.67,18.3,32.3,Oil Residue,80.23,79.74,37.78,27.13,5.06,80.49,36.22,44.72,392.17,65.36,32.34,3388925.03,Compressed Construction Blocks,Medium,EcoPack India,Medium,Highly Recoverable,60.43,29.8,2025-04-02
SEC-092-2,Surat EcoTex Dyeing Pvt Ltd,Surat,Gujarat,Textile Dyeing & Processing,Chemical Effluent,Mixed,8655.46,5.54,321.85,110.97,5667.4,417.77,6566.44,331.44,52.81,44.18,Chromium,46.7,51.28,53.32,57.66,4.16,54.45,28.11,38.81,338.98,83.76,17.33,3073290.42,Industrial Pigments,High,Reliance Circular Ventures,Medium,Highly Recoverable,40.89,5.9,2025-04-02
SEC-093-1,Surat EcoTex Dyeing Pvt Ltd,Surat,Gujarat,Textile Dyeing & Processing,Chemical Effluent,Mixed,13126.12,5.35,349.97,241.33,8337.77,364.44,5292.74,391.69,36.59,41.15,Color Pigments,44.95,49.3,55.98,35.74,6.07,61.73,67.42,66.53,192.96,30.12,14.35,2892775.36,Eco Packaging Sheets,High,EcoPack India,Low,Moderately Recoverable,69.54,12.8,2025-04-03
SEC-093-2,Surat EcoTex Dyeing Pvt Ltd,Surat,Gujarat,Textile Dyeing & Processing,Chemical Effluent,Chemical,6018.77,8.07,256.45,75.01,699.28,416.23,6402.52,517.54,50.43,48.8,Organic Contaminants,86.35,92.63,33.36,33.35,3.35,58.6,24.4,60.84,68.91,56.05,6.52,4022046.32,Thermal Insulation Boards,Very High,EcoPack India,High,Low Recovery Potential,67.32,22.8,2025-04-03
SEC-093-3,Surat EcoTex Dyeing Pvt Ltd,Surat,Gujarat,Textile Dyeing & Processing,Sludge,Textile,14974.52,7.22,1187.08,666.54,8454.38,270.22,2469.42,156.38,61.26,32.93,Chromium,48.76,48.63,68.93,59.06,4.87,66.88,23.08,76.69,104.49,37.5,25.0,1551078.99,Eco Packaging Sheets,Medium,JSW Green Materials,High,Low Recovery Potential,82.4,12.3,2025-04-03
SEC-094-1,Surat EcoTex Dyeing Pvt Ltd,Surat,Gujarat,Textile Dyeing & Processing,Printing Dye Sludge,Mixed,1472.45,6.34,191.06,34.58,6432.5,517.11,2840.83,470.41,46.86,42.97,Low Contamination,63.66,65.31,80.7,21.97,9.01,92.25,37.58,46.88,262.91,28.89,21.25,252240.52,Eco Packaging Sheets,Emerging,EcoPack India,High,Low Recovery Potential,40.96,27.4,2025-04-04
SEC-094-2,Surat EcoTex Dyeing Pvt Ltd,Surat,Gujarat,Textile Dyeing & Processing,Chemical Effluent,Textile,9551.57,7.56,962.86,143.42,1131.17,177.71,5301.08,277.77,6.65,49.28,Organic Contaminants,48.91,48.27,51.8,19.75,7.25,92.78,31.15,66.88,181.65,49.24,13.14,3558666.64,Acoustic Insulation Panels,Medium,GreenBuild Gujarat,Medium,Highly Recoverable,92.65,19.8,2025-04-04
SEC-094-3,Surat EcoTex Dyeing Pvt Ltd,Surat,Gujarat,Textile Dyeing & Processing,Chemical Effluent,Chemical,5252.81,7.04,1076.27,186.68,1570.01,323.46,7293.55,113.02,32.6,40.06,Organic Contaminants,61.05,52.34,58.14,32.22,1.35,96.9,37.22,84.92,140.06,16.91,15.59,1542547.96,Acoustic Insulation Panels,Medium,Reliance Circular Ventures,Low,Moderately Recoverable,68.21,20.1,2025-04-04
SEC-095-1,Surat EcoTex Dyeing Pvt Ltd,Surat,Gujarat,Textile Dyeing & Processing,Textile Dye Waste,Polymer,4861.18,5.61,276.16,413.63,3480.24,221.91,7611.73,426.64,64.46,35.54,Organic Contaminants,79.92,76.18,40.68,63.11,1.82,62.81,74.76,87.65,186.96,27.91,8.39,1663855.06,Eco Packaging Sheets,Emerging,JSW Green Materials,High,Needs Advanced Treatment,60.96,28.7,2025-04-05
SEC-095-2,Surat EcoTex Dyeing Pvt Ltd,Surat,Gujarat,Textile Dyeing & Processing,Sludge,Textile,1715.92,6.4,853.8,275.02,6523.23,579.63,5504.66,278.13,9.71,39.21,Oil Residue,67.52,56.78,56.01,38.85,4.53,69.39,18.76,52.09,131.98,36.99,56.9,1201732.89,Eco Packaging Sheets,Emerging,GreenBuild Gujarat,High,Needs Advanced Treatment,47.23,25.6,2025-04-05
SEC-096-1,Surat EcoTex Dyeing Pvt Ltd,Surat,Gujarat,Textile Dyeing & Processing,Printing Dye Sludge,Textile,12335.5,8.02,731.29,616.53,6872.62,277.78,2550.19,381.13,55.52,56.44,Color Pigments,70.91,78.35,25.23,63.06,9.39,54.93,26.18,31.23,317.96,63.15,54.25,4425161.22,Eco Bricks,Very High,UltraTech EcoBuild,Low,Low Recovery Potential,79.77,5.6,2025-04-06
SEC-096-2,Surat EcoTex Dyeing Pvt Ltd,Surat,Gujarat,Textile Dyeing & Processing,Printing Dye Sludge,Textile,10329.2,6.03,1137.9,119.11,3769.7,307.74,2448.21,199.2,66.26,52.42,Organic Contaminants,56.04,47.87,65.12,49.03,3.6,93.54,49.43,42.86,278.01,76.16,19.99,1787666.84,Acoustic Insulation Panels,Very High,GreenBuild Gujarat,High,Highly Recoverable,79.08,27.5,2025-04-06
SEC-096-3,Surat EcoTex Dyeing Pvt Ltd,Surat,Gujarat,Textile Dyeing & Processing,Textile Dye Waste,Chemical,4580.83,7.17,611.53,598.07,1706.54,317.19,4125.55,263.49,34.9,32.39,Organic Contaminants,66.65,59.4,79.52,12.48,6.47,83.81,74.42,98.1,71.14,31.84,23.24,3153516.9,Eco Packaging Sheets,Emerging,Reliance Circular Ventures,High,Low Recovery Potential,78.51,22.0,2025-04-06
SEC-096-4,Surat EcoTex Dyeing Pvt Ltd,Surat,Gujarat,Textile Dyeing & Processing,Sludge,Textile,7313.3,8.68,763.57,47.62,3651.48,110.75,3058.31,598.78,49.77,24.68,Low Contamination,85.07,69.05,65.49,43.14,5.7,66.92,44.17,39.22,316.4,83.72,25.51,2351447.5,Industrial Pigments,Very High,JSW Green Materials,Medium,Moderately Recoverable,92.81,15.3,2025-04-06
SEC-097-1,Surat EcoTex Dyeing Pvt Ltd,Surat,Gujarat,Textile Dyeing & Processing,Chemical Effluent,Chemical,9714.65,6.87,188.32,425.34,1829.23,522.58,6702.11,380.86,6.29,40.57,Color Pigments,69.04,69.78,69.66,21.55,6.58,46.34,63.7,74.1,205.75,23.54,29.96,3619852.94,Eco Bricks,High,JSW Green Materials,High,Highly Recoverable,73.01,24.3,2025-04-07
SEC-097-2,Surat EcoTex Dyeing Pvt Ltd,Surat,Gujarat,Textile Dyeing & Processing,Sludge,Mixed,592.2,6.4,700.3,581.16,2936.03,371.98,3467.23,60.54,61.97,41.49,Color Pigments,91.38,82.78,49.06,60.4,3.14,55.58,34.24,62.0,433.57,15.33,60.67,1658968.98,Acoustic Insulation Panels,Medium,UltraTech EcoBuild,Low,Highly Recoverable,97.54,24.3,2025-04-07
SEC-097-3,Surat EcoTex Dyeing Pvt Ltd,Surat,Gujarat,Textile Dyeing & Processing,Textile Dye Waste,Mixed,4294.68,5.25,1336.53,635.07,1465.76,53.39,950.04,252.17,44.17,46.24,Color Pigments,63.36,60.96,43.23,23.61,9.76,62.88,35.13,52.03,347.84,76.41,23.33,1836985.67,Industrial Pigments,Very High,GreenBuild Gujarat,Low,Needs Advanced Treatment,56.17,27.2,2025-04-07
SEC-098-1,Surat EcoTex Dyeing Pvt Ltd,Surat,Gujarat,Textile Dyeing & Processing,Sludge,Textile,4684.32,6.22,922.41,433.46,8894.93,398.71,1029.55,293.87,58.1,49.76,Low Contamination,68.25,65.63,45.35,48.0,1.73,55.78,26.31,81.65,314.42,32.83,63.47,3241281.19,Industrial Pigments,Medium,UltraTech EcoBuild,Medium,Highly Recoverable,36.47,10.0,2025-04-08
SEC-098-2,Surat EcoTex Dyeing Pvt Ltd,Surat,Gujarat,Textile Dyeing & Processing,Printing Dye Sludge,Chemical,8597.44,6.03,922.81,526.1,7663.62,382.01,5677.96,147.67,46.21,57.95,Chromium,61.13,58.81,89.77,14.04,8.23,90.82,13.54,66.18,31.58,46.02,15.36,3133101.03,Thermal Insulation Boards,Medium,GreenBuild Gujarat,High,Highly Recoverable,90.4,29.9,2025-04-08
SEC-098-3,Surat EcoTex Dyeing Pvt Ltd,Surat,Gujarat,Textile Dyeing & Processing,Textile Dye Waste,Mixed,13630.49,5.45,817.13,307.11,777.24,310.0,1555.07,247.1,42.58,36.14,Color Pigments,92.58,82.7,63.02,39.21,2.11,61.6,48.42,94.55,212.95,42.56,32.05,1174443.3,Eco Bricks,Emerging,UltraTech EcoBuild,High,Needs Advanced Treatment,35.22,22.8,2025-04-08
SEC-098-4,Surat EcoTex Dyeing Pvt Ltd,Surat,Gujarat,Textile Dyeing & Processing,Chemical Effluent,Mixed,14430.78,6.51,125.98,664.18,1156.11,211.69,3977.07,566.3,24.96,35.51,Low Contamination,72.35,64.81,57.31,24.87,3.02,73.32,36.69,34.63,76.92,43.68,15.59,2940993.28,Acoustic Insulation Panels,High,GreenBuild Gujarat,High,Highly Recoverable,84.75,19.1,2025-04-08
SEC-098-5,Surat EcoTex Dyeing Pvt Ltd,Surat,Gujarat,Textile Dyeing & Processing,Printing Dye Sludge,Chemical,10054.06,5.68,773.8,177.14,7368.91,613.96,6863.89,323.43,47.35,38.14,Oil Residue,60.24,55.84,47.72,24.95,1.93,77.3,12.11,46.61,14.97,40.1,64.05,4237520.41,Compressed Construction Blocks,High,UltraTech EcoBuild,High,Low Recovery Potential,47.65,29.4,2025-04-08
SEC-099-1,Surat EcoTex Dyeing Pvt Ltd,Surat,Gujarat,Textile Dyeing & Processing,Chemical Effluent,Textile,11380.44,8.3,892.77,83.41,3161.77,235.89,5451.39,234.22,48.99,54.9,Organic Contaminants,64.8,56.1,54.58,19.19,1.59,84.69,37.26,82.65,228.97,86.74,49.73,2062460.8,Industrial Pigments,Emerging,GreenBuild Gujarat,Medium,Moderately Recoverable,38.08,6.7,2025-04-09
SEC-099-2,Surat EcoTex Dyeing Pvt Ltd,Surat,Gujarat,Textile Dyeing & Processing,Fabric Fiber Residue,Textile,13180.8,5.88,1302.51,308.58,6815.67,307.01,1959.26,339.65,19.14,52.53,Chromium,65.59,60.49,94.06,40.47,1.37,58.86,14.47,85.02,233.17,23.31,11.83,4472423.76,Industrial Pigments,Medium,Reliance Circular Ventures,Low,Moderately Recoverable,64.57,11.2,2025-04-09
SEC-099-3,Surat EcoTex Dyeing Pvt Ltd,Surat,Gujarat,Textile Dyeing & Processing,Printing Dye Sludge,Mixed,11879.71,7.5,353.8,564.05,8958.57,563.12,5520.37,274.0,13.62,29.09,Heavy Metals,76.77,79.92,36.42,43.53,8.68,68.4,48.41,95.06,38.39,67.52,39.91,792037.46,Compressed Construction Blocks,Medium,JSW Green Materials,Medium,Highly Recoverable,89.19,11.0,2025-04-09
SEC-100-1,Surat EcoTex Dyeing Pvt Ltd,Surat,Gujarat,Textile Dyeing & Processing,Fabric Fiber Residue,Polymer,13767.12,7.62,1379.75,142.01,4297.62,453.0,732.47,47.03,16.29,50.93,Low Contamination,48.93,53.17,36.36,23.75,2.26,89.7,63.38,72.44,177.39,53.43,38.79,4458486.43,Acoustic Insulation Panels,Emerging,Reliance Circular Ventures,Low,Needs Advanced Treatment,52.2,9.0,2025-04-10
SEC-100-2,Surat EcoTex Dyeing Pvt Ltd,Surat,Gujarat,Textile Dyeing & Processing,Textile Dye Waste,Mixed,12792.26,5.66,1347.68,664.98,1297.63,356.68,4704.88,403.77,11.07,37.03,Organic Contaminants,46.24,47.49,36.61,48.62,6.05,94.81,47.98,92.11,131.33,79.14,35.09,2146512.5,Eco Bricks,Medium,EcoPack India,High,Highly Recoverable,56.43,24.6,2025-04-10
SEC-101-1,Surat EcoTex Dyeing Pvt Ltd,Surat,Gujarat,Textile Dyeing & Processing,Chemical Effluent,Textile,13257.29,7.48,764.87,594.55,2666.55,303.1,1583.07,405.2,38.99,53.94,Chromium,68.76,60.56,89.15,61.01,3.91,61.83,62.42,43.1,31.96,21.09,49.72,3588198.92,Eco Packaging Sheets,Emerging,JSW Green Materials,Low,Highly Recoverable,72.13,29.8,2025-04-11
SEC-101-2,Surat EcoTex Dyeing Pvt Ltd,Surat,Gujarat,Textile Dyeing & Processing,Fabric Fiber Residue,Polymer,6316.35,6.93,370.22,131.56,4195.06,70.41,4500.83,98.96,18.14,56.13,Heavy Metals,47.06,39.54,79.47,24.94,2.9,66.73,67.81,84.99,386.01,72.62,17.65,1482585.53,Compressed Construction Blocks,Very High,EcoPack India,Medium,Highly Recoverable,95.05,11.4,2025-04-11
SEC-101-3,Surat EcoTex Dyeing Pvt Ltd,Surat,Gujarat,Textile Dyeing & Processing,Fabric Fiber Residue,Chemical,6087.98,5.21,261.35,434.55,3839.34,363.47,1097.53,213.87,21.44,39.79,Color Pigments,67.63,67.3,58.75,28.42,9.84,53.62,34.58,37.24,372.82,72.42,45.64,3889797.98,Thermal Insulation Boards,High,GreenBuild Gujarat,Low,Needs Advanced Treatment,61.84,24.3,2025-04-11
SEC-101-4,Surat EcoTex Dyeing Pvt Ltd,Surat,Gujarat,Textile Dyeing & Processing,Chemical Effluent,Chemical,12703.89,8.67,1219.75,387.36,8709.02,492.39,4339.8,588.39,69.05,28.67,Color Pigments,47.16,39.13,42.99,30.0,6.77,69.28,40.95,74.81,124.64,54.05,57.48,3038306.25,Industrial Pigments,High,JSW Green Materials,High,Needs Advanced Treatment,46.79,9.9,2025-04-11
SEC-102-1,Surat EcoTex Dyeing Pvt Ltd,Surat,Gujarat,Textile Dyeing & Processing,Chemical Effluent,Mixed,12899.7,6.35,428.35,689.38,7713.2,153.16,6184.17,376.61,2.55,55.83,Color Pigments,83.36,73.79,31.87,19.64,2.24,95.8,59.22,66.93,356.93,74.62,18.66,1147635.08,Compressed Construction Blocks,Very High,EcoPack India,Low,Needs Advanced Treatment,70.12,4.5,2025-04-12
SEC-102-2,Surat EcoTex Dyeing Pvt Ltd,Surat,Gujarat,Textile Dyeing & Processing,Sludge,Polymer,8636.78,5.85,228.6,491.72,3798.32,540.99,7769.64,593.18,65.28,54.41,Heavy Metals,85.81,70.3,32.31,20.64,5.68,65.91,52.04,47.04,238.09,23.72,52.01,3480673.53,Eco Bricks,Very High,Reliance Circular Ventures,Medium,Needs Advanced Treatment,79.92,16.9,2025-04-12
SEC-103-1,Surat EcoTex Dyeing Pvt Ltd,Surat,Gujarat,Textile Dyeing & Processing,Fabric Fiber Residue,Chemical,6472.63,6.56,826.59,144.63,5152.49,412.57,4474.22,443.41,56.66,45.71,Color Pigments,84.06,69.33,50.07,60.17,6.97,87.54,11.77,87.63,209.36,83.8,53.57,2463419.36,Industrial Pigments,Emerging,Reliance Circular Ventures,Low,Needs Advanced Treatment,92.3,8.1,2025-04-13
SEC-103-2,Surat EcoTex Dyeing Pvt Ltd,Surat,Gujarat,Textile Dyeing & Processing,Chemical Effluent,Polymer,1781.47,5.92,1293.75,313.0,1915.17,222.6,7601.26,348.24,21.18,41.53,Organic Contaminants,54.08,51.0,89.35,43.98,5.43,89.41,54.91,38.71,77.79,49.59,54.85,1006182.92,Compressed Construction Blocks,High,JSW Green Materials,Low,Moderately Recoverable,48.44,10.7,2025-04-13
SEC-104-1,Surat EcoTex Dyeing Pvt Ltd,Surat,Gujarat,Textile Dyeing & Processing,Printing Dye Sludge,Polymer,6268.65,5.95,656.01,670.55,2953.54,593.19,7198.62,295.57,41.0,34.3,Heavy Metals,88.72,92.7,86.81,10.73,8.05,92.79,22.14,76.05,116.4,53.64,11.09,2746354.41,Compressed Construction Blocks,Very High,JSW Green Materials,Medium,Highly Recoverable,61.39,17.8,2025-04-14
SEC-104-2,Surat EcoTex Dyeing Pvt Ltd,Surat,Gujarat,Textile Dyeing & Processing,Printing Dye Sludge,Chemical,13539.7,8.54,580.44,458.57,2991.95,27.56,5713.84,493.27,43.09,52.76,Chromium,71.41,60.63,48.67,61.35,3.12,51.21,43.46,73.48,304.34,55.59,38.63,3616541.1,Eco Packaging Sheets,Very High,Reliance Circular Ventures,High,Needs Advanced Treatment,55.77,12.9,2025-04-14
SEC-104-3,Surat EcoTex Dyeing Pvt Ltd,Surat,Gujarat,Textile Dyeing & Processing,Printing Dye Sludge,Textile,1247.11,7.12,249.28,686.98,1907.28,333.03,8203.99,520.12,14.97,31.86,Chromium,73.21,70.13,60.05,32.0,3.44,89.54,29.93,49.0,44.2,96.73,19.66,2108877.3,Compressed Construction Blocks,Very High,EcoPack India,Medium,Highly Recoverable,59.17,16.1,2025-04-14
SEC-104-4,Surat EcoTex Dyeing Pvt Ltd,Surat,Gujarat,Textile Dyeing & Processing,Fabric Fiber Residue,Mixed,1897.14,6.12,1309.92,606.46,753.18,440.52,7300.96,567.43,23.25,49.09,Heavy Metals,76.59,83.95,60.59,57.85,5.04,67.11,16.1,97.31,384.64,53.88,60.42,99473.13,Industrial Pigments,Emerging,UltraTech EcoBuild,High,Moderately Recoverable,60.28,27.3,2025-04-14
SEC-105-1,Surat EcoTex Dyeing Pvt Ltd,Surat,Gujarat,Textile Dyeing & Processing,Textile Dye Waste,Polymer,3673.6,8.18,730.22,245.11,8615.61,23.68,3871.02,495.5,20.19,57.73,Low Contamination,92.08,96.37,93.37,14.96,6.25,74.95,53.11,55.77,23.24,70.53,43.66,3559622.27,Compressed Construction Blocks,Emerging,GreenBuild Gujarat,Low,Low Recovery Potential,81.84,4.8,2025-04-15
SEC-105-2,Surat EcoTex Dyeing Pvt Ltd,Surat,Gujarat,Textile Dyeing & Processing,Textile Dye Waste,Polymer,12103.3,8.3,1101.42,466.58,3959.9,194.64,5988.02,330.81,39.52,40.88,Chromium,87.2,78.69,90.74,57.18,3.29,45.62,41.3,57.8,209.02,71.81,37.46,1510342.12,Eco Bricks,Emerging,Reliance Circular Ventures,High,Highly Recoverable,82.38,16.1,2025-04-15
SEC-106-1,Surat EcoTex Dyeing Pvt Ltd,Surat,Gujarat,Textile Dyeing & Processing,Chemical Effluent,Polymer,9638.18,8.52,258.64,315.78,8110.05,160.07,1270.69,291.52,47.16,33.04,Chromium,82.45,86.22,92.42,53.77,6.29,66.75,40.65,56.97,211.5,69.84,21.5,1930473.42,Eco Bricks,Medium,Reliance Circular Ventures,High,Needs Advanced Treatment,83.38,21.6,2025-04-16
SEC-106-2,Surat EcoTex Dyeing Pvt Ltd,Surat,Gujarat,Textile Dyeing & Processing,Printing Dye Sludge,Textile,13958.28,8.04,642.2,351.09,7010.19,112.0,3095.06,80.7,4.67,26.5,Heavy Metals,85.88,79.82,87.54,12.03,7.76,67.76,39.25,36.76,354.2,95.85,46.27,1713111.08,Acoustic Insulation Panels,Medium,Reliance Circular Ventures,Medium,Moderately Recoverable,60.27,18.7,2025-04-16
SEC-106-3,Surat EcoTex Dyeing Pvt Ltd,Surat,Gujarat,Textile Dyeing & Processing,Fabric Fiber Residue,Polymer,13042.42,8.08,950.54,67.79,8022.7,287.63,4048.64,131.36,44.89,52.29,Low Contamination,53.54,53.41,70.97,59.47,8.31,79.95,26.73,59.71,380.44,21.54,39.43,173110.26,Eco Bricks,Very High,UltraTech EcoBuild,Medium,Low Recovery Potential,53.55,10.1,2025-04-16
SEC-107-1,Surat EcoTex Dyeing Pvt Ltd,Surat,Gujarat,Textile Dyeing & Processing,Printing Dye Sludge,Textile,629.74,6.8,1251.81,325.37,1570.61,294.14,2547.82,370.11,45.19,40.89,Chromium,74.62,68.11,89.42,23.53,2.91,60.48,75.65,52.14,241.54,55.34,61.29,670885.27,Compressed Construction Blocks,Very High,Reliance Circular Ventures,Low,Needs Advanced Treatment,73.63,20.7,2025-04-17
SEC-107-2,Surat EcoTex Dyeing Pvt Ltd,Surat,Gujarat,Textile Dyeing & Processing,Chemical Effluent,Mixed,12955.21,8.14,246.15,424.95,8820.86,493.25,7633.66,513.36,36.07,52.04,Organic Contaminants,58.05,50.62,82.48,27.88,9.45,57.8,76.44,92.87,198.52,31.27,20.1,983661.68,Industrial Pigments,High,GreenBuild Gujarat,High,Highly Recoverable,71.2,10.6,2025-04-17
SEC-108-1,Surat EcoTex Dyeing Pvt Ltd,Surat,Gujarat,Textile Dyeing & Processing,Textile Dye Waste,Textile,10356.11,8.12,845.25,168.89,3447.38,527.73,3609.2,352.3,29.72,46.03,Oil Residue,76.55,78.07,50.5,64.86,5.27,83.82,13.55,30.39,18.99,43.41,48.24,3007914.71,Eco Bricks,Medium,JSW Green Materials,Low,Low Recovery Potential,77.63,4.2,2025-04-18
SEC-108-2,Surat EcoTex Dyeing Pvt Ltd,Surat,Gujarat,Textile Dyeing & Processing,Sludge,Chemical,9440.07,5.2,1156.05,381.21,4864.02,44.55,5868.64,505.05,58.17,38.63,Low Contamination,87.63,88.02,44.59,45.73,3.63,74.04,21.06,50.34,394.99,23.9,24.71,1509630.53,Eco Bricks,High,Reliance Circular Ventures,Low,Highly Recoverable,79.21,10.2,2025-04-18
SEC-109-1,Surat EcoTex Dyeing Pvt Ltd,Surat,Gujarat,Textile Dyeing & Processing,Fabric Fiber Residue,Textile,2478.01,5.69,479.02,445.32,7026.62,610.56,3359.98,560.99,42.17,45.31,Oil Residue,47.36,45.04,69.38,56.68,9.37,52.07,76.34,78.69,331.64,34.66,64.36,3398172.89,Acoustic Insulation Panels,Emerging,JSW Green Materials,Low,Low Recovery Potential,39.19,17.7,2025-04-19
SEC-109-2,Surat EcoTex Dyeing Pvt Ltd,Surat,Gujarat,Textile Dyeing & Processing,Sludge,Polymer,1918.22,8.6,674.91,542.21,4590.14,139.6,1089.82,479.27,28.88,51.36,Low Contamination,55.46,52.29,61.42,24.64,5.44,69.66,22.97,50.79,233.21,35.69,42.84,2345678.28,Thermal Insulation Boards,Emerging,EcoPack India,High,Highly Recoverable,84.16,10.1,2025-04-19
SEC-109-3,Surat EcoTex Dyeing Pvt Ltd,Surat,Gujarat,Textile Dyeing & Processing,Textile Dye Waste,Polymer,10975.26,6.38,290.55,120.4,2442.38,470.43,6554.19,249.35,42.17,39.78,Low Contamination,61.12,59.75,38.29,12.8,4.85,58.54,19.71,86.93,214.21,19.13,62.01,374488.66,Compressed Construction Blocks,Medium,Reliance Circular Ventures,Low,Highly Recoverable,86.01,20.7,2025-04-19
SEC-110-1,Surat EcoTex Dyeing Pvt Ltd,Surat,Gujarat,Textile Dyeing & Processing,Fabric Fiber Residue,Mixed,12948.77,6.33,1012.07,351.84,8779.74,408.03,1053.06,324.55,67.66,56.85,Oil Residue,64.63,66.57,29.9,54.29,9.16,47.93,74.9,42.3,120.74,41.98,57.95,3633702.69,Thermal Insulation Boards,Medium,UltraTech EcoBuild,Low,Low Recovery Potential,72.91,6.1,2025-04-20
SEC-110-2,Surat EcoTex Dyeing Pvt Ltd,Surat,Gujarat,Textile Dyeing & Processing,Chemical Effluent,Textile,2653.49,8.42,192.57,598.86,4738.31,391.1,5185.24,567.26,48.91,41.89,Heavy Metals,65.69,70.73,40.25,30.93,5.69,81.38,40.94,44.24,277.48,32.92,36.86,3018162.24,Eco Bricks,Very High,JSW Green Materials,Low,Needs Advanced Treatment,97.88,12.5,2025-04-20
SEC-110-3,Surat EcoTex Dyeing Pvt Ltd,Surat,Gujarat,Textile Dyeing & Processing,Fabric Fiber Residue,Mixed,11646.45,8.44,1017.42,638.64,2024.31,307.68,8182.84,589.83,25.97,48.74,Low Contamination,76.49,83.97,70.74,31.22,1.16,82.48,78.01,60.96,83.94,86.86,38.5,1529626.8,Eco Bricks,High,UltraTech EcoBuild,Medium,Moderately Recoverable,91.72,5.8,2025-04-20
SEC-111-1,Surat EcoTex Dyeing Pvt Ltd,Surat,Gujarat,Textile Dyeing & Processing,Sludge,Textile,5484.09,6.02,1387.47,423.09,1763.95,490.7,2318.07,30.29,12.67,50.27,Chromium,41.79,43.39,88.36,49.4,7.16,56.13,49.94,30.09,61.81,31.23,62.32,3501324.19,Acoustic Insulation Panels,Very High,GreenBuild Gujarat,Low,Needs Advanced Treatment,85.3,18.5,2025-04-21
SEC-111-2,Surat EcoTex Dyeing Pvt Ltd,Surat,Gujarat,Textile Dyeing & Processing,Sludge,Polymer,7884.31,5.26,528.54,37.11,2793.15,503.08,6711.89,314.63,32.27,50.56,Heavy Metals,72.21,76.04,49.96,45.64,2.8,77.77,12.1,35.14,44.12,96.35,63.6,3325043.12,Industrial Pigments,Emerging,EcoPack India,Medium,Moderately Recoverable,89.57,28.1,2025-04-21
SEC-111-3,Surat EcoTex Dyeing Pvt Ltd,Surat,Gujarat,Textile Dyeing & Processing,Chemical Effluent,Chemical,2154.9,8.69,638.13,521.28,5906.42,38.29,2867.81,146.58,12.62,39.16,Organic Contaminants,47.64,46.83,80.39,64.63,8.08,93.14,67.15,65.85,90.32,42.37,43.67,2111386.75,Industrial Pigments,Emerging,JSW Green Materials,Medium,Moderately Recoverable,86.2,25.1,2025-04-21
SEC-111-4,Surat EcoTex Dyeing Pvt Ltd,Surat,Gujarat,Textile Dyeing & Processing,Sludge,Polymer,1574.5,5.24,1321.56,686.22,7984.39,305.58,8421.43,214.92,10.1,30.26,Oil Residue,82.85,66.28,40.17,52.55,1.89,84.75,45.68,87.78,357.87,41.98,51.13,4182948.83,Eco Packaging Sheets,Medium,JSW Green Materials,Medium,Moderately Recoverable,78.49,15.2,2025-04-21
SEC-112-1,Surat EcoTex Dyeing Pvt Ltd,Surat,Gujarat,Textile Dyeing & Processing,Printing Dye Sludge,Chemical,12539.89,7.7,522.47,73.07,4697.87,241.77,8037.57,447.11,17.64,41.88,Chromium,74.59,82.59,59.52,26.5,5.61,85.12,57.67,63.55,374.56,45.41,37.34,144242.46,Industrial Pigments,Emerging,JSW Green Materials,High,Low Recovery Potential,82.71,12.6,2025-04-22
SEC-112-2,Surat EcoTex Dyeing Pvt Ltd,Surat,Gujarat,Textile Dyeing & Processing,Chemical Effluent,Polymer,11562.19,8.5,451.49,409.29,6744.54,595.19,1615.03,67.47,52.87,38.82,Organic Contaminants,45.5,43.03,84.06,62.16,9.73,96.16,19.62,80.82,118.63,64.7,48.02,3046361.99,Eco Packaging Sheets,High,EcoPack India,Low,Low Recovery Potential,47.39,4.5,2025-04-22
SEC-112-3,Surat EcoTex Dyeing Pvt Ltd,Surat,Gujarat,Textile Dyeing & Processing,Fabric Fiber Residue,Textile,8858.31,6.01,1297.31,290.99,2900.36,150.31,8399.45,97.6,25.36,36.05,Color Pigments,60.92,67.81,72.32,38.77,5.5,96.49,52.78,70.39,233.54,33.26,55.83,4283967.92,Eco Bricks,High,EcoPack India,High,Highly Recoverable,59.15,6.7,2025-04-22
SEC-112-4,Surat EcoTex Dyeing Pvt Ltd,Surat,Gujarat,Textile Dyeing & Processing,Printing Dye Sludge,Polymer,6925.95,7.72,942.54,620.92,6759.39,34.38,7491.69,454.97,63.34,49.6,Oil Residue,50.75,41.72,31.87,23.04,4.3,64.96,55.46,41.09,90.79,60.83,43.64,4123683.86,Acoustic Insulation Panels,Very High,JSW Green Materials,Medium,Low Recovery Potential,45.8,13.7,2025-04-22
SEC-113-1,Surat EcoTex Dyeing Pvt Ltd,Surat,Gujarat,Textile Dyeing & Processing,Chemical Effluent,Mixed,10648.13,7.51,948.48,135.35,2406.1,108.81,6808.35,185.41,21.36,26.09,Organic Contaminants,55.11,44.2,66.25,49.33,7.2,95.52,25.82,78.69,353.38,46.25,20.44,2960958.41,Eco Packaging Sheets,Very High,GreenBuild Gujarat,High,Moderately Recoverable,95.6,21.1,2025-04-23
SEC-113-2,Surat EcoTex Dyeing Pvt Ltd,Surat,Gujarat,Textile Dyeing & Processing,Chemical Effluent,Polymer,11256.35,5.71,351.8,485.4,2945.15,46.15,1205.5,403.76,42.65,29.22,Low Contamination,57.88,52.12,72.25,34.73,2.3,53.81,16.66,45.73,321.31,29.78,52.76,1466437.55,Eco Bricks,High,EcoPack India,Medium,Highly Recoverable,54.29,24.0,2025-04-23
SEC-114-1,Surat EcoTex Dyeing Pvt Ltd,Surat,Gujarat,Textile Dyeing & Processing,Fabric Fiber Residue,Mixed,9975.39,6.59,291.51,616.52,4923.61,418.23,6707.43,244.4,50.83,56.03,Oil Residue,58.2,60.35,92.66,20.27,8.28,65.53,28.09,41.63,295.56,31.78,34.45,1081275.23,Eco Packaging Sheets,Medium,Reliance Circular Ventures,Medium,Low Recovery Potential,40.24,4.3,2025-04-24
SEC-114-2,Surat EcoTex Dyeing Pvt Ltd,Surat,Gujarat,Textile Dyeing & Processing,Textile Dye Waste,Textile,1386.69,6.36,1179.55,408.86,5997.98,49.2,4014.3,49.41,58.33,30.67,Chromium,83.73,86.31,39.17,64.2,9.06,91.24,48.01,37.04,396.15,67.85,6.59,3630438.03,Compressed Construction Blocks,Medium,Reliance Circular Ventures,Medium,Highly Recoverable,78.86,6.8,2025-04-24
SEC-114-3,Surat EcoTex Dyeing Pvt Ltd,Surat,Gujarat,Textile Dyeing & Processing,Fabric Fiber Residue,Polymer,14136.55,7.57,350.2,300.92,3102.43,30.09,5852.25,278.96,34.21,51.13,Heavy Metals,66.05,57.42,57.33,12.35,2.38,70.09,74.77,32.47,290.65,80.69,5.92,2831041.14,Eco Bricks,High,EcoPack India,Medium,Needs Advanced Treatment,48.67,19.3,2025-04-24
SEC-115-1,Surat EcoTex Dyeing Pvt Ltd,Surat,Gujarat,Textile Dyeing & Processing,Fabric Fiber Residue,Polymer,14000.84,5.22,983.62,433.09,8931.96,208.67,1973.53,523.5,55.53,24.8,Low Contamination,87.78,95.15,28.0,14.67,6.88,45.34,53.52,78.45,320.09,28.15,27.79,1953159.0,Eco Bricks,Emerging,Reliance Circular Ventures,High,Low Recovery Potential,96.23,19.7,2025-04-25
SEC-115-2,Surat EcoTex Dyeing Pvt Ltd,Surat,Gujarat,Textile Dyeing & Processing,Printing Dye Sludge,Mixed,7716.38,7.14,382.45,566.93,7494.8,178.88,4520.13,327.68,37.92,29.53,Heavy Metals,54.27,52.73,40.41,13.96,2.85,67.89,79.75,64.36,223.39,58.34,24.4,1730741.57,Thermal Insulation Boards,Emerging,UltraTech EcoBuild,Medium,Low Recovery Potential,74.36,18.8,2025-04-25
SEC-116-1,Surat EcoTex Dyeing Pvt Ltd,Surat,Gujarat,Textile Dyeing & Processing,Sludge,Mixed,14340.49,5.37,924.83,530.96,2145.35,139.32,5309.27,275.16,17.76,27.47,Chromium,44.49,42.76,52.47,23.53,6.66,90.05,60.38,31.17,149.22,65.72,26.57,940132.3,Thermal Insulation Boards,Medium,UltraTech EcoBuild,Medium,Highly Recoverable,35.24,4.4,2025-04-26
SEC-116-2,Surat EcoTex Dyeing Pvt Ltd,Surat,Gujarat,Textile Dyeing & Processing,Sludge,Mixed,3596.2,6.16,1107.66,166.21,6327.2,40.97,6520.85,526.35,33.78,30.4,Organic Contaminants,56.51,58.19,91.67,11.4,8.29,58.06,23.67,46.05,327.46,32.68,15.68,1623602.64,Compressed Construction Blocks,Emerging,JSW Green Materials,High,Highly Recoverable,50.13,7.8,2025-04-26
SEC-116-3,Surat EcoTex Dyeing Pvt Ltd,Surat,Gujarat,Textile Dyeing & Processing,Chemical Effluent,Polymer,13899.64,8.69,457.82,318.08,4056.71,228.08,6248.96,120.36,2.74,56.62,Heavy Metals,51.13,45.51,77.78,38.45,5.99,45.82,45.73,33.1,403.49,47.53,52.7,2528219.76,Thermal Insulation Boards,Emerging,GreenBuild Gujarat,Low,Low Recovery Potential,49.66,10.9,2025-04-26
SEC-117-1,Surat EcoTex Dyeing Pvt Ltd,Surat,Gujarat,Textile Dyeing & Processing,Textile Dye Waste,Polymer,7905.91,5.48,1118.76,170.63,943.84,565.79,5618.1,369.7,32.51,32.81,Chromium,67.92,65.03,52.37,12.94,5.76,49.09,54.96,88.89,69.97,59.68,16.06,2307910.64,Industrial Pigments,High,Reliance Circular Ventures,Medium,Low Recovery Potential,65.34,14.5,2025-04-27
SEC-117-2,Surat EcoTex Dyeing Pvt Ltd,Surat,Gujarat,Textile Dyeing & Processing,Fabric Fiber Residue,Mixed,2440.65,7.62,921.38,368.25,5386.97,338.75,5503.99,547.96,52.56,32.59,Low Contamination,70.58,61.05,43.22,51.3,2.2,88.15,38.91,69.81,119.62,96.73,11.26,279163.5,Compressed Construction Blocks,Very High,Reliance Circular Ventures,Medium,Highly Recoverable,46.02,27.7,2025-04-27
SEC-117-3,Surat EcoTex Dyeing Pvt Ltd,Surat,Gujarat,Textile Dyeing & Processing,Textile Dye Waste,Textile,1041.36,7.74,127.67,330.24,2285.03,77.78,6618.25,351.85,43.76,52.17,Chromium,66.72,68.42,74.4,28.99,5.76,53.12,37.85,57.36,109.94,50.06,37.23,3195746.08,Acoustic Insulation Panels,Emerging,Reliance Circular Ventures,Medium,Highly Recoverable,36.18,12.1,2025-04-27
SEC-118-1,Surat EcoTex Dyeing Pvt Ltd,Surat,Gujarat,Textile Dyeing & Processing,Textile Dye Waste,Polymer,2704.64,7.39,146.92,58.09,5351.9,110.76,7013.84,530.16,27.34,26.74,Color Pigments,63.19,55.8,25.73,50.3,2.07,49.68,29.34,54.02,214.72,48.39,36.24,1038098.91,Acoustic Insulation Panels,Medium,JSW Green Materials,High,Needs Advanced Treatment,97.9,23.3,2025-04-28
SEC-118-2,Surat EcoTex Dyeing Pvt Ltd,Surat,Gujarat,Textile Dyeing & Processing,Fabric Fiber Residue,Textile,6911.8,5.68,823.08,380.29,912.29,225.81,6434.48,345.21,59.57,53.3,Chromium,76.18,82.23,28.65,12.8,3.57,73.15,60.5,71.24,182.87,29.69,50.92,2388237.92,Acoustic Insulation Panels,Medium,Reliance Circular Ventures,Medium,Needs Advanced Treatment,74.18,9.3,2025-04-28
SEC-118-3,Surat EcoTex Dyeing Pvt Ltd,Surat,Gujarat,Textile Dyeing & Processing,Fabric Fiber Residue,Chemical,1712.09,8.29,338.79,508.26,7426.55,156.13,6707.74,435.94,58.42,35.42,Oil Residue,71.14,68.41,94.0,61.7,8.2,78.31,42.92,36.18,428.81,70.25,51.76,2452056.87,Acoustic Insulation Panels,Very High,Reliance Circular Ventures,Medium,Needs Advanced Treatment,83.02,4.1,2025-04-28
SEC-119-1,Surat EcoTex Dyeing Pvt Ltd,Surat,Gujarat,Textile Dyeing & Processing,Textile Dye Waste,Polymer,7440.03,7.93,645.57,81.8,6632.97,197.65,5173.14,502.97,10.95,52.99,Oil Residue,68.23,74.51,75.99,32.5,5.19,49.1,37.18,90.02,107.69,51.2,14.29,422164.87,Compressed Construction Blocks,Emerging,JSW Green Materials,Low,Low Recovery Potential,56.47,4.6,2025-04-29
SEC-119-2,Surat EcoTex Dyeing Pvt Ltd,Surat,Gujarat,Textile Dyeing & Processing,Sludge,Mixed,8200.0,5.75,990.13,534.15,711.48,315.65,5020.46,80.03,27.47,55.77,Organic Contaminants,93.27,98.27,89.2,16.05,3.18,93.64,43.82,56.91,17.67,62.44,28.55,484324.19,Eco Packaging Sheets,Emerging,JSW Green Materials,Low,Moderately Recoverable,50.43,24.2,2025-04-29
SEC-120-1,Surat EcoTex Dyeing Pvt Ltd,Surat,Gujarat,Textile Dyeing & Processing,Chemical Effluent,Textile,12439.97,5.3,1327.04,34.98,8978.9,433.51,6984.36,439.09,65.09,53.59,Low Contamination,96.69,95.48,42.85,22.47,1.96,73.8,59.64,77.84,54.83,21.34,32.86,1156133.58,Compressed Construction Blocks,Emerging,GreenBuild Gujarat,Low,Low Recovery Potential,35.71,12.3,2025-04-30
SEC-120-2,Surat EcoTex Dyeing Pvt Ltd,Surat,Gujarat,Textile Dyeing & Processing,Printing Dye Sludge,Chemical,8694.13,6.74,381.94,187.81,1709.61,299.0,4060.64,456.55,58.79,57.29,Chromium,97.09,98.3,82.85,12.21,2.77,49.01,31.14,44.46,335.84,69.87,12.05,1188690.15,Eco Packaging Sheets,Emerging,UltraTech EcoBuild,High,Low Recovery Potential,82.51,4.2,2025-04-30
SEC-120-3,Surat EcoTex Dyeing Pvt Ltd,Surat,Gujarat,Textile Dyeing & Processing,Textile Dye Waste,Mixed,8144.03,5.58,399.82,106.44,2458.42,267.48,3975.7,419.58,12.32,35.0,Low Contamination,93.63,103.54,39.56,43.74,1.44,50.59,51.95,33.62,337.45,30.55,44.62,689584.63,Compressed Construction Blocks,High,Reliance Circular Ventures,High,Low Recovery Potential,96.58,23.7,2025-04-30
SEC-120-4,Surat EcoTex Dyeing Pvt Ltd,Surat,Gujarat,Textile Dyeing & Processing,Textile Dye Waste,Mixed,2327.51,5.84,623.17,378.32,6814.95,281.0,4110.68,91.96,16.85,38.05,Organic Contaminants,64.21,65.9,84.18,15.34,6.29,61.33,15.51,51.26,175.73,41.75,23.78,1015773.08,Eco Packaging Sheets,Very High,UltraTech EcoBuild,Medium,Highly Recoverable,80.48,10.2,2025-04-30
SEC-121-1,Surat EcoTex Dyeing Pvt Ltd,Surat,Gujarat,Textile Dyeing & Processing,Textile Dye Waste,Polymer,5430.84,7.69,261.97,419.82,8515.65,29.63,4483.9,456.8,53.84,46.27,Color Pigments,64.88,58.91,78.84,64.96,7.87,93.51,63.89,32.92,324.29,95.07,22.29,1283776.27,Acoustic Insulation Panels,Very High,Reliance Circular Ventures,High,Needs Advanced Treatment,80.2,29.8,2025-05-01
SEC-121-2,Surat EcoTex Dyeing Pvt Ltd,Surat,Gujarat,Textile Dyeing & Processing,Textile Dye Waste,Textile,10184.39,8.58,1032.27,185.73,5914.81,560.88,2363.53,549.21,48.78,31.24,Oil Residue,69.31,58.04,88.48,53.35,8.56,52.95,30.59,62.09,229.88,23.71,15.49,3333244.32,Compressed Construction Blocks,Medium,JSW Green Materials,High,Needs Advanced Treatment,72.52,29.7,2025-05-01
SEC-122-1,Surat EcoTex Dyeing Pvt Ltd,Surat,Gujarat,Textile Dyeing & Processing,Fabric Fiber Residue,Mixed,12304.57,7.49,157.78,376.46,6515.31,112.61,4206.18,360.46,14.55,48.57,Color Pigments,52.69,55.62,34.47,31.09,3.07,63.79,23.68,66.61,48.57,41.7,21.21,3928408.68,Eco Packaging Sheets,Very High,GreenBuild Gujarat,Medium,Moderately Recoverable,39.67,9.2,2025-05-02
SEC-122-2,Surat EcoTex Dyeing Pvt Ltd,Surat,Gujarat,Textile Dyeing & Processing,Printing Dye Sludge,Textile,8662.97,8.41,1314.61,317.86,3781.17,291.09,7449.05,423.82,45.2,56.49,Organic Contaminants,84.88,88.58,35.07,29.03,5.45,46.75,62.04,34.66,446.76,96.82,55.87,1328932.0,Industrial Pigments,High,Reliance Circular Ventures,Low,Needs Advanced Treatment,63.79,12.0,2025-05-02
SEC-123-1,Surat EcoTex Dyeing Pvt Ltd,Surat,Gujarat,Textile Dyeing & Processing,Sludge,Mixed,12626.24,5.64,574.9,369.17,2832.68,437.93,6061.12,414.21,40.58,41.48,Organic Contaminants,69.47,75.24,59.5,48.67,9.24,68.25,45.72,91.74,341.29,30.68,37.15,3620183.09,Thermal Insulation Boards,High,JSW Green Materials,Medium,Needs Advanced Treatment,83.96,5.8,2025-05-03
SEC-123-2,Surat EcoTex Dyeing Pvt Ltd,Surat,Gujarat,Textile Dyeing & Processing,Sludge,Polymer,3563.81,6.6,1247.59,439.57,3471.72,623.78,2998.66,31.27,9.97,48.41,Color Pigments,64.26,66.32,86.4,22.33,3.36,93.2,14.85,48.82,271.6,50.43,41.4,3792931.68,Eco Packaging Sheets,High,UltraTech EcoBuild,High,Needs Advanced Treatment,66.95,7.8,2025-05-03
SEC-123-3,Surat EcoTex Dyeing Pvt Ltd,Surat,Gujarat,Textile Dyeing & Processing,Fabric Fiber Residue,Textile,12584.19,6.18,401.04,399.15,8567.02,532.17,7925.06,57.13,58.87,56.79,Color Pigments,65.06,71.74,61.83,51.02,9.53,84.16,71.17,83.81,433.98,96.06,37.9,3493498.28,Compressed Construction Blocks,Very High,Reliance Circular Ventures,High,Low Recovery Potential,53.54,9.5,2025-05-03
SEC-123-4,Surat EcoTex Dyeing Pvt Ltd,Surat,Gujarat,Textile Dyeing & Processing,Fabric Fiber Residue,Mixed,5201.3,6.57,1339.69,672.2,3523.73,360.88,8448.3,420.15,32.84,37.86,Chromium,76.12,71.38,36.2,43.25,6.02,93.02,65.94,68.86,431.67,47.4,24.27,4424309.2,Eco Bricks,Medium,UltraTech EcoBuild,Low,Low Recovery Potential,72.18,13.8,2025-05-03
SEC-124-1,Surat EcoTex Dyeing Pvt Ltd,Surat,Gujarat,Textile Dyeing & Processing,Chemical Effluent,Textile,13831.81,6.96,940.1,76.45,5384.44,128.42,2399.72,281.95,66.7,32.95,Oil Residue,55.74,51.73,41.51,16.15,7.47,75.37,79.42,84.5,119.12,52.53,12.48,4463835.34,Eco Bricks,Very High,Reliance Circular Ventures,High,Needs Advanced Treatment,70.04,8.7,2025-05-04
SEC-124-2,Surat EcoTex Dyeing Pvt Ltd,Surat,Gujarat,Textile Dyeing & Processing,Chemical Effluent,Mixed,14322.14,6.36,306.14,617.0,5027.29,111.98,7855.49,276.56,2.64,42.49,Oil Residue,90.31,98.26,53.29,35.3,8.75,97.49,50.54,84.78,369.33,31.24,8.35,3079385.53,Acoustic Insulation Panels,Emerging,EcoPack India,Low,Moderately Recoverable,53.41,13.3,2025-05-04
SEC-125-1,Surat EcoTex Dyeing Pvt Ltd,Surat,Gujarat,Textile Dyeing & Processing,Chemical Effluent,Polymer,6649.0,5.52,1206.26,213.83,6310.46,557.83,6614.01,139.72,35.15,44.01,Color Pigments,65.34,61.92,56.95,23.16,8.77,62.92,38.78,65.4,319.71,77.94,38.33,3731856.62,Eco Bricks,High,Reliance Circular Ventures,Low,Low Recovery Potential,47.02,24.0,2025-05-05
SEC-125-2,Surat EcoTex Dyeing Pvt Ltd,Surat,Gujarat,Textile Dyeing & Processing,Printing Dye Sludge,Mixed,8137.81,5.35,198.47,548.59,6356.14,440.26,2054.79,128.19,5.94,26.56,Chromium,55.69,54.82,52.62,15.53,3.54,63.1,36.22,95.55,126.43,90.79,17.77,3503612.25,Thermal Insulation Boards,Very High,GreenBuild Gujarat,Low,Moderately Recoverable,50.19,24.3,2025-05-05
SEC-126-1,Surat EcoTex Dyeing Pvt Ltd,Surat,Gujarat,Textile Dyeing & Processing,Fabric Fiber Residue,Chemical,3569.11,7.02,151.63,520.36,4733.36,605.37,3465.11,376.33,49.72,57.01,Heavy Metals,74.78,80.15,34.88,32.46,5.02,69.9,54.53,56.29,113.52,25.67,20.07,2487155.03,Eco Bricks,High,JSW Green Materials,Medium,Low Recovery Potential,85.1,23.9,2025-05-06
SEC-126-2,Surat EcoTex Dyeing Pvt Ltd,Surat,Gujarat,Textile Dyeing & Processing,Textile Dye Waste,Textile,1110.95,7.43,275.29,44.42,4639.77,507.69,1017.93,595.69,43.75,56.61,Color Pigments,54.28,57.4,75.91,16.01,8.02,89.16,70.19,43.31,10.71,76.03,39.79,426769.53,Industrial Pigments,High,UltraTech EcoBuild,High,Low Recovery Potential,52.54,22.1,2025-05-06
SEC-126-3,Surat EcoTex Dyeing Pvt Ltd,Surat,Gujarat,Textile Dyeing & Processing,Fabric Fiber Residue,Mixed,543.22,6.41,939.35,326.47,2296.44,386.52,4224.38,420.23,25.05,52.56,Organic Contaminants,41.59,42.35,49.71,21.46,2.72,47.44,30.3,92.33,435.82,71.28,23.99,2704503.44,Industrial Pigments,High,GreenBuild Gujarat,Medium,Needs Advanced Treatment,92.98,5.9,2025-05-06
SEC-127-1,Surat EcoTex Dyeing Pvt Ltd,Surat,Gujarat,Textile Dyeing & Processing,Textile Dye Waste,Polymer,14204.17,6.27,313.83,226.99,1678.99,56.97,2883.9,339.22,32.17,40.98,Low Contamination,47.33,41.37,76.42,41.43,4.72,81.01,64.62,53.92,221.41,90.44,37.15,2128602.93,Thermal Insulation Boards,Emerging,EcoPack India,High,Highly Recoverable,47.3,19.7,2025-05-07
SEC-127-2,Surat EcoTex Dyeing Pvt Ltd,Surat,Gujarat,Textile Dyeing & Processing,Textile Dye Waste,Mixed,4089.19,6.16,865.4,402.53,5665.05,108.1,3469.36,475.37,36.02,25.7,Chromium,67.4,68.51,55.11,11.02,7.44,88.64,23.65,69.06,218.4,43.12,5.3,1399396.5,Thermal Insulation Boards,Very High,UltraTech EcoBuild,Medium,Low Recovery Potential,52.01,4.3,2025-05-07
SEC-127-3,Surat EcoTex Dyeing Pvt Ltd,Surat,Gujarat,Textile Dyeing & Processing,Textile Dye Waste,Polymer,8605.37,8.04,276.78,596.83,7319.36,215.87,7935.51,76.72,12.45,54.27,Heavy Metals,58.55,49.75,72.2,54.98,2.92,90.2,58.02,70.75,173.94,23.57,35.15,1772380.76,Acoustic Insulation Panels,High,Reliance Circular Ventures,Medium,Moderately Recoverable,94.8,20.6,2025-05-07
SEC-127-4,Surat EcoTex Dyeing Pvt Ltd,Surat,Gujarat,Textile Dyeing & Processing,Sludge,Chemical,2649.88,6.15,252.51,362.99,7240.0,423.08,4091.95,130.81,15.67,52.82,Oil Residue,54.79,44.72,76.78,38.86,6.75,94.95,69.81,53.33,381.36,73.46,57.38,2087899.84,Eco Bricks,Medium,UltraTech EcoBuild,Low,Needs Advanced Treatment,64.1,9.3,2025-05-07
SEC-128-1,Surat EcoTex Dyeing Pvt Ltd,Surat,Gujarat,Textile Dyeing & Processing,Fabric Fiber Residue,Polymer,6545.93,7.74,1320.65,141.94,5947.5,374.05,3629.27,300.64,48.58,36.88,Low Contamination,46.2,51.25,58.55,53.88,4.63,73.48,24.17,54.09,189.69,36.37,50.63,2807111.43,Compressed Construction Blocks,High,EcoPack India,Low,Low Recovery Potential,60.37,20.0,2025-05-08
SEC-128-2,Surat EcoTex Dyeing Pvt Ltd,Surat,Gujarat,Textile Dyeing & Processing,Fabric Fiber Residue,Chemical,2579.06,7.95,1069.38,446.61,8777.95,94.14,2452.27,342.36,49.84,31.84,Oil Residue,70.44,68.14,84.06,17.97,7.55,80.19,60.75,96.1,249.37,88.48,25.6,883942.47,Compressed Construction Blocks,High,UltraTech EcoBuild,Medium,Low Recovery Potential,80.44,25.4,2025-05-08
SEC-128-3,Surat EcoTex Dyeing Pvt Ltd,Surat,Gujarat,Textile Dyeing & Processing,Fabric Fiber Residue,Textile,7549.52,6.33,688.94,627.12,539.33,149.31,5198.45,179.38,60.64,27.36,Low Contamination,66.99,55.21,92.09,49.37,3.85,66.36,54.68,95.59,147.25,65.24,35.4,3579111.96,Thermal Insulation Boards,Emerging,Reliance Circular Ventures,Low,Low Recovery Potential,74.81,15.8,2025-05-08
SEC-128-4,Surat EcoTex Dyeing Pvt Ltd,Surat,Gujarat,Textile Dyeing & Processing,Sludge,Polymer,8047.39,7.81,431.15,149.34,7254.15,321.8,5673.3,21.73,64.01,43.11,Chromium,81.15,85.84,68.1,33.25,3.62,51.61,10.08,78.14,369.58,32.94,5.91,1371721.15,Industrial Pigments,Very High,Reliance Circular Ventures,Medium,Low Recovery Potential,89.39,7.5,2025-05-08
SEC-129-1,Surat EcoTex Dyeing Pvt Ltd,Surat,Gujarat,Textile Dyeing & Processing,Chemical Effluent,Chemical,7517.2,5.89,356.16,431.95,3198.81,210.75,6964.28,293.4,68.52,41.95,Organic Contaminants,63.14,59.77,76.4,33.05,3.68,52.35,42.49,65.76,301.0,59.7,39.06,1296291.94,Eco Bricks,Very High,JSW Green Materials,Low,Moderately Recoverable,90.76,12.6,2025-05-09
SEC-129-2,Surat EcoTex Dyeing Pvt Ltd,Surat,Gujarat,Textile Dyeing & Processing,Printing Dye Sludge,Chemical,6487.71,6.11,878.71,547.94,1642.22,241.24,5572.79,63.75,14.95,47.74,Low Contamination,49.33,49.67,73.81,28.37,1.41,79.8,19.97,53.12,147.34,47.82,32.89,4349993.29,Eco Bricks,High,EcoPack India,High,Moderately Recoverable,68.85,16.5,2025-05-09
SEC-129-3,Surat EcoTex Dyeing Pvt Ltd,Surat,Gujarat,Textile Dyeing & Processing,Printing Dye Sludge,Polymer,3863.02,8.09,1383.11,422.35,6079.68,311.55,6139.63,215.67,43.44,32.87,Color Pigments,67.68,67.91,39.27,42.25,3.95,86.0,55.95,32.22,72.71,38.56,32.11,3256133.35,Thermal Insulation Boards,Very High,EcoPack India,Medium,Moderately Recoverable,57.07,15.5,2025-05-09
SEC-130-1,Surat EcoTex Dyeing Pvt Ltd,Surat,Gujarat,Textile Dyeing & Processing,Chemical Effluent,Chemical,10502.33,7.83,1334.71,415.02,4019.7,364.27,7124.46,554.58,58.56,52.26,Low Contamination,76.7,85.87,26.39,22.44,2.01,65.98,15.63,31.88,169.68,88.26,38.92,3799707.89,Industrial Pigments,Very High,JSW Green Materials,Low,Highly Recoverable,58.29,27.6,2025-05-10
SEC-130-2,Surat EcoTex Dyeing Pvt Ltd,Surat,Gujarat,Textile Dyeing & Processing,Chemical Effluent,Mixed,2845.44,7.09,1030.88,395.07,6706.41,591.32,2298.06,376.7,4.26,56.64,Chromium,80.0,71.57,44.94,39.89,6.49,95.82,13.73,34.16,130.18,85.57,33.97,2285450.86,Eco Bricks,Emerging,GreenBuild Gujarat,Low,Needs Advanced Treatment,89.96,19.2,2025-05-10
SEC-130-3,Surat EcoTex Dyeing Pvt Ltd,Surat,Gujarat,Textile Dyeing & Processing,Fabric Fiber Residue,Polymer,13055.14,5.57,1147.36,593.44,3875.17,477.21,1371.47,308.54,17.54,54.36,Chromium,70.08,65.15,82.43,30.05,6.23,87.31,76.07,80.73,34.57,92.24,27.35,2703067.23,Industrial Pigments,Very High,JSW Green Materials,Medium,Moderately Recoverable,67.34,11.3,2025-05-10
SEC-130-4,Surat EcoTex Dyeing Pvt Ltd,Surat,Gujarat,Textile Dyeing & Processing,Fabric Fiber Residue,Mixed,1382.34,5.96,1034.98,498.43,8799.96,465.43,5744.83,75.51,43.84,26.73,Heavy Metals,92.26,99.42,67.35,55.93,7.25,74.62,65.72,46.51,276.92,74.83,60.29,2715865.36,Industrial Pigments,Medium,EcoPack India,Low,Low Recovery Potential,74.71,4.7,2025-05-10
SEC-131-1,Surat EcoTex Dyeing Pvt Ltd,Surat,Gujarat,Textile Dyeing & Processing,Fabric Fiber Residue,Chemical,631.25,8.09,1204.04,688.31,4247.35,626.13,2036.04,215.95,51.61,35.54,Chromium,56.52,54.99,53.77,41.05,3.01,67.63,21.29,94.61,358.05,89.29,45.38,2029192.0,Compressed Construction Blocks,High,EcoPack India,Low,Moderately Recoverable,53.19,27.3,2025-05-11
SEC-131-2,Surat EcoTex Dyeing Pvt Ltd,Surat,Gujarat,Textile Dyeing & Processing,Chemical Effluent,Mixed,1637.39,6.71,120.37,439.51,7061.03,584.9,515.52,342.57,59.95,47.51,Oil Residue,40.49,39.67,66.18,37.92,8.25,93.14,23.0,48.51,215.71,91.21,54.43,4287029.06,Eco Packaging Sheets,Very High,JSW Green Materials,Low,Moderately Recoverable,61.7,29.5,2025-05-11
SEC-132-1,Surat EcoTex Dyeing Pvt Ltd,Surat,Gujarat,Textile Dyeing & Processing,Printing Dye Sludge,Textile,12171.36,5.5,325.68,469.26,2029.54,274.4,1685.38,208.59,65.86,24.45,Color Pigments,61.76,61.03,71.76,36.02,8.63,81.08,38.46,69.05,144.57,77.43,57.65,2332894.7,Acoustic Insulation Panels,Emerging,EcoPack India,High,Moderately Recoverable,80.75,8.9,2025-05-12
SEC-132-2,Surat EcoTex Dyeing Pvt Ltd,Surat,Gujarat,Textile Dyeing & Processing,Printing Dye Sludge,Chemical,5826.56,8.5,1372.44,546.07,3763.1,214.85,6558.83,244.07,49.48,24.98,Heavy Metals,59.25,52.92,41.34,11.44,6.57,97.74,18.72,69.53,384.07,18.61,56.91,1374940.8,Eco Bricks,Very High,Reliance Circular Ventures,Low,Moderately Recoverable,89.81,13.5,2025-05-12
SEC-132-3,Surat EcoTex Dyeing Pvt Ltd,Surat,Gujarat,Textile Dyeing & Processing,Fabric Fiber Residue,Polymer,10043.85,5.56,594.41,532.01,8910.7,571.16,8074.23,490.46,27.27,35.76,Oil Residue,41.75,39.78,65.41,24.13,9.72,50.99,66.58,72.94,277.09,89.12,12.34,2581693.41,Thermal Insulation Boards,Medium,Reliance Circular Ventures,Low,Needs Advanced Treatment,62.56,13.7,2025-05-12
SEC-132-4,Surat EcoTex Dyeing Pvt Ltd,Surat,Gujarat,Textile Dyeing & Processing,Printing Dye Sludge,Textile,9958.62,5.42,992.31,577.0,8155.21,308.97,1594.16,54.42,55.76,39.7,Color Pigments,46.77,48.69,90.1,43.03,9.71,53.99,77.71,43.94,158.86,77.49,40.55,1178365.86,Industrial Pigments,Emerging,GreenBuild Gujarat,Low,Needs Advanced Treatment,86.1,25.1,2025-05-12
SEC-133-1,Surat EcoTex Dyeing Pvt Ltd,Surat,Gujarat,Textile Dyeing & Processing,Textile Dye Waste,Chemical,3959.24,5.64,1237.35,176.55,7206.25,337.48,4978.55,505.0,50.73,39.72,Color Pigments,52.01,52.24,37.43,16.4,6.83,75.64,17.52,98.24,23.58,27.65,23.28,2284681.99,Industrial Pigments,High,UltraTech EcoBuild,High,Highly Recoverable,93.91,14.2,2025-05-13
SEC-133-2,Surat EcoTex Dyeing Pvt Ltd,Surat,Gujarat,Textile Dyeing & Processing,Fabric Fiber Residue,Polymer,8189.09,5.38,931.39,662.57,2183.35,268.04,7883.6,178.49,65.41,44.23,Color Pigments,59.77,57.03,39.61,26.55,6.36,57.07,26.44,76.03,367.43,48.13,43.64,1344784.94,Eco Packaging Sheets,Medium,UltraTech EcoBuild,Low,Moderately Recoverable,85.48,25.3,2025-05-13
SEC-133-3,Surat EcoTex Dyeing Pvt Ltd,Surat,Gujarat,Textile Dyeing & Processing,Textile Dye Waste,Chemical,5351.68,5.89,191.94,284.31,3799.53,135.18,4960.33,489.06,15.37,33.39,Heavy Metals,73.27,75.29,29.36,17.17,1.64,65.58,62.67,71.34,384.8,28.09,14.63,2552873.47,Industrial Pigments,Very High,UltraTech EcoBuild,Medium,Needs Advanced Treatment,41.99,18.9,2025-05-13
SEC-134-1,Surat EcoTex Dyeing Pvt Ltd,Surat,Gujarat,Textile Dyeing & Processing,Printing Dye Sludge,Mixed,8704.62,8.49,359.2,630.65,8807.07,96.19,4156.52,227.67,63.24,26.93,Oil Residue,58.65,62.0,66.37,43.02,3.64,74.95,73.64,85.34,188.06,16.04,6.99,2089514.4,Compressed Construction Blocks,Medium,GreenBuild Gujarat,High,Low Recovery Potential,42.8,27.2,2025-05-14
SEC-134-2,Surat EcoTex Dyeing Pvt Ltd,Surat,Gujarat,Textile Dyeing & Processing,Fabric Fiber Residue,Textile,13280.14,8.4,1088.61,196.76,6369.9,122.21,4987.73,82.58,17.54,26.06,Oil Residue,82.35,67.51,53.41,14.64,1.55,81.07,33.89,97.16,280.52,70.04,59.21,3905041.33,Industrial Pigments,Emerging,UltraTech EcoBuild,Medium,Moderately Recoverable,94.94,23.3,2025-05-14
SEC-134-3,Surat EcoTex Dyeing Pvt Ltd,Surat,Gujarat,Textile Dyeing & Processing,Printing Dye Sludge,Chemical,7429.27,7.91,1307.24,330.19,3121.16,390.95,5020.17,453.45,15.55,32.24,Low Contamination,55.96,61.37,39.03,20.86,8.23,83.5,73.13,59.86,220.18,75.64,27.85,696006.17,Industrial Pigments,High,EcoPack India,Low,Low Recovery Potential,96.53,27.9,2025-05-14
SEC-134-4,Surat EcoTex Dyeing Pvt Ltd,Surat,Gujarat,Textile Dyeing & Processing,Sludge,Mixed,1233.23,7.92,997.4,495.23,1657.0,606.35,7163.95,72.87,25.56,32.87,Chromium,91.74,97.31,40.16,35.75,9.44,84.72,37.89,94.51,208.78,81.46,38.96,2921926.21,Acoustic Insulation Panels,Emerging,JSW Green Materials,High,Moderately Recoverable,83.81,6.3,2025-05-14
SEC-134-5,Surat EcoTex Dyeing Pvt Ltd,Surat,Gujarat,Textile Dyeing & Processing,Sludge,Chemical,4942.12,8.67,1228.08,386.19,6586.17,498.41,3099.91,47.48,36.39,40.96,Heavy Metals,58.71,51.0,30.97,10.29,1.1,55.84,70.07,72.4,291.25,95.39,49.48,930449.44,Industrial Pigments,Emerging,UltraTech EcoBuild,Low,Moderately Recoverable,35.71,17.5,2025-05-14
SEC-135-1,Surat EcoTex Dyeing Pvt Ltd,Surat,Gujarat,Textile Dyeing & Processing,Printing Dye Sludge,Polymer,12718.66,8.34,497.77,546.65,944.02,443.19,4803.28,391.95,41.52,27.05,Low Contamination,51.72,57.16,49.92,46.58,4.99,45.14,40.27,97.94,443.73,92.27,33.99,3151361.45,Acoustic Insulation Panels,High,UltraTech EcoBuild,Medium,Needs Advanced Treatment,43.19,17.6,2025-05-15
SEC-135-2,Surat EcoTex Dyeing Pvt Ltd,Surat,Gujarat,Textile Dyeing & Processing,Sludge,Polymer,11928.65,7.71,952.45,244.83,3051.33,526.12,8452.89,349.11,65.92,29.39,Chromium,84.0,70.72,84.29,32.24,5.91,75.9,24.1,33.47,22.4,24.5,63.68,3700510.37,Eco Packaging Sheets,Emerging,GreenBuild Gujarat,Low,Moderately Recoverable,69.0,4.6,2025-05-15
SEC-136-1,Surat EcoTex Dyeing Pvt Ltd,Surat,Gujarat,Textile Dyeing & Processing,Fabric Fiber Residue,Chemical,2262.63,8.03,699.15,224.42,6952.38,206.76,4691.64,545.51,39.18,54.52,Organic Contaminants,57.41,57.18,65.7,31.17,2.67,45.38,54.81,33.79,262.84,30.38,38.68,4059714.87,Eco Bricks,Medium,UltraTech EcoBuild,High,Needs Advanced Treatment,44.12,28.8,2025-05-16
SEC-136-2,Surat EcoTex Dyeing Pvt Ltd,Surat,Gujarat,Textile Dyeing & Processing,Printing Dye Sludge,Mixed,7826.71,7.4,303.7,358.41,6648.21,535.88,2835.49,436.32,54.24,52.43,Heavy Metals,43.28,43.09,27.19,24.66,4.64,85.17,59.32,52.61,174.98,62.08,28.27,2858260.48,Thermal Insulation Boards,Very High,Reliance Circular Ventures,Medium,Moderately Recoverable,71.25,22.8,2025-05-16
SEC-137-1,Surat EcoTex Dyeing Pvt Ltd,Surat,Gujarat,Textile Dyeing & Processing,Textile Dye Waste,Polymer,870.26,5.76,209.68,335.24,426.76,355.46,3140.39,549.86,31.22,37.1,Chromium,86.74,96.6,50.08,20.14,5.69,79.01,65.41,74.88,230.16,92.06,38.65,3994107.91,Compressed Construction Blocks,Very High,UltraTech EcoBuild,Medium,Moderately Recoverable,80.83,15.8,2025-05-17
SEC-137-2,Surat EcoTex Dyeing Pvt Ltd,Surat,Gujarat,Textile Dyeing & Processing,Fabric Fiber Residue,Mixed,1620.16,7.76,876.86,359.58,5784.24,532.78,1222.88,582.6,12.3,40.58,Heavy Metals,97.03,91.57,76.54,30.71,3.25,72.23,36.08,31.24,180.38,19.98,36.12,2339791.33,Acoustic Insulation Panels,Medium,GreenBuild Gujarat,High,Highly Recoverable,64.78,17.1,2025-05-17
SEC-137-3,Surat EcoTex Dyeing Pvt Ltd,Surat,Gujarat,Textile Dyeing & Processing,Textile Dye Waste,Textile,683.52,8.22,456.1,101.5,1361.54,631.45,7093.43,527.07,26.95,35.12,Chromium,77.21,65.9,62.98,28.19,2.32,55.06,54.0,79.75,108.55,45.48,51.0,125106.04,Acoustic Insulation Panels,Emerging,GreenBuild Gujarat,High,Low Recovery Potential,62.81,17.6,2025-05-17
SEC-137-4,Surat EcoTex Dyeing Pvt Ltd,Surat,Gujarat,Textile Dyeing & Processing,Sludge,Chemical,3414.87,7.93,946.13,357.86,4842.11,624.26,6734.99,54.17,10.16,33.65,Heavy Metals,93.53,85.47,82.27,36.99,1.52,92.44,58.33,97.88,431.23,41.33,22.02,2185985.62,Thermal Insulation Boards,High,UltraTech EcoBuild,Medium,Low Recovery Potential,87.0,26.5,2025-05-17
SEC-137-5,Surat EcoTex Dyeing Pvt Ltd,Surat,Gujarat,Textile Dyeing & Processing,Fabric Fiber Residue,Mixed,7104.57,7.84,1180.25,290.66,7186.8,626.58,3803.29,240.69,34.5,33.08,Organic Contaminants,71.29,77.82,71.56,11.26,9.88,48.59,53.62,33.48,433.47,83.97,49.82,1407835.41,Eco Bricks,Medium,JSW Green Materials,High,Low Recovery Potential,91.19,22.3,2025-05-17
SEC-138-1,Surat EcoTex Dyeing Pvt Ltd,Surat,Gujarat,Textile Dyeing & Processing,Printing Dye Sludge,Chemical,999.27,8.25,1007.15,575.39,8150.19,75.27,8147.21,258.63,8.0,25.89,Chromium,63.88,70.35,79.31,28.36,1.95,51.42,24.63,81.62,194.27,75.47,31.41,877142.96,Thermal Insulation Boards,Very High,Reliance Circular Ventures,Medium,Highly Recoverable,73.01,4.7,2025-05-18
SEC-138-2,Surat EcoTex Dyeing Pvt Ltd,Surat,Gujarat,Textile Dyeing & Processing,Textile Dye Waste,Mixed,7015.72,6.83,575.21,319.22,7796.27,573.82,3766.74,369.32,24.37,53.29,Low Contamination,73.79,68.34,32.39,36.46,4.46,76.69,68.54,62.85,355.75,53.37,9.52,3553914.22,Eco Bricks,High,JSW Green Materials,High,Needs Advanced Treatment,95.2,29.6,2025-05-18
SEC-138-3,Surat EcoTex Dyeing Pvt Ltd,Surat,Gujarat,Textile Dyeing & Processing,Fabric Fiber Residue,Chemical,8708.35,6.61,1104.44,546.04,3870.87,131.09,4267.38,303.03,27.15,42.56,Color Pigments,64.65,61.81,62.49,18.93,3.34,81.39,31.24,62.94,48.97,88.15,34.68,2298029.99,Thermal Insulation Boards,Emerging,JSW Green Materials,Low,Highly Recoverable,37.17,14.5,2025-05-18
SEC-138-4,Surat EcoTex Dyeing Pvt Ltd,Surat,Gujarat,Textile Dyeing & Processing,Fabric Fiber Residue,Chemical,3396.56,6.14,420.69,300.81,1299.26,196.62,5351.84,273.67,42.13,47.42,Low Contamination,56.77,57.86,83.1,21.51,3.6,70.39,22.61,31.22,94.94,61.58,52.56,801578.69,Compressed Construction Blocks,High,UltraTech EcoBuild,Low,Moderately Recoverable,55.06,17.4,2025-05-18
SEC-138-5,Surat EcoTex Dyeing Pvt Ltd,Surat,Gujarat,Textile Dyeing & Processing,Sludge,Polymer,9144.91,6.04,1307.09,396.51,2859.13,403.59,5935.72,599.51,8.18,26.37,Chromium,55.41,48.6,77.23,28.97,8.9,62.56,43.94,81.03,442.74,18.61,37.8,3555347.62,Compressed Construction Blocks,Very High,JSW Green Materials,High,Highly Recoverable,86.02,23.8,2025-05-18
SEC-139-1,Surat EcoTex Dyeing Pvt Ltd,Surat,Gujarat,Textile Dyeing & Processing,Chemical Effluent,Mixed,5853.1,5.44,1037.0,694.34,7727.36,435.16,1611.56,329.6,28.11,36.08,Oil Residue,56.68,62.35,78.13,53.19,4.51,83.81,11.75,46.11,248.66,46.11,36.63,2681723.23,Acoustic Insulation Panels,Emerging,GreenBuild Gujarat,Medium,Moderately Recoverable,83.33,6.4,2025-05-19
SEC-139-2,Surat EcoTex Dyeing Pvt Ltd,Surat,Gujarat,Textile Dyeing & Processing,Sludge,Polymer,11041.21,6.44,912.14,115.63,1538.55,636.4,6601.66,120.14,22.66,35.91,Color Pigments,95.38,105.22,79.01,40.83,1.35,76.34,35.7,68.04,84.42,35.39,50.86,862031.91,Industrial Pigments,Very High,EcoPack India,Low,Low Recovery Potential,73.27,18.7,2025-05-19
SEC-139-3,Surat EcoTex Dyeing Pvt Ltd,Surat,Gujarat,Textile Dyeing & Processing,Sludge,Polymer,7630.34,6.83,906.52,151.52,1928.11,62.86,2902.14,130.7,14.0,43.63,Color Pigments,52.2,58.05,32.27,42.72,2.18,70.98,54.65,41.33,307.26,86.94,55.62,2544680.34,Eco Packaging Sheets,High,GreenBuild Gujarat,High,Moderately Recoverable,95.34,13.9,2025-05-19
SEC-139-4,Surat EcoTex Dyeing Pvt Ltd,Surat,Gujarat,Textile Dyeing & Processing,Textile Dye Waste,Chemical,8718.32,6.77,588.06,315.37,6430.97,387.63,872.89,10.54,54.6,39.39,Oil Residue,88.49,98.39,36.63,56.73,9.95,77.14,31.45,34.44,388.99,92.61,45.01,1400481.6,Thermal Insulation Boards,High,GreenBuild Gujarat,High,Highly Recoverable,72.86,25.6,2025-05-19
SEC-140-1,Surat EcoTex Dyeing Pvt Ltd,Surat,Gujarat,Textile Dyeing & Processing,Fabric Fiber Residue,Chemical,2392.91,6.36,641.55,210.86,2808.29,378.96,5096.53,569.81,11.3,36.56,Organic Contaminants,95.09,98.99,53.32,43.15,1.1,80.93,32.59,79.4,84.89,55.13,42.43,2406314.67,Compressed Construction Blocks,Very High,UltraTech EcoBuild,High,Low Recovery Potential,69.54,26.5,2025-05-20
SEC-140-2,Surat EcoTex Dyeing Pvt Ltd,Surat,Gujarat,Textile Dyeing & Processing,Textile Dye Waste,Textile,11844.81,8.39,678.89,142.53,8512.78,511.51,1814.15,12.67,39.93,40.09,Chromium,87.07,87.65,87.62,11.06,7.59,92.53,75.11,73.33,229.6,58.14,25.56,1660625.06,Eco Packaging Sheets,Medium,GreenBuild Gujarat,Medium,Needs Advanced Treatment,37.97,6.4,2025-05-20
SEC-140-3,Surat EcoTex Dyeing Pvt Ltd,Surat,Gujarat,Textile Dyeing & Processing,Printing Dye Sludge,Polymer,6111.17,8.66,566.29,510.57,6345.65,479.5,5958.86,447.93,17.74,33.01,Heavy Metals,75.15,74.97,80.97,50.35,7.54,77.55,20.26,75.7,260.73,71.5,43.44,3602321.54,Eco Packaging Sheets,Medium,JSW Green Materials,Medium,Highly Recoverable,39.88,27.4,2025-05-20
SEC-140-4,Surat EcoTex Dyeing Pvt Ltd,Surat,Gujarat,Textile Dyeing & Processing,Fabric Fiber Residue,Polymer,6141.53,7.38,308.31,577.46,4706.37,198.74,4762.27,530.41,57.06,56.81,Color Pigments,78.29,67.53,57.6,19.69,7.12,97.1,75.25,73.76,244.4,83.87,11.47,1043328.01,Eco Bricks,High,GreenBuild Gujarat,Low,Moderately Recoverable,36.21,6.7,2025-05-20
SEC-140-5,Surat EcoTex Dyeing Pvt Ltd,Surat,Gujarat,Textile Dyeing & Processing,Sludge,Polymer,6447.35,5.41,441.85,65.35,8787.29,475.9,6646.77,71.1,66.81,40.81,Heavy Metals,40.04,36.99,34.43,25.81,3.39,74.74,65.76,60.24,273.37,84.85,10.37,1013800.35,Eco Bricks,Medium,Reliance Circular Ventures,Medium,Highly Recoverable,35.7,24.3,2025-05-20
SEC-141-1,Surat EcoTex Dyeing Pvt Ltd,Surat,Gujarat,Textile Dyeing & Processing,Printing Dye Sludge,Polymer,14266.12,8.13,1183.32,437.01,3915.98,320.31,2906.94,503.8,53.77,29.92,Chromium,51.33,46.62,59.98,38.46,6.78,46.96,24.17,81.28,373.06,96.61,54.21,1027832.71,Industrial Pigments,Very High,UltraTech EcoBuild,Low,Low Recovery Potential,85.0,17.9,2025-05-21
SEC-141-2,Surat EcoTex Dyeing Pvt Ltd,Surat,Gujarat,Textile Dyeing & Processing,Printing Dye Sludge,Mixed,500.13,7.46,1391.7,546.31,6542.42,97.01,7159.65,577.92,58.11,34.61,Low Contamination,70.64,68.96,90.14,35.6,9.5,72.42,63.77,35.53,9.0,29.84,64.68,3869975.09,Eco Packaging Sheets,Emerging,JSW Green Materials,Low,Highly Recoverable,89.12,13.2,2025-05-21
SEC-141-3,Surat EcoTex Dyeing Pvt Ltd,Surat,Gujarat,Textile Dyeing & Processing,Printing Dye Sludge,Polymer,3830.19,8.57,270.12,259.33,1914.31,37.5,1629.19,507.18,18.5,34.99,Color Pigments,64.82,61.96,50.85,61.22,2.23,56.51,33.68,85.18,10.72,44.15,14.25,3787844.36,Eco Bricks,High,Reliance Circular Ventures,Medium,Low Recovery Potential,70.84,12.7,2025-05-21
SEC-141-4,Surat EcoTex Dyeing Pvt Ltd,Surat,Gujarat,Textile Dyeing & Processing,Fabric Fiber Residue,Chemical,14212.76,6.8,397.6,272.99,7817.95,372.81,3610.96,346.15,49.8,36.01,Low Contamination,69.7,68.76,57.21,40.83,1.71,79.49,49.54,98.86,364.89,86.76,31.66,3948066.67,Eco Packaging Sheets,Emerging,GreenBuild Gujarat,High,Low Recovery Potential,65.32,24.2,2025-05-21
SEC-141-5,Surat EcoTex Dyeing Pvt Ltd,Surat,Gujarat,Textile Dyeing & Processing,Textile Dye Waste,Chemical,11847.38,8.59,795.84,356.63,3163.11,483.47,3252.97,389.02,10.82,28.51,Organic Contaminants,53.9,58.05,62.69,55.33,3.4,70.15,74.16,70.76,237.29,73.03,19.53,663162.24,Industrial Pigments,Very High,UltraTech EcoBuild,Medium,Highly Recoverable,68.89,4.4,2025-05-21
SEC-142-1,Surat EcoTex Dyeing Pvt Ltd,Surat,Gujarat,Textile Dyeing & Processing,Sludge,Chemical,5947.0,7.32,1285.19,382.27,2641.16,547.03,4567.91,83.54,37.86,26.11,Oil Residue,56.56,56.64,69.75,62.75,2.43,52.09,73.67,67.51,113.98,56.21,58.16,3726863.26,Eco Packaging Sheets,Medium,GreenBuild Gujarat,Low,Highly Recoverable,95.69,24.2,2025-05-22
SEC-142-2,Surat EcoTex Dyeing Pvt Ltd,Surat,Gujarat,Textile Dyeing & Processing,Textile Dye Waste,Polymer,4396.97,7.62,330.99,190.68,4328.27,315.24,2546.48,384.37,25.2,35.98,Color Pigments,72.74,75.65,40.01,53.14,9.36,93.9,55.01,33.84,382.46,29.29,19.01,3745975.49,Eco Bricks,Very High,Reliance Circular Ventures,Medium,Needs Advanced Treatment,79.96,15.8,2025-05-22
SEC-142-3,Surat EcoTex Dyeing Pvt Ltd,Surat,Gujarat,Textile Dyeing & Processing,Printing Dye Sludge,Polymer,5648.31,5.46,1328.12,189.82,1624.35,522.08,4275.45,430.63,69.99,26.39,Oil Residue,60.86,67.22,68.87,13.77,5.71,56.98,46.93,46.68,360.64,35.8,56.35,2039753.7,Industrial Pigments,Very High,EcoPack India,High,Highly Recoverable,60.75,7.8,2025-05-22
SEC-142-4,Surat EcoTex Dyeing Pvt Ltd,Surat,Gujarat,Textile Dyeing & Processing,Fabric Fiber Residue,Textile,2785.47,7.03,382.37,100.2,925.34,93.65,6207.86,424.03,22.49,38.16,Low Contamination,83.74,79.03,47.56,55.43,2.63,68.62,77.99,60.45,132.26,30.16,23.65,1250976.25,Eco Bricks,Very High,JSW Green Materials,High,Moderately Recoverable,58.42,7.8,2025-05-22
SEC-142-5,Surat EcoTex Dyeing Pvt Ltd,Surat,Gujarat,Textile Dyeing & Processing,Fabric Fiber Residue,Textile,2018.5,6.8,618.88,48.43,5325.82,139.02,5283.84,200.32,50.36,35.9,Heavy Metals,88.07,82.53,68.23,25.69,1.48,57.71,75.61,46.82,10.33,55.55,47.15,427688.83,Acoustic Insulation Panels,High,Reliance Circular Ventures,High,Low Recovery Potential,91.67,17.2,2025-05-22
SEC-143-1,Surat EcoTex Dyeing Pvt Ltd,Surat,Gujarat,Textile Dyeing & Processing,Textile Dye Waste,Chemical,6299.02,7.99,702.9,152.87,7396.29,606.18,4308.1,152.0,64.75,42.97,Low Contamination,82.25,66.68,84.69,60.65,7.67,55.72,33.75,38.68,116.63,52.38,24.14,831656.3,Industrial Pigments,Emerging,EcoPack India,High,Needs Advanced Treatment,46.25,8.7,2025-05-23
SEC-143-2,Surat EcoTex Dyeing Pvt Ltd,Surat,Gujarat,Textile Dyeing & Processing,Chemical Effluent,Chemical,9284.47,5.9,1020.78,160.75,4844.44,176.03,6195.43,472.34,42.45,45.03,Low Contamination,85.44,89.4,74.22,35.45,8.76,52.7,33.62,68.61,40.1,77.69,10.67,2482921.88,Industrial Pigments,High,EcoPack India,High,Moderately Recoverable,56.0,28.8,2025-05-23
SEC-143-3,Surat EcoTex Dyeing Pvt Ltd,Surat,Gujarat,Textile Dyeing & Processing,Fabric Fiber Residue,Polymer,7390.1,5.32,937.02,68.77,6938.53,516.96,3806.55,390.88,34.27,57.23,Color Pigments,58.38,58.41,45.34,47.5,2.58,52.06,79.21,65.57,105.62,67.71,14.57,3562964.73,Eco Packaging Sheets,Very High,JSW Green Materials,Low,Needs Advanced Treatment,62.41,9.1,2025-05-23
SEC-143-4,Surat EcoTex Dyeing Pvt Ltd,Surat,Gujarat,Textile Dyeing & Processing,Sludge,Mixed,7615.86,5.47,1382.62,314.44,7830.75,304.63,3576.35,42.04,17.77,48.79,Low Contamination,46.2,47.99,33.52,37.98,1.97,49.78,27.03,46.5,198.64,46.04,37.37,2660668.2,Acoustic Insulation Panels,Medium,EcoPack India,Low,Needs Advanced Treatment,56.37,12.6,2025-05-23
SEC-144-1,Surat EcoTex Dyeing Pvt Ltd,Surat,Gujarat,Textile Dyeing & Processing,Sludge,Chemical,8268.19,7.5,1253.23,319.27,5916.31,532.82,4594.93,326.72,21.62,41.82,Color Pigments,47.37,50.73,76.07,39.33,9.83,63.24,34.99,49.93,312.39,78.71,7.86,1373954.83,Industrial Pigments,Very High,JSW Green Materials,Low,Needs Advanced Treatment,65.11,8.8,2025-05-24
SEC-144-2,Surat EcoTex Dyeing Pvt Ltd,Surat,Gujarat,Textile Dyeing & Processing,Textile Dye Waste,Polymer,2877.31,7.0,452.06,601.71,5918.38,246.94,2584.35,306.56,56.4,33.27,Chromium,86.0,70.1,36.5,23.15,2.29,78.25,59.54,41.09,23.08,26.55,47.65,685515.13,Acoustic Insulation Panels,Emerging,Reliance Circular Ventures,Medium,Low Recovery Potential,36.09,6.0,2025-05-24
SEC-145-1,Surat EcoTex Dyeing Pvt Ltd,Surat,Gujarat,Textile Dyeing & Processing,Printing Dye Sludge,Chemical,3476.75,7.53,832.14,624.9,2693.62,272.31,6401.91,18.05,53.07,42.51,Chromium,82.37,82.11,79.59,59.41,5.46,75.78,17.27,87.13,420.08,30.99,9.18,2100340.64,Eco Packaging Sheets,High,UltraTech EcoBuild,High,Highly Recoverable,45.35,18.9,2025-05-25
SEC-145-2,Surat EcoTex Dyeing Pvt Ltd,Surat,Gujarat,Textile Dyeing & Processing,Fabric Fiber Residue,Textile,6214.49,6.74,894.67,494.69,1565.73,526.61,4098.13,319.27,54.91,44.9,Chromium,68.98,55.2,62.49,32.18,4.58,69.51,38.1,75.58,145.98,24.5,12.56,2056628.24,Thermal Insulation Boards,Emerging,Reliance Circular Ventures,Low,Highly Recoverable,45.09,15.1,2025-05-25
SEC-145-3,Surat EcoTex Dyeing Pvt Ltd,Surat,Gujarat,Textile Dyeing & Processing,Printing Dye Sludge,Chemical,12288.11,6.49,399.03,204.57,3507.76,381.32,7768.9,87.08,43.04,55.43,Heavy Metals,93.46,88.35,70.51,26.08,3.75,93.95,37.27,60.95,63.86,62.74,61.79,2766477.21,Eco Packaging Sheets,Medium,EcoPack India,Medium,Moderately Recoverable,92.26,20.8,2025-05-25
SEC-145-4,Surat EcoTex Dyeing Pvt Ltd,Surat,Gujarat,Textile Dyeing & Processing,Fabric Fiber Residue,Chemical,12589.57,6.28,1324.99,226.16,3037.61,91.61,3408.74,418.7,34.04,45.85,Chromium,61.17,60.34,34.88,43.76,7.19,49.99,10.61,61.45,123.45,88.58,7.14,1536885.06,Thermal Insulation Boards,Emerging,JSW Green Materials,Medium,Needs Advanced Treatment,45.31,12.8,2025-05-25
SEC-146-1,Surat EcoTex Dyeing Pvt Ltd,Surat,Gujarat,Textile Dyeing & Processing,Printing Dye Sludge,Mixed,4413.1,7.78,1233.45,415.37,2122.69,579.42,1810.72,274.42,40.97,40.28,Heavy Metals,50.01,40.28,32.09,47.65,8.45,48.58,31.14,76.96,124.19,86.27,34.91,3735391.51,Eco Bricks,Very High,GreenBuild Gujarat,Medium,Moderately Recoverable,72.01,15.5,2025-05-26
SEC-146-2,Surat EcoTex Dyeing Pvt Ltd,Surat,Gujarat,Textile Dyeing & Processing,Printing Dye Sludge,Polymer,3292.58,5.7,941.46,159.19,2970.71,468.93,661.5,554.47,28.08,28.36,Heavy Metals,56.93,47.63,46.13,17.04,6.87,74.87,67.64,72.63,198.9,74.26,35.9,800674.99,Eco Bricks,Medium,UltraTech EcoBuild,Low,Highly Recoverable,49.7,6.2,2025-05-26
SEC-146-3,Surat EcoTex Dyeing Pvt Ltd,Surat,Gujarat,Textile Dyeing & Processing,Textile Dye Waste,Textile,10786.74,5.75,190.47,48.96,8504.63,506.82,7381.44,547.21,27.02,54.46,Color Pigments,78.31,82.42,69.96,26.57,2.76,48.74,44.07,92.46,328.76,81.68,56.76,3660850.8,Thermal Insulation Boards,Emerging,Reliance Circular Ventures,Low,Low Recovery Potential,94.74,12.1,2025-05-26
SEC-146-4,Surat EcoTex Dyeing Pvt Ltd,Surat,Gujarat,Textile Dyeing & Processing,Sludge,Chemical,593.89,5.47,758.61,304.7,3708.89,583.05,2474.04,225.99,11.0,44.8,Color Pigments,54.35,55.97,53.22,59.69,2.97,82.11,25.98,74.51,265.71,76.26,43.93,4284681.43,Eco Packaging Sheets,Very High,EcoPack India,Low,Highly Recoverable,85.17,17.5,2025-05-26
SEC-147-1,Surat EcoTex Dyeing Pvt Ltd,Surat,Gujarat,Textile Dyeing & Processing,Sludge,Chemical,8903.61,6.28,1347.94,114.53,6287.15,621.22,644.04,96.17,18.2,28.3,Color Pigments,55.19,57.96,63.22,48.84,2.28,55.96,21.25,82.93,185.5,17.66,17.18,3731989.83,Eco Packaging Sheets,Medium,JSW Green Materials,High,Moderately Recoverable,44.76,24.5,2025-05-27
SEC-147-2,Surat EcoTex Dyeing Pvt Ltd,Surat,Gujarat,Textile Dyeing & Processing,Printing Dye Sludge,Textile,7867.99,6.31,695.93,165.19,1303.99,188.07,1075.69,595.51,4.13,39.17,Chromium,88.3,98.63,82.16,42.98,6.58,67.56,51.91,47.17,342.99,30.05,25.43,3910039.26,Eco Bricks,Very High,JSW Green Materials,High,Low Recovery Potential,83.5,23.4,2025-05-27
SEC-147-3,Surat EcoTex Dyeing Pvt Ltd,Surat,Gujarat,Textile Dyeing & Processing,Textile Dye Waste,Chemical,4478.44,5.76,1190.05,229.94,2983.81,326.54,2689.11,298.49,2.61,24.17,Low Contamination,72.76,70.56,91.1,10.04,1.46,87.05,23.76,90.12,43.68,62.54,53.18,3855304.83,Acoustic Insulation Panels,High,GreenBuild Gujarat,High,Highly Recoverable,80.51,11.5,2025-05-27
SEC-147-4,Surat EcoTex Dyeing Pvt Ltd,Surat,Gujarat,Textile Dyeing & Processing,Sludge,Polymer,4006.12,5.98,1131.81,678.27,8366.95,428.46,4197.58,383.51,53.7,37.87,Chromium,70.31,57.12,50.85,17.06,1.22,91.33,67.12,95.46,63.89,56.16,47.26,1291300.16,Thermal Insulation Boards,High,JSW Green Materials,Medium,Low Recovery Potential,54.71,16.5,2025-05-27
SEC-148-1,Surat EcoTex Dyeing Pvt Ltd,Surat,Gujarat,Textile Dyeing & Processing,Sludge,Polymer,12416.55,5.33,1041.69,51.13,1712.1,559.85,7403.23,100.58,53.42,49.8,Heavy Metals,81.51,82.05,52.55,41.08,3.01,96.71,22.28,52.82,110.89,44.0,48.77,786423.43,Industrial Pigments,Very High,GreenBuild Gujarat,High,Moderately Recoverable,68.21,13.7,2025-05-28
SEC-148-2,Surat EcoTex Dyeing Pvt Ltd,Surat,Gujarat,Textile Dyeing & Processing,Sludge,Textile,2447.19,7.21,900.22,637.26,2748.16,116.94,2474.3,29.98,38.01,50.93,Oil Residue,74.5,77.38,30.33,18.05,2.03,71.29,64.24,55.98,170.69,59.75,50.55,875463.78,Acoustic Insulation Panels,Very High,EcoPack India,Low,Needs Advanced Treatment,56.12,16.7,2025-05-28
SEC-148-3,Surat EcoTex Dyeing Pvt Ltd,Surat,Gujarat,Textile Dyeing & Processing,Chemical Effluent,Textile,12381.32,8.42,944.76,471.06,8573.0,318.39,3374.57,518.28,37.36,54.56,Chromium,55.41,45.62,83.28,12.39,7.11,45.96,26.8,62.09,389.98,88.34,49.45,277410.03,Thermal Insulation Boards,Medium,GreenBuild Gujarat,Medium,Low Recovery Potential,71.73,29.4,2025-05-28
SEC-149-1,Surat EcoTex Dyeing Pvt Ltd,Surat,Gujarat,Textile Dyeing & Processing,Printing Dye Sludge,Textile,1348.36,6.05,1072.3,470.22,3928.63,46.86,6946.09,25.59,25.75,26.83,Organic Contaminants,52.0,43.79,59.6,63.11,2.86,64.23,53.43,78.04,332.02,79.71,22.97,4295256.35,Acoustic Insulation Panels,High,JSW Green Materials,Medium,Moderately Recoverable,94.23,4.2,2025-05-29
SEC-149-2,Surat EcoTex Dyeing Pvt Ltd,Surat,Gujarat,Textile Dyeing & Processing,Textile Dye Waste,Polymer,14046.96,8.12,263.44,288.41,6931.13,279.45,4511.81,286.79,33.39,37.38,Organic Contaminants,48.68,52.19,81.99,22.26,6.59,58.23,50.0,59.41,51.3,18.4,60.38,2037907.52,Eco Bricks,High,EcoPack India,Low,Highly Recoverable,49.46,14.8,2025-05-29
SEC-150-1,Surat EcoTex Dyeing Pvt Ltd,Surat,Gujarat,Textile Dyeing & Processing,Fabric Fiber Residue,Mixed,9013.81,6.31,680.67,674.05,6205.67,416.21,534.7,258.5,46.65,49.03,Color Pigments,70.66,66.1,29.42,27.9,3.16,88.51,18.92,44.12,285.09,29.34,30.98,1833466.87,Industrial Pigments,Medium,GreenBuild Gujarat,High,Needs Advanced Treatment,72.87,27.0,2025-05-30
SEC-150-2,Surat EcoTex Dyeing Pvt Ltd,Surat,Gujarat,Textile Dyeing & Processing,Sludge,Polymer,10776.84,8.36,556.91,369.82,1968.7,125.31,2014.65,260.87,14.08,40.64,Chromium,89.66,86.02,78.56,32.24,2.05,47.38,64.6,78.44,346.47,36.25,48.72,3812971.14,Eco Bricks,Medium,EcoPack India,Low,Needs Advanced Treatment,76.19,11.8,2025-05-30
SEC-150-3,Surat EcoTex Dyeing Pvt Ltd,Surat,Gujarat,Textile Dyeing & Processing,Chemical Effluent,Textile,14050.15,8.27,915.41,37.24,6252.6,142.31,2130.61,232.37,62.58,40.77,Heavy Metals,69.75,75.64,46.04,53.75,1.83,67.12,52.24,49.11,60.61,89.94,37.93,2955231.9,Compressed Construction Blocks,Medium,Reliance Circular Ventures,Medium,Highly Recoverable,55.36,12.2,2025-05-30
SEC-151-1,Surat EcoTex Dyeing Pvt Ltd,Surat,Gujarat,Textile Dyeing & Processing,Textile Dye Waste,Polymer,4366.6,5.57,506.14,196.76,892.01,361.22,2255.81,557.36,9.49,43.3,Low Contamination,69.83,68.13,28.98,22.26,5.26,67.36,44.26,96.41,329.5,77.93,40.53,474730.66,Industrial Pigments,High,UltraTech EcoBuild,Medium,Moderately Recoverable,39.33,13.4,2025-05-31
SEC-151-2,Surat EcoTex Dyeing Pvt Ltd,Surat,Gujarat,Textile Dyeing & Processing,Fabric Fiber Residue,Chemical,11176.72,6.72,352.65,367.15,5384.4,26.32,6765.91,185.89,45.22,52.25,Organic Contaminants,49.77,53.98,65.22,34.81,7.83,89.89,53.67,51.13,335.01,50.81,27.43,617649.13,Eco Bricks,High,UltraTech EcoBuild,Low,Moderately Recoverable,57.59,28.9,2025-05-31
SEC-151-3,Surat EcoTex Dyeing Pvt Ltd,Surat,Gujarat,Textile Dyeing & Processing,Textile Dye Waste,Chemical,7641.95,7.96,1286.23,205.95,5204.03,486.55,4543.52,471.8,17.31,29.56,Low Contamination,52.55,48.26,56.85,25.36,7.69,93.55,18.28,89.17,412.61,58.27,6.19,2297128.33,Industrial Pigments,High,JSW Green Materials,Low,Low Recovery Potential,52.66,28.3,2025-05-31
SEC-152-1,Surat EcoTex Dyeing Pvt Ltd,Surat,Gujarat,Textile Dyeing & Processing,Chemical Effluent,Chemical,8301.5,7.0,1288.04,673.3,1845.14,486.61,5151.62,366.96,46.47,27.29,Color Pigments,80.1,83.64,32.91,27.3,7.37,62.58,64.22,35.7,257.39,35.67,14.89,1103446.35,Eco Packaging Sheets,Very High,UltraTech EcoBuild,Medium,Needs Advanced Treatment,62.87,27.1,2025-06-01
SEC-152-2,Surat EcoTex Dyeing Pvt Ltd,Surat,Gujarat,Textile Dyeing & Processing,Textile Dye Waste,Polymer,13059.82,7.82,273.3,672.14,3067.01,434.99,5108.53,486.19,3.94,30.25,Chromium,93.7,98.92,87.03,31.65,5.41,67.75,29.21,91.89,151.1,64.84,33.4,3861748.53,Industrial Pigments,Very High,Reliance Circular Ventures,Low,Moderately Recoverable,41.59,27.6,2025-06-01
SEC-152-3,Surat EcoTex Dyeing Pvt Ltd,Surat,Gujarat,Textile Dyeing & Processing,Printing Dye Sludge,Mixed,3919.16,7.95,1028.26,651.85,6743.66,185.73,1805.79,128.2,63.12,41.55,Color Pigments,86.33,78.8,86.2,43.86,3.32,90.99,65.56,90.77,303.62,80.41,7.08,1769044.48,Eco Packaging Sheets,Medium,UltraTech EcoBuild,Medium,Low Recovery Potential,94.39,10.4,2025-06-01
SEC-152-4,Surat EcoTex Dyeing Pvt Ltd,Surat,Gujarat,Textile Dyeing & Processing,Chemical Effluent,Mixed,11983.14,6.06,342.83,680.89,4847.09,465.26,5336.25,250.23,17.4,29.0,Organic Contaminants,41.91,39.17,37.91,24.56,2.13,54.89,59.71,39.8,9.57,53.06,35.21,226739.95,Compressed Construction Blocks,Very High,GreenBuild Gujarat,Low,Low Recovery Potential,92.48,29.6,2025-06-01
SEC-153-1,Surat EcoTex Dyeing Pvt Ltd,Surat,Gujarat,Textile Dyeing & Processing,Chemical Effluent,Mixed,11941.18,6.0,615.91,558.59,4216.73,20.34,6795.25,50.67,30.73,49.19,Heavy Metals,57.96,58.0,39.92,18.68,9.19,86.12,32.88,50.05,272.28,62.4,64.73,3490810.06,Compressed Construction Blocks,Medium,JSW Green Materials,Medium,Highly Recoverable,79.67,5.8,2025-06-02
SEC-153-2,Surat EcoTex Dyeing Pvt Ltd,Surat,Gujarat,Textile Dyeing & Processing,Sludge,Mixed,1306.94,5.57,782.71,634.56,3872.32,148.12,7650.13,566.0,50.8,33.19,Oil Residue,67.65,71.03,38.77,15.39,3.72,86.32,10.84,41.88,179.82,57.85,16.43,617095.3,Acoustic Insulation Panels,High,Reliance Circular Ventures,Medium,Low Recovery Potential,45.4,23.7,2025-06-02
SEC-153-3,Surat EcoTex Dyeing Pvt Ltd,Surat,Gujarat,Textile Dyeing & Processing,Sludge,Polymer,6771.09,6.8,122.4,567.22,4194.07,517.98,8296.29,519.79,48.34,48.48,Organic Contaminants,90.79,74.63,64.08,34.14,3.63,61.4,33.35,43.89,326.22,29.5,22.63,3625426.86,Thermal Insulation Boards,High,GreenBuild Gujarat,Medium,Low Recovery Potential,40.46,15.4,2025-06-02
SEC-153-4,Surat EcoTex Dyeing Pvt Ltd,Surat,Gujarat,Textile Dyeing & Processing,Sludge,Mixed,5430.43,6.75,336.76,539.93,6353.16,271.14,6812.9,12.71,5.3,43.62,Low Contamination,68.15,73.28,78.12,17.82,8.44,87.67,44.12,54.75,24.51,63.6,19.33,652239.12,Industrial Pigments,High,JSW Green Materials,Medium,Needs Advanced Treatment,84.25,10.8,2025-06-02
SEC-154-1,Surat EcoTex Dyeing Pvt Ltd,Surat,Gujarat,Textile Dyeing & Processing,Textile Dye Waste,Polymer,8920.88,7.96,380.55,424.5,7647.18,89.03,8059.68,327.33,45.71,45.6,Chromium,60.67,58.19,41.47,17.21,3.8,58.12,60.91,54.34,72.17,21.47,63.95,1043706.84,Eco Packaging Sheets,Very High,EcoPack India,Low,Moderately Recoverable,86.98,23.2,2025-06-03
SEC-154-2,Surat EcoTex Dyeing Pvt Ltd,Surat,Gujarat,Textile Dyeing & Processing,Sludge,Chemical,10880.97,6.05,1085.94,668.4,983.71,150.8,5984.57,111.35,32.53,32.84,Organic Contaminants,63.61,59.8,45.19,23.23,4.67,50.04,24.95,55.97,77.49,41.55,12.57,1243328.03,Acoustic Insulation Panels,High,Reliance Circular Ventures,High,Needs Advanced Treatment,97.05,26.9,2025-06-03
SEC-154-3,Surat EcoTex Dyeing Pvt Ltd,Surat,Gujarat,Textile Dyeing & Processing,Printing Dye Sludge,Mixed,1495.25,7.91,814.05,222.2,5395.65,163.51,8242.83,363.9,21.54,34.31,Low Contamination,67.75,68.66,86.15,44.14,9.54,72.89,11.56,55.6,73.06,63.91,38.89,4227997.81,Eco Bricks,Emerging,EcoPack India,Low,Moderately Recoverable,83.94,22.4,2025-06-03
SEC-154-4,Surat EcoTex Dyeing Pvt Ltd,Surat,Gujarat,Textile Dyeing & Processing,Textile Dye Waste,Mixed,3551.19,7.94,397.03,324.76,2162.14,397.9,3528.74,257.47,6.14,34.36,Oil Residue,93.39,76.49,86.72,28.8,3.29,57.92,55.47,76.42,409.63,60.46,29.77,4060189.72,Industrial Pigments,High,UltraTech EcoBuild,High,Low Recovery Potential,54.32,22.4,2025-06-03
SEC-155-1,Surat EcoTex Dyeing Pvt Ltd,Surat,Gujarat,Textile Dyeing & Processing,Textile Dye Waste,Chemical,3041.15,7.15,1193.83,142.61,2608.91,26.23,5289.05,46.8,65.8,46.19,Heavy Metals,81.18,66.4,92.67,21.46,2.86,85.38,14.81,33.28,126.2,31.96,25.81,1014721.23,Acoustic Insulation Panels,Emerging,EcoPack India,Medium,Needs Advanced Treatment,43.92,27.2,2025-06-04
SEC-155-2,Surat EcoTex Dyeing Pvt Ltd,Surat,Gujarat,Textile Dyeing & Processing,Textile Dye Waste,Textile,6174.39,5.88,414.46,66.66,418.48,235.36,5733.96,429.57,9.86,31.93,Heavy Metals,95.42,81.62,42.6,34.9,4.66,50.08,41.02,35.1,287.23,56.41,58.24,713052.62,Acoustic Insulation Panels,Very High,UltraTech EcoBuild,Low,Moderately Recoverable,92.72,29.5,2025-06-04
SEC-155-3,Surat EcoTex Dyeing Pvt Ltd,Surat,Gujarat,Textile Dyeing & Processing,Chemical Effluent,Polymer,13323.63,8.49,1067.75,637.37,4879.62,207.19,3701.3,296.31,24.76,24.07,Chromium,43.66,41.74,37.88,51.05,6.86,80.93,55.0,57.04,129.45,70.0,21.85,2168090.44,Eco Packaging Sheets,High,JSW Green Materials,Medium,Moderately Recoverable,37.21,11.0,2025-06-04
SEC-156-1,Surat EcoTex Dyeing Pvt Ltd,Surat,Gujarat,Textile Dyeing & Processing,Fabric Fiber Residue,Polymer,5434.18,7.42,174.97,629.5,1759.83,476.58,4744.01,26.57,48.92,52.88,Color Pigments,65.88,69.24,47.21,10.99,2.2,61.13,21.61,53.77,192.23,93.16,49.21,4427669.81,Compressed Construction Blocks,Medium,Reliance Circular Ventures,Medium,Low Recovery Potential,94.15,14.9,2025-06-05
SEC-156-2,Surat EcoTex Dyeing Pvt Ltd,Surat,Gujarat,Textile Dyeing & Processing,Chemical Effluent,Chemical,4510.08,6.23,332.03,530.6,6468.6,269.54,5515.23,181.39,24.39,51.88,Oil Residue,72.5,61.17,77.44,40.84,3.14,92.2,31.38,80.43,269.43,33.1,8.53,624978.88,Eco Packaging Sheets,High,GreenBuild Gujarat,Medium,Low Recovery Potential,94.34,29.1,2025-06-05
SEC-156-3,Surat EcoTex Dyeing Pvt Ltd,Surat,Gujarat,Textile Dyeing & Processing,Fabric Fiber Residue,Chemical,12888.17,7.19,213.77,38.53,720.1,216.55,1140.14,165.21,4.18,41.14,Low Contamination,92.53,87.36,46.59,50.65,9.37,80.66,23.32,74.12,117.05,36.71,52.14,1669499.4,Thermal Insulation Boards,Medium,JSW Green Materials,Low,Moderately Recoverable,74.29,27.0,2025-06-05
SEC-156-4,Surat EcoTex Dyeing Pvt Ltd,Surat,Gujarat,Textile Dyeing & Processing,Sludge,Mixed,8135.09,8.6,1041.15,139.16,4441.99,369.29,7022.01,163.81,2.85,38.17,Color Pigments,74.66,67.16,61.42,47.62,6.25,82.11,48.11,75.93,230.23,54.32,61.83,3851559.52,Compressed Construction Blocks,High,EcoPack India,Low,Moderately Recoverable,41.94,20.5,2025-06-05
SEC-156-5,Surat EcoTex Dyeing Pvt Ltd,Surat,Gujarat,Textile Dyeing & Processing,Sludge,Textile,11944.71,7.94,216.38,497.05,1088.06,539.64,3038.99,63.0,12.52,37.84,Low Contamination,87.08,81.22,94.1,54.79,7.46,83.85,32.25,82.36,395.93,18.6,6.16,3815467.92,Industrial Pigments,High,EcoPack India,Medium,Needs Advanced Treatment,97.45,17.4,2025-06-05
SEC-157-1,Surat EcoTex Dyeing Pvt Ltd,Surat,Gujarat,Textile Dyeing & Processing,Textile Dye Waste,Polymer,12524.34,7.43,1002.0,416.4,8123.73,99.71,4589.98,291.19,42.08,31.44,Chromium,80.4,70.18,74.92,60.69,1.59,74.46,53.83,67.73,440.47,19.27,31.64,4112997.16,Eco Bricks,Very High,Reliance Circular Ventures,High,Highly Recoverable,43.45,20.0,2025-06-06
SEC-157-2,Surat EcoTex Dyeing Pvt Ltd,Surat,Gujarat,Textile Dyeing & Processing,Printing Dye Sludge,Polymer,3482.13,8.2,1262.57,624.14,8290.51,204.49,3570.71,511.4,48.93,55.3,Oil Residue,73.71,65.85,53.65,53.41,5.18,83.92,43.52,36.94,354.7,29.89,55.42,2623107.2,Compressed Construction Blocks,Medium,GreenBuild Gujarat,Medium,Needs Advanced Treatment,70.52,17.6,2025-06-06
SEC-158-1,Surat EcoTex Dyeing Pvt Ltd,Surat,Gujarat,Textile Dyeing & Processing,Textile Dye Waste,Mixed,8114.46,6.14,867.5,593.93,1934.0,184.5,6580.27,194.96,53.96,37.51,Oil Residue,82.84,67.44,59.3,17.87,6.0,94.13,52.94,45.59,162.11,43.39,45.42,887683.88,Compressed Construction Blocks,Very High,GreenBuild Gujarat,High,Needs Advanced Treatment,48.88,16.0,2025-06-07
SEC-158-2,Surat EcoTex Dyeing Pvt Ltd,Surat,Gujarat,Textile Dyeing & Processing,Chemical Effluent,Textile,1560.07,5.96,395.3,422.56,771.69,168.15,1743.91,111.88,8.73,45.81,Organic Contaminants,92.85,99.81,37.48,17.89,1.38,50.6,56.43,40.27,354.8,35.81,62.4,1265764.61,Acoustic Insulation Panels,Emerging,GreenBuild Gujarat,High,Needs Advanced Treatment,93.18,13.3,2025-06-07
SEC-159-1,Surat EcoTex Dyeing Pvt Ltd,Surat,Gujarat,Textile Dyeing & Processing,Sludge,Mixed,6315.76,6.18,573.71,164.72,7206.5,484.11,4137.39,302.62,44.57,49.5,Organic Contaminants,86.99,77.57,72.22,17.02,6.13,97.87,13.89,74.66,249.28,64.95,50.71,4433100.62,Industrial Pigments,Emerging,EcoPack India,High,Moderately Recoverable,89.45,11.7,2025-06-08
SEC-159-2,Surat EcoTex Dyeing Pvt Ltd,Surat,Gujarat,Textile Dyeing & Processing,Textile Dye Waste,Chemical,8112.77,5.37,569.62,395.58,2498.53,523.74,6220.21,476.61,8.48,44.15,Organic Contaminants,60.34,67.21,93.1,55.22,4.26,62.82,56.67,73.97,116.52,43.14,51.67,1373041.25,Acoustic Insulation Panels,Very High,JSW Green Materials,Low,Low Recovery Potential,62.46,24.3,2025-06-08
SEC-160-1,Surat EcoTex Dyeing Pvt Ltd,Surat,Gujarat,Textile Dyeing & Processing,Chemical Effluent,Textile,14639.53,6.66,319.24,297.3,4398.91,477.97,7236.66,436.18,20.4,34.27,Chromium,79.76,87.66,92.31,30.48,9.94,78.06,43.82,42.1,374.45,44.95,39.6,700878.71,Industrial Pigments,High,EcoPack India,Low,Low Recovery Potential,87.12,21.2,2025-06-09
SEC-160-2,Surat EcoTex Dyeing Pvt Ltd,Surat,Gujarat,Textile Dyeing & Processing,Sludge,Polymer,12659.07,8.48,151.8,452.11,5822.62,200.7,4650.64,492.39,19.65,36.5,Low Contamination,69.34,68.67,55.93,20.91,5.7,92.67,54.99,54.25,168.38,47.19,8.75,162694.64,Thermal Insulation Boards,Medium,UltraTech EcoBuild,Medium,Needs Advanced Treatment,77.53,7.2,2025-06-09
SEC-160-3,Surat EcoTex Dyeing Pvt Ltd,Surat,Gujarat,Textile Dyeing & Processing,Sludge,Mixed,4642.95,7.91,1345.09,513.12,5132.31,165.49,3555.1,367.48,65.35,47.83,Low Contamination,95.14,94.7,82.31,11.03,8.26,66.22,16.87,77.31,334.98,48.24,37.05,4339569.65,Industrial Pigments,Emerging,Reliance Circular Ventures,Low,Low Recovery Potential,51.26,6.7,2025-06-09
SEC-160-4,Surat EcoTex Dyeing Pvt Ltd,Surat,Gujarat,Textile Dyeing & Processing,Chemical Effluent,Textile,14361.69,7.05,323.78,541.16,6363.44,642.84,8158.57,345.45,41.52,31.98,Organic Contaminants,61.01,63.33,28.25,16.11,9.58,93.41,74.66,54.38,135.42,52.06,13.05,2803321.94,Industrial Pigments,Very High,Reliance Circular Ventures,Low,Low Recovery Potential,94.93,15.1,2025-06-09
SEC-160-5,Surat EcoTex Dyeing Pvt Ltd,Surat,Gujarat,Textile Dyeing & Processing,Printing Dye Sludge,Polymer,7784.06,7.17,1136.06,484.64,3544.12,286.89,6087.51,446.47,64.83,24.95,Chromium,41.03,35.77,86.5,16.94,9.48,79.35,75.17,33.12,158.22,29.75,57.99,3735040.11,Compressed Construction Blocks,Medium,Reliance Circular Ventures,Low,Highly Recoverable,80.63,12.8,2025-06-09
SEC-161-1,Surat EcoTex Dyeing Pvt Ltd,Surat,Gujarat,Textile Dyeing & Processing,Chemical Effluent,Textile,6772.92,7.73,708.77,405.22,8638.19,105.04,4003.84,145.95,54.29,53.49,Color Pigments,47.25,42.22,30.29,45.16,1.77,69.92,27.99,63.66,266.27,30.92,22.44,3714207.28,Industrial Pigments,Very High,EcoPack India,Medium,Moderately Recoverable,97.67,21.6,2025-06-10
SEC-161-2,Surat EcoTex Dyeing Pvt Ltd,Surat,Gujarat,Textile Dyeing & Processing,Printing Dye Sludge,Textile,13427.55,7.28,1215.28,58.17,2152.03,78.22,2482.68,560.0,38.45,40.37,Organic Contaminants,75.18,68.28,72.82,22.55,5.07,84.7,37.01,80.02,184.85,27.34,47.72,2131537.4,Eco Packaging Sheets,Emerging,EcoPack India,High,Needs Advanced Treatment,41.81,14.9,2025-06-10
SEC-162-1,Surat EcoTex Dyeing Pvt Ltd,Surat,Gujarat,Textile Dyeing & Processing,Printing Dye Sludge,Chemical,1731.26,5.8,875.39,408.74,1492.02,220.37,3859.91,206.49,23.61,49.26,Organic Contaminants,68.08,63.59,55.37,41.91,1.48,84.91,36.98,66.91,220.24,15.68,5.62,3667831.26,Eco Packaging Sheets,Very High,JSW Green Materials,Low,Low Recovery Potential,63.83,24.0,2025-06-11
SEC-162-2,Surat EcoTex Dyeing Pvt Ltd,Surat,Gujarat,Textile Dyeing & Processing,Fabric Fiber Residue,Mixed,8548.83,7.59,905.91,169.03,8421.44,631.06,1476.86,331.18,9.15,42.34,Oil Residue,81.05,83.74,81.59,47.29,4.11,71.87,19.88,36.36,111.17,81.22,32.63,3792035.51,Eco Bricks,Very High,UltraTech EcoBuild,Low,Low Recovery Potential,67.87,12.4,2025-06-11
SEC-163-1,Surat EcoTex Dyeing Pvt Ltd,Surat,Gujarat,Textile Dyeing & Processing,Sludge,Mixed,6735.46,6.32,320.24,631.67,1543.71,648.95,7833.97,138.44,60.35,44.93,Organic Contaminants,45.32,44.42,29.38,22.72,8.97,84.82,36.49,79.98,160.62,58.12,50.89,235408.1,Eco Packaging Sheets,Emerging,UltraTech EcoBuild,Medium,Low Recovery Potential,97.16,25.8,2025-06-12
SEC-163-2,Surat EcoTex Dyeing Pvt Ltd,Surat,Gujarat,Textile Dyeing & Processing,Printing Dye Sludge,Chemical,12293.6,8.05,1155.97,407.89,4927.28,430.76,5983.76,30.81,51.74,55.73,Heavy Metals,70.57,75.85,86.54,13.7,4.74,69.84,38.9,49.82,443.4,82.83,36.19,1692693.73,Thermal Insulation Boards,High,EcoPack India,High,Low Recovery Potential,59.72,27.1,2025-06-12
SEC-163-3,Surat EcoTex Dyeing Pvt Ltd,Surat,Gujarat,Textile Dyeing & Processing,Printing Dye Sludge,Polymer,8714.89,5.47,336.62,188.93,8485.81,631.12,4034.1,238.68,44.23,41.41,Oil Residue,90.84,94.59,77.57,27.89,8.6,71.1,67.83,81.63,263.52,95.04,28.41,204550.25,Compressed Construction Blocks,Emerging,UltraTech EcoBuild,High,Needs Advanced Treatment,84.84,12.9,2025-06-12
SEC-164-1,Surat EcoTex Dyeing Pvt Ltd,Surat,Gujarat,Textile Dyeing & Processing,Chemical Effluent,Mixed,7952.75,7.0,272.06,668.05,5738.9,405.59,6031.61,398.21,58.21,43.69,Heavy Metals,75.33,66.93,65.59,58.93,8.3,77.81,39.7,39.33,195.68,39.88,9.65,1941430.35,Compressed Construction Blocks,Medium,EcoPack India,High,Moderately Recoverable,89.51,15.0,2025-06-13
SEC-164-2,Surat EcoTex Dyeing Pvt Ltd,Surat,Gujarat,Textile Dyeing & Processing,Chemical Effluent,Textile,11120.52,6.68,730.31,41.33,2478.06,590.08,1653.37,132.28,50.37,44.86,Oil Residue,75.06,76.8,25.3,55.79,7.32,91.05,39.35,84.75,86.84,81.04,42.0,142475.18,Industrial Pigments,Medium,GreenBuild Gujarat,High,Moderately Recoverable,80.12,27.4,2025-06-13
SEC-164-3,Surat EcoTex Dyeing Pvt Ltd,Surat,Gujarat,Textile Dyeing & Processing,Sludge,Mixed,1756.82,5.9,1156.36,459.72,6668.76,249.23,6092.11,473.95,50.18,33.97,Heavy Metals,84.52,85.15,32.69,48.69,6.09,52.86,17.41,36.27,166.72,20.05,54.68,2794220.23,Thermal Insulation Boards,Very High,EcoPack India,High,Needs Advanced Treatment,79.02,16.8,2025-06-13
SEC-164-4,Surat EcoTex Dyeing Pvt Ltd,Surat,Gujarat,Textile Dyeing & Processing,Chemical Effluent,Chemical,10516.79,6.04,906.23,257.94,3336.39,330.26,5411.28,141.25,56.89,47.43,Oil Residue,82.65,71.53,35.33,21.8,9.79,79.43,55.41,33.26,354.77,71.52,35.41,2767311.9,Eco Bricks,High,EcoPack India,High,Moderately Recoverable,57.09,6.3,2025-06-13
SEC-165-1,Surat EcoTex Dyeing Pvt Ltd,Surat,Gujarat,Textile Dyeing & Processing,Chemical Effluent,Mixed,997.25,6.16,356.71,370.14,4372.6,244.44,6957.9,273.11,39.33,44.8,Low Contamination,75.13,67.85,43.35,30.92,1.2,65.18,77.56,74.49,126.14,44.75,41.55,404940.73,Industrial Pigments,Emerging,UltraTech EcoBuild,Low,Moderately Recoverable,55.63,20.2,2025-06-14
SEC-165-2,Surat EcoTex Dyeing Pvt Ltd,Surat,Gujarat,Textile Dyeing & Processing,Printing Dye Sludge,Mixed,12785.45,7.06,632.28,581.42,2478.86,256.31,7381.92,547.06,53.17,31.12,Oil Residue,58.0,61.23,29.15,63.45,2.74,73.78,22.59,46.29,376.07,85.42,18.67,3460627.01,Eco Packaging Sheets,Very High,UltraTech EcoBuild,Medium,Highly Recoverable,65.35,25.8,2025-06-14
SEC-165-3,Surat EcoTex Dyeing Pvt Ltd,Surat,Gujarat,Textile Dyeing & Processing,Chemical Effluent,Textile,5612.39,6.58,306.56,683.25,8606.4,258.12,1244.21,478.71,30.47,46.41,Low Contamination,56.72,59.19,34.82,23.74,8.35,46.6,25.01,67.33,296.9,44.63,50.59,4091642.49,Thermal Insulation Boards,Very High,Reliance Circular Ventures,Medium,Low Recovery Potential,56.78,25.7,2025-06-14
SEC-165-4,Surat EcoTex Dyeing Pvt Ltd,Surat,Gujarat,Textile Dyeing & Processing,Textile Dye Waste,Chemical,8196.8,7.11,722.99,447.04,1437.21,577.9,6120.99,598.16,12.99,53.87,Organic Contaminants,85.57,68.86,80.91,30.69,9.64,60.11,56.37,51.3,362.29,80.07,47.46,2793870.59,Acoustic Insulation Panels,Medium,Reliance Circular Ventures,High,Low Recovery Potential,68.51,26.9,2025-06-14
SEC-165-5,Surat EcoTex Dyeing Pvt Ltd,Surat,Gujarat,Textile Dyeing & Processing,Textile Dye Waste,Mixed,7566.22,5.59,285.0,664.11,7575.03,25.38,2515.72,10.06,67.36,36.02,Organic Contaminants,86.59,79.29,91.12,13.85,9.95,59.52,50.84,91.38,94.99,48.92,25.16,2642578.56,Acoustic Insulation Panels,Emerging,UltraTech EcoBuild,Low,Needs Advanced Treatment,85.72,6.6,2025-06-14
SEC-166-1,Surat EcoTex Dyeing Pvt Ltd,Surat,Gujarat,Textile Dyeing & Processing,Sludge,Mixed,7708.13,5.59,715.66,532.68,4180.65,592.54,1229.84,44.85,26.96,57.77,Oil Residue,51.33,45.37,84.19,39.78,8.13,77.82,58.2,70.92,275.9,48.76,45.0,1058411.51,Thermal Insulation Boards,Medium,GreenBuild Gujarat,High,Moderately Recoverable,40.55,21.9,2025-06-15
SEC-166-2,Surat EcoTex Dyeing Pvt Ltd,Surat,Gujarat,Textile Dyeing & Processing,Sludge,Mixed,8502.19,7.77,670.71,443.96,2695.0,636.25,6174.52,366.05,6.07,36.59,Organic Contaminants,91.82,89.01,47.99,32.18,1.8,68.97,75.32,89.05,149.22,93.35,5.57,4154527.6,Eco Bricks,Emerging,EcoPack India,High,Low Recovery Potential,39.19,9.6,2025-06-15
SEC-166-3,Surat EcoTex Dyeing Pvt Ltd,Surat,Gujarat,Textile Dyeing & Processing,Fabric Fiber Residue,Polymer,11774.72,8.68,794.14,349.81,5842.62,418.12,1677.82,78.28,24.93,41.88,Heavy Metals,78.72,74.47,57.21,23.4,4.81,85.39,17.87,97.63,271.09,71.8,54.4,4117672.25,Eco Packaging Sheets,Medium,GreenBuild Gujarat,Medium,Low Recovery Potential,46.68,20.5,2025-06-15
SEC-166-4,Surat EcoTex Dyeing Pvt Ltd,Surat,Gujarat,Textile Dyeing & Processing,Chemical Effluent,Polymer,4115.69,6.88,980.23,363.01,726.15,536.64,7183.51,547.13,3.4,30.34,Chromium,76.81,84.81,25.76,16.51,2.01,46.02,48.91,38.63,240.09,58.96,10.98,1410540.56,Eco Bricks,Very High,EcoPack India,Low,Needs Advanced Treatment,68.89,21.5,2025-06-15
SEC-167-1,Surat EcoTex Dyeing Pvt Ltd,Surat,Gujarat,Textile Dyeing & Processing,Fabric Fiber Residue,Mixed,935.04,7.72,570.75,526.77,7821.8,157.54,7543.24,168.94,5.79,42.17,Oil Residue,76.88,75.08,25.25,40.74,6.5,68.72,61.77,54.91,240.29,52.23,38.84,2318629.39,Compressed Construction Blocks,Emerging,GreenBuild Gujarat,Low,Highly Recoverable,60.73,8.7,2025-06-16
SEC-167-2,Surat EcoTex Dyeing Pvt Ltd,Surat,Gujarat,Textile Dyeing & Processing,Printing Dye Sludge,Mixed,11228.07,8.49,740.37,331.08,3054.16,114.21,2240.73,94.25,3.85,37.96,Organic Contaminants,66.62,61.79,47.63,55.18,4.8,57.14,62.11,66.23,27.37,71.66,49.4,208901.02,Eco Packaging Sheets,Medium,Reliance Circular Ventures,High,Moderately Recoverable,70.25,25.7,2025-06-16
SEC-167-3,Surat EcoTex Dyeing Pvt Ltd,Surat,Gujarat,Textile Dyeing & Processing,Textile Dye Waste,Polymer,3110.73,6.77,1340.36,228.49,1718.81,287.41,4775.3,271.31,45.43,53.98,Organic Contaminants,40.99,38.91,78.97,22.93,5.0,72.95,23.45,53.11,313.08,93.2,39.03,903295.72,Acoustic Insulation Panels,Very High,JSW Green Materials,Low,Low Recovery Potential,86.76,16.2,2025-06-16
SEC-167-4,Surat EcoTex Dyeing Pvt Ltd,Surat,Gujarat,Textile Dyeing & Processing,Printing Dye Sludge,Polymer,13524.25,5.78,1144.7,48.0,8237.47,220.07,6240.7,94.42,37.9,47.16,Heavy Metals,43.87,44.9,55.46,53.8,5.26,87.82,73.06,36.74,441.88,61.56,54.6,2704865.17,Thermal Insulation Boards,High,UltraTech EcoBuild,Medium,Highly Recoverable,62.55,9.9,2025-06-16
SEC-167-5,Surat EcoTex Dyeing Pvt Ltd,Surat,Gujarat,Textile Dyeing & Processing,Textile Dye Waste,Mixed,1767.59,5.99,700.88,291.49,591.21,171.38,6890.24,512.63,19.18,36.12,Color Pigments,54.54,55.61,84.85,15.31,4.01,95.2,48.75,88.1,95.29,58.89,35.58,771141.71,Acoustic Insulation Panels,Emerging,JSW Green Materials,Medium,Needs Advanced Treatment,83.04,16.8,2025-06-16
SEC-168-1,Surat EcoTex Dyeing Pvt Ltd,Surat,Gujarat,Textile Dyeing & Processing,Sludge,Polymer,8791.93,6.76,1216.58,584.59,7704.91,238.34,4819.19,276.3,10.73,42.19,Oil Residue,47.66,45.72,47.29,25.05,6.43,90.36,42.58,97.26,74.41,31.6,40.46,1630943.4,Thermal Insulation Boards,Emerging,UltraTech EcoBuild,Low,Low Recovery Potential,88.58,28.7,2025-06-17
SEC-168-2,Surat EcoTex Dyeing Pvt Ltd,Surat,Gujarat,Textile Dyeing & Processing,Chemical Effluent,Mixed,9644.65,6.07,357.12,103.25,8751.16,437.68,3944.52,240.48,39.56,33.32,Organic Contaminants,70.56,68.68,55.8,37.37,2.32,87.69,13.52,75.81,34.9,72.07,20.02,3975439.35,Compressed Construction Blocks,High,Reliance Circular Ventures,Medium,Needs Advanced Treatment,39.99,24.0,2025-06-17
SEC-168-3,Surat EcoTex Dyeing Pvt Ltd,Surat,Gujarat,Textile Dyeing & Processing,Printing Dye Sludge,Chemical,3084.35,5.68,663.52,563.92,4076.41,177.98,6878.72,309.43,67.89,33.35,Oil Residue,53.01,59.17,75.47,49.77,6.38,63.06,59.72,90.19,92.2,92.77,37.62,3361778.13,Industrial Pigments,Very High,Reliance Circular Ventures,High,Moderately Recoverable,80.12,26.6,2025-06-17
SEC-168-4,Surat EcoTex Dyeing Pvt Ltd,Surat,Gujarat,Textile Dyeing & Processing,Fabric Fiber Residue,Polymer,10942.82,6.17,880.02,649.63,7933.71,423.48,6627.39,378.75,28.93,44.41,Low Contamination,81.33,83.02,48.19,48.94,8.41,49.09,55.04,40.63,283.82,16.23,48.92,4008661.67,Thermal Insulation Boards,Medium,EcoPack India,High,Highly Recoverable,68.1,24.4,2025-06-17
SEC-168-5,Surat EcoTex Dyeing Pvt Ltd,Surat,Gujarat,Textile Dyeing & Processing,Chemical Effluent,Chemical,6086.12,8.24,519.24,119.56,4486.23,247.86,8043.88,157.18,46.98,46.01,Organic Contaminants,67.2,65.06,31.53,27.33,9.4,65.33,74.11,71.15,111.15,29.85,47.15,2426739.7,Acoustic Insulation Panels,High,JSW Green Materials,Medium,Highly Recoverable,38.33,5.1,2025-06-17
SEC-169-1,Surat EcoTex Dyeing Pvt Ltd,Surat,Gujarat,Textile Dyeing & Processing,Sludge,Textile,7720.25,5.67,1191.11,626.86,3600.95,387.94,6439.06,358.23,17.18,45.11,Chromium,52.02,46.06,29.88,21.38,9.35,47.7,78.89,60.8,436.22,22.99,51.04,3261684.44,Acoustic Insulation Panels,Emerging,Reliance Circular Ventures,Medium,Low Recovery Potential,72.45,9.9,2025-06-18
SEC-169-2,Surat EcoTex Dyeing Pvt Ltd,Surat,Gujarat,Textile Dyeing & Processing,Printing Dye Sludge,Mixed,8433.4,6.05,1105.03,478.3,6194.63,559.09,7817.48,357.49,8.23,44.32,Organic Contaminants,74.83,64.63,36.19,32.75,1.39,69.1,15.1,83.4,296.15,32.76,34.59,3565711.43,Eco Packaging Sheets,High,UltraTech EcoBuild,High,Needs Advanced Treatment,75.76,4.4,2025-06-18
SEC-169-3,Surat EcoTex Dyeing Pvt Ltd,Surat,Gujarat,Textile Dyeing & Processing,Printing Dye Sludge,Mixed,3190.29,7.96,502.67,583.14,5391.58,408.65,8469.37,497.06,65.57,26.18,Low Contamination,71.47,73.76,45.44,41.99,6.48,64.68,56.24,38.97,150.98,59.42,52.36,4319586.07,Industrial Pigments,High,Reliance Circular Ventures,Medium,Highly Recoverable,69.93,6.2,2025-06-18
SEC-169-4,Surat EcoTex Dyeing Pvt Ltd,Surat,Gujarat,Textile Dyeing & Processing,Printing Dye Sludge,Chemical,4907.63,5.82,1079.76,91.77,4740.89,192.42,8156.83,167.93,24.97,36.92,Heavy Metals,64.31,69.06,61.86,54.27,9.22,94.12,25.56,96.66,286.17,34.39,15.88,3381086.0,Thermal Insulation Boards,Emerging,EcoPack India,Medium,Low Recovery Potential,51.34,18.3,2025-06-18
SEC-170-1,Surat EcoTex Dyeing Pvt Ltd,Surat,Gujarat,Textile Dyeing & Processing,Textile Dye Waste,Chemical,1669.35,6.66,1181.19,99.99,3942.17,440.3,3943.42,132.01,30.7,48.19,Oil Residue,46.61,46.19,90.62,54.96,6.0,85.39,26.87,63.9,435.76,45.31,46.71,293173.45,Industrial Pigments,Medium,JSW Green Materials,Low,Needs Advanced Treatment,96.97,7.2,2025-06-19
SEC-170-2,Surat EcoTex Dyeing Pvt Ltd,Surat,Gujarat,Textile Dyeing & Processing,Chemical Effluent,Mixed,9108.41,6.54,1203.67,299.0,5886.43,272.89,8145.39,450.61,43.6,28.36,Organic Contaminants,55.86,52.68,25.85,53.34,9.04,93.43,46.3,33.01,442.77,16.11,21.27,1092214.26,Industrial Pigments,Medium,Reliance Circular Ventures,Low,Low Recovery Potential,37.98,24.2,2025-06-19
SEC-170-3,Surat EcoTex Dyeing Pvt Ltd,Surat,Gujarat,Textile Dyeing & Processing,Fabric Fiber Residue,Textile,3238.48,5.35,952.15,326.01,2634.75,482.67,3669.47,597.49,47.15,55.84,Chromium,52.69,51.34,63.86,41.65,3.08,80.97,36.42,54.91,86.45,22.84,43.74,1938027.51,Industrial Pigments,Very High,EcoPack India,Low,Highly Recoverable,68.66,23.5,2025-06-19
SEC-170-4,Surat EcoTex Dyeing Pvt Ltd,Surat,Gujarat,Textile Dyeing & Processing,Printing Dye Sludge,Mixed,8311.61,7.38,1101.56,508.15,6249.43,218.32,2618.49,95.88,69.4,28.16,Organic Contaminants,71.35,73.21,60.03,28.35,3.58,87.86,22.23,77.39,6.12,88.99,18.72,4301021.11,Eco Bricks,Emerging,EcoPack India,High,Needs Advanced Treatment,56.16,23.5,2025-06-19
SEC-170-5,Surat EcoTex Dyeing Pvt Ltd,Surat,Gujarat,Textile Dyeing & Processing,Sludge,Chemical,3808.55,7.33,1169.71,398.87,5844.32,608.6,1539.77,117.15,58.12,26.39,Heavy Metals,55.14,56.32,31.69,19.09,7.89,71.75,42.04,41.1,247.45,17.07,57.61,1279900.4,Industrial Pigments,Medium,Reliance Circular Ventures,Medium,Low Recovery Potential,68.84,16.0,2025-06-19
SEC-171-1,Surat EcoTex Dyeing Pvt Ltd,Surat,Gujarat,Textile Dyeing & Processing,Fabric Fiber Residue,Mixed,3308.87,8.32,995.77,389.28,1602.35,435.02,7206.96,476.18,67.15,40.56,Heavy Metals,95.95,101.08,88.34,43.52,3.21,97.7,51.11,58.04,51.29,43.53,16.52,3962831.33,Thermal Insulation Boards,Medium,UltraTech EcoBuild,Low,Highly Recoverable,35.38,15.5,2025-06-20
SEC-171-2,Surat EcoTex Dyeing Pvt Ltd,Surat,Gujarat,Textile Dyeing & Processing,Chemical Effluent,Polymer,3111.16,6.07,1202.53,390.17,8976.48,358.08,5873.82,538.26,19.44,43.28,Oil Residue,84.49,85.96,86.27,12.24,9.92,74.94,10.3,74.53,35.15,36.44,8.79,1549955.54,Acoustic Insulation Panels,High,GreenBuild Gujarat,High,Moderately Recoverable,44.77,14.9,2025-06-20
SEC-171-3,Surat EcoTex Dyeing Pvt Ltd,Surat,Gujarat,Textile Dyeing & Processing,Fabric Fiber Residue,Mixed,6350.08,8.45,1082.75,83.96,1987.0,592.17,8442.04,305.54,48.99,34.56,Color Pigments,54.02,52.87,59.75,34.0,8.8,58.08,59.39,75.35,53.86,80.38,47.0,1038131.67,Compressed Construction Blocks,Emerging,Reliance Circular Ventures,Low,Low Recovery Potential,40.84,20.7,2025-06-20
SEC-171-4,Surat EcoTex Dyeing Pvt Ltd,Surat,Gujarat,Textile Dyeing & Processing,Sludge,Mixed,2409.53,8.49,1028.35,278.3,7603.21,35.39,4067.23,329.42,11.89,40.49,Oil Residue,59.2,58.13,38.54,59.49,2.06,64.87,50.63,67.51,41.01,64.53,57.92,3269074.68,Eco Packaging Sheets,High,UltraTech EcoBuild,High,Needs Advanced Treatment,78.88,6.5,2025-06-20
SEC-171-5,Surat EcoTex Dyeing Pvt Ltd,Surat,Gujarat,Textile Dyeing & Processing,Chemical Effluent,Mixed,12082.46,6.6,423.94,31.96,8594.57,597.96,544.5,570.03,67.42,53.26,Heavy Metals,67.84,75.62,58.5,53.7,9.4,78.61,31.85,50.15,361.27,72.66,49.22,1348468.69,Acoustic Insulation Panels,High,JSW Green Materials,High,Moderately Recoverable,78.0,18.5,2025-06-20
SEC-172-1,Surat EcoTex Dyeing Pvt Ltd,Surat,Gujarat,Textile Dyeing & Processing,Printing Dye Sludge,Chemical,2641.44,8.48,1149.27,401.85,3010.85,531.83,3899.66,216.92,39.31,53.77,Heavy Metals,64.39,57.21,38.52,52.22,9.23,84.29,20.15,89.62,261.07,54.79,37.33,4469142.87,Eco Bricks,Medium,EcoPack India,Low,Low Recovery Potential,36.49,28.0,2025-06-21
SEC-172-2,Surat EcoTex Dyeing Pvt Ltd,Surat,Gujarat,Textile Dyeing & Processing,Printing Dye Sludge,Polymer,7766.99,6.53,1201.91,544.85,7099.73,296.47,8021.37,147.67,61.88,32.82,Color Pigments,59.07,63.56,70.1,64.51,7.68,72.09,35.03,74.21,167.67,82.67,36.61,605147.43,Eco Bricks,Medium,GreenBuild Gujarat,High,Highly Recoverable,97.71,8.1,2025-06-21
SEC-172-3,Surat EcoTex Dyeing Pvt Ltd,Surat,Gujarat,Textile Dyeing & Processing,Textile Dye Waste,Polymer,11215.61,7.11,1311.36,188.76,6341.53,100.15,5076.41,22.87,14.77,43.59,Low Contamination,58.93,48.1,70.89,41.46,9.91,53.26,54.69,65.79,203.38,75.33,64.05,3055336.99,Thermal Insulation Boards,Very High,JSW Green Materials,Medium,Moderately Recoverable,71.57,20.5,2025-06-21
SEC-172-4,Surat EcoTex Dyeing Pvt Ltd,Surat,Gujarat,Textile Dyeing & Processing,Textile Dye Waste,Mixed,6021.87,8.16,344.94,611.32,4943.42,196.17,2639.35,79.97,41.31,27.63,Organic Contaminants,65.85,69.66,73.52,33.62,3.17,59.27,25.07,60.03,374.32,40.96,55.7,327012.9,Thermal Insulation Boards,Very High,JSW Green Materials,Medium,Needs Advanced Treatment,68.98,27.1,2025-06-21
SEC-172-5,Surat EcoTex Dyeing Pvt Ltd,Surat,Gujarat,Textile Dyeing & Processing,Sludge,Mixed,7300.84,5.88,293.67,88.61,1935.41,200.03,5443.39,261.87,3.9,39.71,Chromium,81.85,72.56,94.35,22.36,6.85,95.52,31.94,87.07,343.92,65.44,32.91,696107.77,Acoustic Insulation Panels,Emerging,EcoPack India,High,Highly Recoverable,52.95,23.0,2025-06-21
SEC-173-1,Surat EcoTex Dyeing Pvt Ltd,Surat,Gujarat,Textile Dyeing & Processing,Sludge,Mixed,7215.87,6.88,740.77,436.37,4840.31,40.87,6382.33,107.43,34.02,37.19,Low Contamination,47.71,50.81,90.75,32.33,1.62,67.14,33.03,50.61,181.9,31.04,19.9,2566945.47,Acoustic Insulation Panels,Very High,EcoPack India,Low,Moderately Recoverable,78.41,15.1,2025-06-22
SEC-173-2,Surat EcoTex Dyeing Pvt Ltd,Surat,Gujarat,Textile Dyeing & Processing,Sludge,Textile,5825.17,7.77,716.29,603.53,6808.46,81.49,521.27,176.59,59.08,56.5,Organic Contaminants,64.07,59.91,70.75,41.98,8.04,93.19,45.63,58.65,119.34,77.07,53.67,1513579.79,Eco Packaging Sheets,Emerging,Reliance Circular Ventures,High,Highly Recoverable,35.35,26.5,2025-06-22
SEC-173-3,Surat EcoTex Dyeing Pvt Ltd,Surat,Gujarat,Textile Dyeing & Processing,Chemical Effluent,Polymer,11274.56,5.87,437.77,500.27,5539.3,553.17,493.71,352.69,48.27,44.63,Low Contamination,68.06,61.79,27.19,12.08,4.78,50.84,35.31,77.73,441.45,86.57,13.61,2096417.97,Industrial Pigments,Medium,GreenBuild Gujarat,High,Needs Advanced Treatment,46.62,25.9,2025-06-22
SEC-174-1,Surat EcoTex Dyeing Pvt Ltd,Surat,Gujarat,Textile Dyeing & Processing,Textile Dye Waste,Chemical,7111.1,5.24,803.86,342.35,8834.52,454.66,7622.74,456.39,6.67,26.05,Organic Contaminants,46.72,49.64,73.05,47.67,7.23,52.42,33.67,48.4,179.74,76.43,56.1,915344.2,Eco Packaging Sheets,Very High,UltraTech EcoBuild,High,Moderately Recoverable,86.12,26.4,2025-06-23
SEC-174-2,Surat EcoTex Dyeing Pvt Ltd,Surat,Gujarat,Textile Dyeing & Processing,Textile Dye Waste,Chemical,10724.66,6.42,1199.41,164.27,6828.44,224.71,5432.35,365.0,50.99,41.72,Low Contamination,65.12,57.12,94.8,63.27,2.3,67.07,29.81,73.39,36.25,62.15,55.43,3162841.22,Compressed Construction Blocks,Medium,JSW Green Materials,Medium,Needs Advanced Treatment,90.23,24.5,2025-06-23
SEC-175-1,Surat EcoTex Dyeing Pvt Ltd,Surat,Gujarat,Textile Dyeing & Processing,Textile Dye Waste,Polymer,2839.19,7.43,423.12,311.61,1786.78,134.8,4729.16,49.04,31.51,34.98,Chromium,87.69,84.65,52.74,57.66,8.04,45.84,20.28,40.64,44.8,39.16,26.01,1202292.64,Eco Bricks,High,Reliance Circular Ventures,Medium,Moderately Recoverable,67.47,25.1,2025-06-24
SEC-175-2,Surat EcoTex Dyeing Pvt Ltd,Surat,Gujarat,Textile Dyeing & Processing,Chemical Effluent,Polymer,4727.5,6.39,795.06,586.81,6978.37,33.36,8492.66,346.29,3.36,43.61,Organic Contaminants,56.73,46.42,92.69,13.74,2.16,83.84,28.16,58.63,32.8,31.46,15.91,220110.72,Thermal Insulation Boards,Very High,Reliance Circular Ventures,Low,Highly Recoverable,61.55,20.2,2025-06-24
SEC-175-3,Surat EcoTex Dyeing Pvt Ltd,Surat,Gujarat,Textile Dyeing & Processing,Chemical Effluent,Mixed,4394.84,6.13,229.57,360.44,5107.33,478.84,8348.2,196.1,6.41,26.21,Color Pigments,90.21,94.9,38.34,14.89,1.75,51.18,19.06,87.91,79.37,62.24,20.35,615198.09,Thermal Insulation Boards,Medium,JSW Green Materials,Low,Low Recovery Potential,69.75,21.8,2025-06-24
SEC-175-4,Surat EcoTex Dyeing Pvt Ltd,Surat,Gujarat,Textile Dyeing & Processing,Printing Dye Sludge,Textile,10890.85,7.92,450.42,564.99,819.7,302.98,5571.32,138.74,52.74,32.2,Color Pigments,41.14,35.57,71.51,56.23,9.14,97.56,52.69,49.5,312.05,53.06,13.13,1427393.15,Eco Packaging Sheets,Very High,GreenBuild Gujarat,Low,Needs Advanced Treatment,58.26,15.2,2025-06-24
SEC-175-5,Surat EcoTex Dyeing Pvt Ltd,Surat,Gujarat,Textile Dyeing & Processing,Chemical Effluent,Polymer,2673.64,7.23,1362.21,459.25,6095.16,427.13,5765.21,583.02,58.75,27.22,Low Contamination,46.24,43.65,27.92,22.63,8.49,58.79,30.6,83.96,402.39,16.41,33.96,1356758.01,Industrial Pigments,Emerging,JSW Green Materials,Low,Needs Advanced Treatment,89.42,17.8,2025-06-24
SEC-176-1,Surat EcoTex Dyeing Pvt Ltd,Surat,Gujarat,Textile Dyeing & Processing,Chemical Effluent,Chemical,13334.02,5.45,1382.17,211.24,7269.94,186.39,5759.34,484.93,46.32,30.36,Organic Contaminants,67.32,55.93,34.4,23.6,4.87,90.93,41.8,65.42,409.08,65.84,30.87,2922607.97,Eco Bricks,Very High,JSW Green Materials,High,Low Recovery Potential,39.05,8.3,2025-06-25
SEC-176-2,Surat EcoTex Dyeing Pvt Ltd,Surat,Gujarat,Textile Dyeing & Processing,Fabric Fiber Residue,Chemical,2601.1,6.27,923.76,75.4,1579.45,166.22,1241.33,570.47,45.43,54.64,Chromium,83.84,73.09,65.28,27.52,3.25,75.48,68.42,44.41,52.12,35.51,13.46,747496.7,Acoustic Insulation Panels,Emerging,UltraTech EcoBuild,Low,Highly Recoverable,76.79,27.6,2025-06-25
SEC-176-3,Surat EcoTex Dyeing Pvt Ltd,Surat,Gujarat,Textile Dyeing & Processing,Printing Dye Sludge,Mixed,7918.69,7.24,1258.13,518.26,1251.4,172.27,4863.14,100.48,44.41,43.81,Organic Contaminants,77.64,85.38,36.74,26.53,1.4,73.83,21.48,55.74,226.18,68.19,58.63,3595154.11,Thermal Insulation Boards,Very High,Reliance Circular Ventures,High,Highly Recoverable,77.78,6.4,2025-06-25
SEC-177-1,Surat EcoTex Dyeing Pvt Ltd,Surat,Gujarat,Textile Dyeing & Processing,Fabric Fiber Residue,Mixed,6280.41,8.29,695.07,574.47,1110.12,27.46,613.54,569.91,13.61,40.73,Heavy Metals,95.13,86.31,79.14,40.5,8.31,57.57,66.54,52.53,342.05,27.54,14.04,3833819.67,Eco Packaging Sheets,Medium,Reliance Circular Ventures,Medium,Moderately Recoverable,50.73,15.6,2025-06-26
SEC-177-2,Surat EcoTex Dyeing Pvt Ltd,Surat,Gujarat,Textile Dyeing & Processing,Fabric Fiber Residue,Textile,10288.23,8.03,1038.13,539.41,6731.78,242.92,2496.42,550.67,33.3,39.5,Heavy Metals,51.55,42.91,43.62,32.84,5.34,49.69,51.5,42.37,193.16,31.49,6.91,1191928.28,Eco Bricks,Emerging,EcoPack India,Medium,Highly Recoverable,44.3,18.8,2025-06-26
SEC-177-3,Surat EcoTex Dyeing Pvt Ltd,Surat,Gujarat,Textile Dyeing & Processing,Printing Dye Sludge,Textile,7819.42,8.23,836.54,360.71,5168.51,207.7,3402.2,201.9,52.5,42.58,Chromium,81.13,66.67,81.83,33.41,9.38,55.42,77.89,41.71,152.82,25.24,50.0,2951846.93,Industrial Pigments,Very High,GreenBuild Gujarat,Medium,Needs Advanced Treatment,56.5,17.7,2025-06-26
SEC-177-4,Surat EcoTex Dyeing Pvt Ltd,Surat,Gujarat,Textile Dyeing & Processing,Fabric Fiber Residue,Textile,2410.96,7.71,1333.56,83.06,6678.19,49.92,7482.35,220.97,51.17,43.28,Color Pigments,89.43,96.47,75.77,30.76,2.18,52.05,32.15,90.94,9.4,26.13,5.27,384048.78,Industrial Pigments,Medium,Reliance Circular Ventures,High,Needs Advanced Treatment,48.93,19.0,2025-06-26
SEC-178-1,Surat EcoTex Dyeing Pvt Ltd,Surat,Gujarat,Textile Dyeing & Processing,Sludge,Polymer,11439.69,6.87,1305.17,640.05,2238.65,205.59,4177.32,201.01,37.38,49.7,Organic Contaminants,86.84,70.88,28.16,43.58,1.81,72.4,47.29,33.9,143.3,21.14,15.85,1674267.22,Eco Bricks,Medium,GreenBuild Gujarat,High,Low Recovery Potential,38.93,28.5,2025-06-27
SEC-178-2,Surat EcoTex Dyeing Pvt Ltd,Surat,Gujarat,Textile Dyeing & Processing,Chemical Effluent,Chemical,10616.41,7.83,1262.44,128.06,5512.13,243.06,5564.96,397.82,4.01,41.3,Color Pigments,89.64,83.72,57.66,57.52,2.44,79.78,57.78,43.43,320.46,55.74,5.85,3086863.51,Acoustic Insulation Panels,High,Reliance Circular Ventures,Low,Highly Recoverable,94.38,9.6,2025-06-27
SEC-179-1,Surat EcoTex Dyeing Pvt Ltd,Surat,Gujarat,Textile Dyeing & Processing,Fabric Fiber Residue,Textile,1933.99,7.08,470.37,308.63,6536.0,273.44,3307.44,225.98,44.27,40.07,Chromium,95.59,96.82,60.56,35.44,6.66,49.39,75.29,74.67,113.49,58.27,46.89,2648321.18,Eco Packaging Sheets,Medium,EcoPack India,High,Moderately Recoverable,73.97,12.5,2025-06-28
SEC-179-2,Surat EcoTex Dyeing Pvt Ltd,Surat,Gujarat,Textile Dyeing & Processing,Fabric Fiber Residue,Textile,8551.29,5.71,1161.33,474.52,2357.16,360.7,3405.51,494.66,7.46,54.77,Heavy Metals,97.88,98.73,58.68,56.7,7.01,51.93,59.08,74.8,50.66,37.76,26.9,4346776.77,Eco Packaging Sheets,Emerging,GreenBuild Gujarat,High,Highly Recoverable,36.76,17.6,2025-06-28
SEC-179-3,Surat EcoTex Dyeing Pvt Ltd,Surat,Gujarat,Textile Dyeing & Processing,Textile Dye Waste,Textile,13934.21,5.6,968.07,31.31,5504.84,481.98,2154.06,124.77,53.85,48.51,Color Pigments,62.16,60.09,84.7,29.98,5.81,61.74,35.97,97.32,421.12,37.41,12.03,225789.94,Eco Packaging Sheets,High,GreenBuild Gujarat,High,Needs Advanced Treatment,38.12,17.1,2025-06-28
SEC-179-4,Surat EcoTex Dyeing Pvt Ltd,Surat,Gujarat,Textile Dyeing & Processing,Textile Dye Waste,Textile,2903.3,7.11,677.21,336.96,8598.44,592.95,7303.81,536.82,60.56,24.32,Oil Residue,69.53,68.72,71.58,11.65,7.93,79.1,40.82,85.95,251.87,20.63,22.99,1165368.14,Acoustic Insulation Panels,Very High,EcoPack India,High,Low Recovery Potential,36.61,11.6,2025-06-28
SEC-180-1,Surat EcoTex Dyeing Pvt Ltd,Surat,Gujarat,Textile Dyeing & Processing,Textile Dye Waste,Mixed,7821.39,6.54,954.85,301.04,8932.35,444.49,3406.57,379.94,16.98,37.46,Oil Residue,63.08,54.94,54.98,47.86,5.0,62.43,54.9,36.94,90.87,22.62,14.36,1462641.85,Industrial Pigments,Emerging,UltraTech EcoBuild,Low,Low Recovery Potential,47.72,9.1,2025-06-29
SEC-180-2,Surat EcoTex Dyeing Pvt Ltd,Surat,Gujarat,Textile Dyeing & Processing,Printing Dye Sludge,Mixed,12185.28,7.45,1096.0,509.5,4888.7,476.55,4332.1,574.86,59.25,49.93,Color Pigments,45.67,50.23,31.35,21.38,6.53,66.09,15.71,94.06,195.41,26.6,23.66,1555229.18,Thermal Insulation Boards,High,UltraTech EcoBuild,Low,Moderately Recoverable,93.93,14.0,2025-06-29
SEC-180-3,Surat EcoTex Dyeing Pvt Ltd,Surat,Gujarat,Textile Dyeing & Processing,Printing Dye Sludge,Chemical,8197.85,6.61,1149.93,501.48,8960.76,145.16,6880.77,481.8,16.47,39.14,Organic Contaminants,83.53,71.99,34.82,51.35,3.28,59.18,77.45,43.69,371.75,77.77,40.47,296315.52,Eco Bricks,High,EcoPack India,Medium,Moderately Recoverable,55.47,5.7,2025-06-29
SEC-180-4,Surat EcoTex Dyeing Pvt Ltd,Surat,Gujarat,Textile Dyeing & Processing,Fabric Fiber Residue,Textile,13695.94,5.96,1146.1,636.86,7464.38,34.3,7308.19,220.86,41.27,53.76,Color Pigments,43.64,38.9,27.76,29.4,5.3,67.7,40.43,92.02,44.81,87.76,64.35,932175.47,Thermal Insulation Boards,Medium,EcoPack India,High,Needs Advanced Treatment,43.82,24.2,2025-06-29
SEC-181-1,Surat EcoTex Dyeing Pvt Ltd,Surat,Gujarat,Textile Dyeing & Processing,Printing Dye Sludge,Polymer,7442.79,7.13,939.29,569.26,4234.74,489.45,4985.42,389.75,57.28,39.61,Heavy Metals,81.26,83.25,29.39,10.26,6.99,89.04,69.88,34.03,197.61,73.86,51.19,664667.8,Acoustic Insulation Panels,Medium,UltraTech EcoBuild,Medium,Moderately Recoverable,92.85,16.8,2025-06-30
SEC-181-2,Surat EcoTex Dyeing Pvt Ltd,Surat,Gujarat,Textile Dyeing & Processing,Chemical Effluent,Polymer,7431.84,7.31,208.67,589.91,3658.85,428.13,8014.21,118.86,16.86,53.82,Oil Residue,96.19,83.93,66.42,44.47,2.98,93.56,11.5,59.64,137.04,15.44,39.48,3057786.08,Compressed Construction Blocks,High,Reliance Circular Ventures,Medium,Needs Advanced Treatment,46.87,29.2,2025-06-30
SEC-182-1,Surat EcoTex Dyeing Pvt Ltd,Surat,Gujarat,Textile Dyeing & Processing,Chemical Effluent,Chemical,9134.78,5.77,509.1,425.5,1445.81,306.98,6363.77,307.01,4.56,42.92,Oil Residue,91.92,79.65,41.5,10.29,5.98,47.77,51.24,87.15,64.4,37.93,60.68,1781035.46,Compressed Construction Blocks,Emerging,EcoPack India,High,Needs Advanced Treatment,93.61,27.3,2025-07-01
SEC-182-2,Surat EcoTex Dyeing Pvt Ltd,Surat,Gujarat,Textile Dyeing & Processing,Printing Dye Sludge,Textile,7851.83,5.68,251.11,482.69,5692.98,530.62,4283.57,425.46,25.74,50.89,Color Pigments,58.69,65.36,64.71,52.54,6.81,50.82,23.77,56.38,12.17,16.31,10.62,3068932.35,Compressed Construction Blocks,High,Reliance Circular Ventures,High,Highly Recoverable,66.19,8.3,2025-07-01
SEC-182-3,Surat EcoTex Dyeing Pvt Ltd,Surat,Gujarat,Textile Dyeing & Processing,Chemical Effluent,Mixed,5903.29,5.73,532.16,202.6,5095.52,179.65,1094.93,76.66,17.94,28.03,Organic Contaminants,60.35,54.74,89.1,27.65,9.24,48.52,59.36,61.72,193.91,54.42,13.82,1930276.46,Eco Packaging Sheets,Emerging,UltraTech EcoBuild,Medium,Low Recovery Potential,88.64,13.2,2025-07-01
SEC-182-4,Surat EcoTex Dyeing Pvt Ltd,Surat,Gujarat,Textile Dyeing & Processing,Fabric Fiber Residue,Polymer,1583.4,7.11,403.3,503.43,5415.88,150.68,2912.23,477.76,37.66,46.96,Chromium,96.37,89.66,78.84,35.61,7.58,55.7,56.85,60.13,131.42,51.84,20.56,1612021.51,Acoustic Insulation Panels,Very High,Reliance Circular Ventures,High,Low Recovery Potential,86.47,23.8,2025-07-01
SEC-183-1,Surat EcoTex Dyeing Pvt Ltd,Surat,Gujarat,Textile Dyeing & Processing,Fabric Fiber Residue,Polymer,12503.91,6.25,874.11,547.6,1670.89,404.13,7111.57,50.96,2.81,25.7,Low Contamination,95.27,100.84,47.26,50.76,8.14,73.42,35.29,43.1,133.7,38.59,48.23,3851543.95,Eco Bricks,Medium,JSW Green Materials,High,Highly Recoverable,89.04,29.5,2025-07-02
SEC-183-2,Surat EcoTex Dyeing Pvt Ltd,Surat,Gujarat,Textile Dyeing & Processing,Fabric Fiber Residue,Chemical,9349.4,6.8,901.77,178.68,7382.94,603.54,2080.08,84.29,38.13,36.15,Heavy Metals,75.28,75.36,53.07,16.17,7.92,96.85,26.95,86.92,231.14,42.48,19.39,1696228.53,Industrial Pigments,Emerging,EcoPack India,Medium,Moderately Recoverable,62.08,8.5,2025-07-02
SEC-183-3,Surat EcoTex Dyeing Pvt Ltd,Surat,Gujarat,Textile Dyeing & Processing,Chemical Effluent,Polymer,2275.6,5.44,1135.13,467.16,8031.71,405.76,8274.9,452.28,7.38,56.88,Oil Residue,45.86,42.67,86.9,45.15,7.67,46.01,46.77,91.93,215.63,23.4,26.95,1573475.77,Thermal Insulation Boards,Emerging,EcoPack India,High,Moderately Recoverable,67.92,5.8,2025-07-02
SEC-183-4,Surat EcoTex Dyeing Pvt Ltd,Surat,Gujarat,Textile Dyeing & Processing,Printing Dye Sludge,Mixed,12149.4,5.38,499.33,470.12,8903.0,75.5,1480.45,54.59,7.26,24.78,Organic Contaminants,96.61,82.59,66.29,44.69,1.9,74.01,62.84,42.19,390.04,87.97,31.39,1049479.91,Eco Packaging Sheets,High,EcoPack India,High,Needs Advanced Treatment,40.3,16.3,2025-07-02
SEC-183-5,Surat EcoTex Dyeing Pvt Ltd,Surat,Gujarat,Textile Dyeing & Processing,Sludge,Textile,4075.12,8.09,1032.59,233.43,7778.91,83.01,4527.58,280.62,53.55,41.28,Oil Residue,87.93,90.4,25.41,59.82,8.82,63.59,65.4,66.93,373.55,77.26,46.9,295937.5,Acoustic Insulation Panels,Emerging,JSW Green Materials,Medium,Needs Advanced Treatment,65.23,18.1,2025-07-02
SEC-184-1,Surat EcoTex Dyeing Pvt Ltd,Surat,Gujarat,Textile Dyeing & Processing,Fabric Fiber Residue,Chemical,9354.75,6.31,1022.21,571.83,2759.35,222.87,6827.8,300.45,6.14,56.91,Heavy Metals,67.09,71.07,89.66,37.82,3.79,83.78,53.51,46.01,340.28,23.61,11.73,1490260.45,Acoustic Insulation Panels,Medium,UltraTech EcoBuild,Low,Needs Advanced Treatment,66.26,21.0,2025-07-03
SEC-184-2,Surat EcoTex Dyeing Pvt Ltd,Surat,Gujarat,Textile Dyeing & Processing,Textile Dye Waste,Chemical,4104.13,6.29,538.18,208.98,2945.2,576.6,7150.05,546.6,61.5,43.62,Low Contamination,46.3,39.42,89.06,37.4,3.43,68.74,41.79,45.57,61.6,91.53,54.74,720106.08,Thermal Insulation Boards,Emerging,JSW Green Materials,High,Moderately Recoverable,83.92,18.9,2025-07-03
SEC-184-3,Surat EcoTex Dyeing Pvt Ltd,Surat,Gujarat,Textile Dyeing & Processing,Chemical Effluent,Textile,2498.44,6.85,221.48,100.31,5338.03,256.93,8137.33,434.63,53.15,36.09,Organic Contaminants,88.11,89.95,91.3,43.38,9.99,85.29,10.68,46.26,139.52,22.31,13.92,4201393.86,Eco Bricks,Medium,JSW Green Materials,Medium,Needs Advanced Treatment,52.28,17.3,2025-07-03
SEC-184-4,Surat EcoTex Dyeing Pvt Ltd,Surat,Gujarat,Textile Dyeing & Processing,Fabric Fiber Residue,Textile,8004.59,8.58,1257.1,502.87,6329.85,32.48,7326.28,159.72,42.77,57.43,Chromium,45.44,48.85,55.96,27.04,6.93,97.64,26.07,80.32,381.21,44.86,28.73,3902338.72,Eco Bricks,Medium,Reliance Circular Ventures,Low,Low Recovery Potential,45.42,19.9,2025-07-03
SEC-184-5,Surat EcoTex Dyeing Pvt Ltd,Surat,Gujarat,Textile Dyeing & Processing,Printing Dye Sludge,Mixed,8074.24,6.89,358.5,160.95,6758.21,393.09,7577.67,253.56,55.97,25.45,Heavy Metals,51.46,45.29,57.57,22.18,7.78,61.02,79.76,76.24,205.4,81.01,17.48,3908734.41,Eco Packaging Sheets,Very High,Reliance Circular Ventures,High,Needs Advanced Treatment,62.49,14.3,2025-07-03
SEC-185-1,Surat EcoTex Dyeing Pvt Ltd,Surat,Gujarat,Textile Dyeing & Processing,Textile Dye Waste,Mixed,13919.92,7.55,830.64,641.0,3957.09,296.35,6414.89,534.42,23.68,34.56,Color Pigments,66.8,71.55,35.6,40.27,8.71,46.57,52.11,54.79,165.9,82.39,52.15,3972241.93,Eco Packaging Sheets,Very High,Reliance Circular Ventures,Low,Low Recovery Potential,85.18,26.1,2025-07-04
SEC-185-2,Surat EcoTex Dyeing Pvt Ltd,Surat,Gujarat,Textile Dyeing & Processing,Textile Dye Waste,Mixed,1765.06,7.46,1035.25,398.63,3056.62,194.35,5477.65,310.92,61.68,26.99,Color Pigments,44.82,46.54,84.01,17.76,5.96,63.31,70.85,57.94,194.53,53.83,39.07,2910490.83,Acoustic Insulation Panels,Emerging,EcoPack India,Medium,Needs Advanced Treatment,37.58,18.0,2025-07-04
SEC-186-1,Surat EcoTex Dyeing Pvt Ltd,Surat,Gujarat,Textile Dyeing & Processing,Printing Dye Sludge,Mixed,6418.3,5.83,691.83,573.34,3932.47,436.43,2885.46,268.95,36.5,40.9,Color Pigments,82.63,84.98,92.78,37.41,4.21,54.45,52.47,77.56,38.69,72.56,30.98,1090184.09,Eco Bricks,Emerging,GreenBuild Gujarat,Low,Highly Recoverable,46.15,5.3,2025-07-05
SEC-186-2,Surat EcoTex Dyeing Pvt Ltd,Surat,Gujarat,Textile Dyeing & Processing,Fabric Fiber Residue,Polymer,3287.47,5.67,1075.07,155.65,4388.5,418.99,8077.43,558.92,57.28,24.29,Chromium,90.54,87.82,49.95,28.18,9.96,67.95,43.28,52.78,327.92,28.75,11.61,1002509.26,Acoustic Insulation Panels,Medium,UltraTech EcoBuild,Low,Moderately Recoverable,41.4,27.9,2025-07-05
SEC-186-3,Surat EcoTex Dyeing Pvt Ltd,Surat,Gujarat,Textile Dyeing & Processing,Sludge,Polymer,1583.6,6.59,1201.55,609.07,8180.45,615.62,5651.7,314.86,30.33,26.96,Oil Residue,62.13,65.76,63.3,14.54,5.46,53.99,26.8,85.96,278.64,72.32,43.3,628638.04,Thermal Insulation Boards,Very High,UltraTech EcoBuild,Medium,Low Recovery Potential,36.73,7.3,2025-07-05
SEC-186-4,Surat EcoTex Dyeing Pvt Ltd,Surat,Gujarat,Textile Dyeing & Processing,Chemical Effluent,Chemical,2838.48,6.09,674.54,296.12,4514.1,505.15,1227.82,218.59,5.13,29.79,Low Contamination,71.29,68.71,89.37,18.45,4.09,81.38,23.91,74.22,20.1,47.14,49.02,3067949.65,Acoustic Insulation Panels,Emerging,EcoPack India,Medium,Moderately Recoverable,77.31,24.5,2025-07-05
SEC-187-1,Surat EcoTex Dyeing Pvt Ltd,Surat,Gujarat,Textile Dyeing & Processing,Printing Dye Sludge,Mixed,7968.46,6.0,518.2,161.48,7458.61,281.4,8407.11,358.4,45.5,34.59,Organic Contaminants,68.32,71.05,45.0,48.35,5.54,70.27,70.15,90.52,186.96,72.57,58.79,911784.65,Eco Packaging Sheets,Very High,UltraTech EcoBuild,High,Highly Recoverable,86.73,12.0,2025-07-06
SEC-187-2,Surat EcoTex Dyeing Pvt Ltd,Surat,Gujarat,Textile Dyeing & Processing,Textile Dye Waste,Chemical,6671.73,6.17,1043.8,558.86,2151.46,581.22,2728.11,575.96,47.13,57.57,Low Contamination,95.9,85.53,32.25,38.68,7.68,96.6,23.29,70.55,154.42,89.05,47.65,2317023.5,Thermal Insulation Boards,Emerging,EcoPack India,Low,Low Recovery Potential,76.51,22.3,2025-07-06
SEC-188-1,Surat EcoTex Dyeing Pvt Ltd,Surat,Gujarat,Textile Dyeing & Processing,Textile Dye Waste,Chemical,11593.72,7.57,711.32,427.22,1867.82,429.93,2357.24,424.42,33.72,46.6,Low Contamination,45.78,41.47,83.21,37.98,3.44,50.77,79.1,59.83,230.43,38.31,10.31,2881205.02,Eco Packaging Sheets,High,JSW Green Materials,Medium,Needs Advanced Treatment,90.82,25.8,2025-07-07
SEC-188-2,Surat EcoTex Dyeing Pvt Ltd,Surat,Gujarat,Textile Dyeing & Processing,Textile Dye Waste,Polymer,12177.21,5.7,440.59,320.16,1886.25,332.15,962.28,96.85,45.12,41.9,Oil Residue,41.69,36.65,68.0,36.96,6.61,45.77,40.97,34.93,33.75,91.26,30.26,703156.63,Thermal Insulation Boards,Very High,UltraTech EcoBuild,Low,Needs Advanced Treatment,51.44,12.7,2025-07-07
SEC-189-1,Surat EcoTex Dyeing Pvt Ltd,Surat,Gujarat,Textile Dyeing & Processing,Textile Dye Waste,Chemical,14593.84,7.74,1224.21,44.75,4350.04,96.29,2194.29,319.19,31.66,52.95,Organic Contaminants,44.4,42.04,69.87,22.1,2.33,87.02,14.19,66.89,205.13,43.01,59.07,895304.02,Acoustic Insulation Panels,High,UltraTech EcoBuild,Medium,Highly Recoverable,82.67,5.8,2025-07-08
SEC-189-2,Surat EcoTex Dyeing Pvt Ltd,Surat,Gujarat,Textile Dyeing & Processing,Chemical Effluent,Textile,4112.45,7.52,773.6,154.88,1756.67,509.23,1984.11,285.41,35.45,37.75,Chromium,89.88,92.61,59.53,50.73,1.25,47.21,51.3,40.98,201.54,68.82,10.38,2355600.53,Eco Bricks,Emerging,JSW Green Materials,High,Needs Advanced Treatment,35.31,13.5,2025-07-08
SEC-189-3,Surat EcoTex Dyeing Pvt Ltd,Surat,Gujarat,Textile Dyeing & Processing,Printing Dye Sludge,Mixed,2183.64,6.56,1236.49,517.33,4925.01,191.48,7374.17,14.49,3.13,28.95,Low Contamination,59.88,54.78,93.41,56.36,8.93,78.64,18.64,70.17,220.99,19.86,12.62,1957664.07,Eco Bricks,High,JSW Green Materials,Low,Needs Advanced Treatment,45.38,10.8,2025-07-08
SEC-189-4,Surat EcoTex Dyeing Pvt Ltd,Surat,Gujarat,Textile Dyeing & Processing,Printing Dye Sludge,Chemical,5510.14,6.0,414.04,391.78,1242.67,187.63,1710.81,236.21,60.03,33.63,Chromium,54.61,60.39,62.21,60.9,5.64,65.35,16.19,68.21,332.97,71.07,18.21,3558297.74,Eco Bricks,Very High,UltraTech EcoBuild,High,Low Recovery Potential,78.62,8.8,2025-07-08
SEC-190-1,Surat EcoTex Dyeing Pvt Ltd,Surat,Gujarat,Textile Dyeing & Processing,Chemical Effluent,Polymer,1001.2,6.24,408.01,500.86,441.16,143.85,907.47,227.09,38.09,34.53,Heavy Metals,48.71,48.32,42.93,24.71,8.84,60.09,67.2,81.9,28.26,44.46,11.23,3545115.93,Compressed Construction Blocks,Medium,Reliance Circular Ventures,High,Highly Recoverable,54.93,4.8,2025-07-09
SEC-190-2,Surat EcoTex Dyeing Pvt Ltd,Surat,Gujarat,Textile Dyeing & Processing,Chemical Effluent,Chemical,13187.99,5.21,356.35,661.72,4210.7,125.03,3339.82,146.53,23.17,50.06,Oil Residue,85.69,70.22,42.26,44.99,5.02,93.1,66.54,95.52,172.7,59.5,45.58,588917.21,Industrial Pigments,Emerging,JSW Green Materials,Low,Moderately Recoverable,77.31,4.3,2025-07-09
SEC-190-3,Surat EcoTex Dyeing Pvt Ltd,Surat,Gujarat,Textile Dyeing & Processing,Chemical Effluent,Polymer,8918.27,5.51,565.35,89.83,4027.32,474.96,2576.08,492.34,31.46,28.88,Heavy Metals,83.12,78.83,44.44,55.54,1.94,49.06,38.93,93.39,125.6,85.93,52.72,1169797.89,Acoustic Insulation Panels,Medium,JSW Green Materials,Low,Low Recovery Potential,62.9,25.5,2025-07-09
SEC-190-4,Surat EcoTex Dyeing Pvt Ltd,Surat,Gujarat,Textile Dyeing & Processing,Sludge,Chemical,7069.92,5.6,592.91,614.55,742.44,136.75,7865.47,539.16,24.33,27.92,Heavy Metals,97.92,108.84,59.28,60.4,1.72,96.94,50.52,85.01,154.49,64.77,36.68,1607076.98,Industrial Pigments,Very High,EcoPack India,Medium,Needs Advanced Treatment,88.52,14.0,2025-07-09
SEC-191-1,Surat EcoTex Dyeing Pvt Ltd,Surat,Gujarat,Textile Dyeing & Processing,Textile Dye Waste,Mixed,8391.59,7.72,1278.07,221.87,3468.16,73.67,3034.08,155.4,4.04,30.82,Heavy Metals,79.28,81.96,53.49,26.37,1.49,64.82,40.33,64.74,351.93,49.72,25.17,402941.88,Eco Packaging Sheets,Very High,GreenBuild Gujarat,Low,Needs Advanced Treatment,68.06,26.9,2025-07-10
SEC-191-2,Surat EcoTex Dyeing Pvt Ltd,Surat,Gujarat,Textile Dyeing & Processing,Textile Dye Waste,Mixed,13944.27,7.98,611.9,589.79,956.83,176.47,4194.24,465.06,11.17,46.37,Color Pigments,59.59,62.77,52.27,17.67,9.77,58.67,73.96,31.22,389.64,80.67,51.0,2378583.49,Eco Packaging Sheets,Emerging,UltraTech EcoBuild,High,Highly Recoverable,57.18,16.4,2025-07-10
SEC-191-3,Surat EcoTex Dyeing Pvt Ltd,Surat,Gujarat,Textile Dyeing & Processing,Chemical Effluent,Mixed,8568.6,5.27,279.15,364.04,3455.07,101.25,989.13,274.13,24.57,41.63,Heavy Metals,74.15,73.47,30.04,21.13,8.65,74.69,66.22,71.94,26.08,34.41,19.67,1176882.27,Acoustic Insulation Panels,Emerging,JSW Green Materials,High,Moderately Recoverable,69.39,5.5,2025-07-10
SEC-192-1,Surat EcoTex Dyeing Pvt Ltd,Surat,Gujarat,Textile Dyeing & Processing,Textile Dye Waste,Chemical,5496.34,7.18,877.16,46.03,6222.0,532.03,6343.5,109.92,36.52,29.25,Chromium,79.83,65.29,85.59,51.04,6.75,61.97,25.75,95.73,289.82,68.76,14.69,283943.65,Industrial Pigments,High,JSW Green Materials,Medium,Moderately Recoverable,76.73,4.3,2025-07-11
SEC-192-2,Surat EcoTex Dyeing Pvt Ltd,Surat,Gujarat,Textile Dyeing & Processing,Textile Dye Waste,Chemical,3251.34,6.79,176.46,656.93,7315.5,599.12,7324.19,126.82,9.24,57.61,Low Contamination,72.11,75.01,28.17,20.25,8.44,48.28,61.13,85.72,315.71,92.76,26.04,4363625.01,Industrial Pigments,Very High,JSW Green Materials,Low,Highly Recoverable,74.51,5.1,2025-07-11
SEC-193-1,Surat EcoTex Dyeing Pvt Ltd,Surat,Gujarat,Textile Dyeing & Processing,Printing Dye Sludge,Textile,9568.72,7.75,382.7,170.26,4152.46,509.97,3208.41,318.18,62.62,34.03,Oil Residue,50.12,50.59,47.2,25.13,9.79,83.62,33.04,44.82,383.99,91.03,12.52,1676941.58,Eco Bricks,Emerging,EcoPack India,Low,Moderately Recoverable,51.5,6.0,2025-07-12
SEC-193-2,Surat EcoTex Dyeing Pvt Ltd,Surat,Gujarat,Textile Dyeing & Processing,Sludge,Mixed,6645.95,6.43,1383.75,64.48,5229.97,136.99,4903.9,43.23,64.75,54.07,Oil Residue,77.01,75.11,39.98,31.62,4.22,88.4,11.68,33.51,307.6,23.14,24.0,4093550.96,Compressed Construction Blocks,High,GreenBuild Gujarat,High,Moderately Recoverable,88.94,5.0,2025-07-12
SEC-193-3,Surat EcoTex Dyeing Pvt Ltd,Surat,Gujarat,Textile Dyeing & Processing,Chemical Effluent,Polymer,3512.87,6.69,673.01,466.89,6420.23,639.75,6997.08,270.83,13.85,48.3,Heavy Metals,64.0,65.82,81.33,61.37,8.68,82.9,70.17,59.51,349.2,85.76,13.67,3900818.53,Eco Packaging Sheets,Emerging,UltraTech EcoBuild,High,Moderately Recoverable,53.99,5.9,2025-07-12
SEC-193-4,Surat EcoTex Dyeing Pvt Ltd,Surat,Gujarat,Textile Dyeing & Processing,Chemical Effluent,Mixed,14546.13,8.63,163.53,402.11,5489.2,78.32,3202.02,188.17,53.16,46.38,Organic Contaminants,41.79,37.33,73.11,38.32,3.75,63.45,20.99,75.05,99.28,89.49,20.97,3335339.69,Eco Bricks,Very High,EcoPack India,Low,Highly Recoverable,83.13,11.0,2025-07-12
SEC-194-1,Surat EcoTex Dyeing Pvt Ltd,Surat,Gujarat,Textile Dyeing & Processing,Chemical Effluent,Chemical,8204.46,7.97,1348.03,102.61,4779.79,194.35,7611.84,362.72,43.2,52.57,Organic Contaminants,92.84,82.43,47.59,41.37,3.71,82.42,66.62,92.93,96.35,66.87,5.47,2875686.92,Eco Packaging Sheets,Emerging,EcoPack India,Medium,Needs Advanced Treatment,48.87,27.1,2025-07-13
SEC-194-2,Surat EcoTex Dyeing Pvt Ltd,Surat,Gujarat,Textile Dyeing & Processing,Textile Dye Waste,Chemical,12483.63,8.43,570.35,309.54,2298.45,442.6,2810.39,280.86,35.2,28.93,Color Pigments,75.14,73.13,79.71,12.21,2.48,60.4,68.18,58.61,96.61,92.36,18.82,550497.04,Thermal Insulation Boards,Medium,GreenBuild Gujarat,Medium,Low Recovery Potential,47.45,7.8,2025-07-13
SEC-194-3,Surat EcoTex Dyeing Pvt Ltd,Surat,Gujarat,Textile Dyeing & Processing,Printing Dye Sludge,Mixed,3934.0,6.02,939.39,387.24,5947.81,238.78,1202.57,114.18,13.67,31.72,Oil Residue,60.52,63.57,41.79,46.49,8.99,88.86,35.71,53.13,375.58,78.17,17.4,969816.61,Compressed Construction Blocks,Emerging,JSW Green Materials,Low,Highly Recoverable,49.94,24.8,2025-07-13
SEC-195-1,Surat EcoTex Dyeing Pvt Ltd,Surat,Gujarat,Textile Dyeing & Processing,Fabric Fiber Residue,Textile,10112.6,5.65,562.75,625.66,8010.25,52.45,304.67,226.27,27.61,42.43,Organic Contaminants,76.69,82.53,70.07,62.27,5.36,73.32,59.87,91.17,220.87,33.87,62.91,1637515.17,Industrial Pigments,Emerging,UltraTech EcoBuild,Medium,Low Recovery Potential,38.04,20.5,2025-07-14
SEC-195-2,Surat EcoTex Dyeing Pvt Ltd,Surat,Gujarat,Textile Dyeing & Processing,Textile Dye Waste,Polymer,2257.67,6.58,997.78,582.12,2236.05,196.98,1440.2,385.94,27.49,47.61,Oil Residue,50.83,43.73,63.63,24.21,9.7,52.71,54.45,56.52,59.34,47.45,11.09,3029976.22,Industrial Pigments,Very High,JSW Green Materials,Low,Moderately Recoverable,82.25,23.3,2025-07-14
SEC-195-3,Surat EcoTex Dyeing Pvt Ltd,Surat,Gujarat,Textile Dyeing & Processing,Sludge,Polymer,11523.43,7.97,1041.15,580.33,6666.41,478.68,6354.93,163.37,58.47,39.89,Chromium,97.06,96.44,35.19,14.15,5.04,56.53,55.0,55.02,301.59,88.92,47.7,2792435.17,Eco Packaging Sheets,Medium,EcoPack India,Low,Needs Advanced Treatment,60.18,15.4,2025-07-14
SEC-196-1,Surat EcoTex Dyeing Pvt Ltd,Surat,Gujarat,Textile Dyeing & Processing,Printing Dye Sludge,Mixed,6733.08,6.72,915.51,104.04,7338.2,395.1,1480.77,407.14,37.19,27.89,Heavy Metals,86.76,71.36,87.24,62.07,7.58,74.2,74.31,71.23,189.15,16.83,36.66,409385.39,Eco Packaging Sheets,High,JSW Green Materials,High,Low Recovery Potential,86.79,4.2,2025-07-15
SEC-196-2,Surat EcoTex Dyeing Pvt Ltd,Surat,Gujarat,Textile Dyeing & Processing,Fabric Fiber Residue,Textile,13010.52,7.61,374.12,190.08,3807.13,145.14,3518.27,119.81,8.63,44.63,Low Contamination,91.0,92.91,37.61,45.93,7.35,62.35,50.35,60.37,31.63,72.11,62.74,3004063.43,Eco Packaging Sheets,High,GreenBuild Gujarat,Low,Needs Advanced Treatment,41.22,23.6,2025-07-15
SEC-196-3,Surat EcoTex Dyeing Pvt Ltd,Surat,Gujarat,Textile Dyeing & Processing,Sludge,Chemical,12715.15,5.71,987.56,430.44,5598.56,229.62,665.84,436.93,65.62,42.06,Oil Residue,80.1,67.53,70.7,26.78,3.26,69.63,59.4,33.38,230.75,58.29,46.44,891471.53,Industrial Pigments,Very High,GreenBuild Gujarat,Medium,Highly Recoverable,75.02,28.7,2025-07-15
SEC-196-4,Surat EcoTex Dyeing Pvt Ltd,Surat,Gujarat,Textile Dyeing & Processing,Textile Dye Waste,Textile,10980.45,6.29,944.33,98.94,5091.11,387.55,997.26,509.43,37.9,25.15,Organic Contaminants,47.3,44.52,69.18,42.85,5.39,72.91,71.6,51.17,158.4,83.57,11.56,1569668.98,Compressed Construction Blocks,Emerging,Reliance Circular Ventures,High,Low Recovery Potential,69.74,23.6,2025-07-15
SEC-196-5,Surat EcoTex Dyeing Pvt Ltd,Surat,Gujarat,Textile Dyeing & Processing,Chemical Effluent,Chemical,2509.64,6.14,740.64,422.88,2554.35,147.2,4242.32,598.57,30.34,24.65,Oil Residue,54.86,47.4,79.99,51.09,7.3,86.11,14.01,42.75,243.27,49.27,5.78,4066686.68,Thermal Insulation Boards,Very High,Reliance Circular Ventures,High,Low Recovery Potential,40.32,10.0,2025-07-15
SEC-197-1,Surat EcoTex Dyeing Pvt Ltd,Surat,Gujarat,Textile Dyeing & Processing,Textile Dye Waste,Chemical,10716.07,5.98,164.97,167.21,3812.62,428.26,5222.87,507.38,63.93,45.62,Oil Residue,66.2,65.49,25.04,64.95,3.66,76.81,17.99,68.9,151.59,75.3,36.23,1325057.44,Acoustic Insulation Panels,Very High,JSW Green Materials,High,Low Recovery Potential,93.72,26.0,2025-07-16
SEC-197-2,Surat EcoTex Dyeing Pvt Ltd,Surat,Gujarat,Textile Dyeing & Processing,Sludge,Textile,2651.44,5.39,824.86,456.69,2409.86,372.48,2467.94,383.12,65.51,44.62,Low Contamination,96.3,81.72,39.79,41.5,1.15,58.8,12.61,76.74,162.54,91.94,26.42,3131786.83,Eco Packaging Sheets,Medium,Reliance Circular Ventures,High,Needs Advanced Treatment,44.45,8.7,2025-07-16
SEC-198-1,Surat EcoTex Dyeing Pvt Ltd,Surat,Gujarat,Textile Dyeing & Processing,Printing Dye Sludge,Mixed,13089.56,7.3,1328.78,577.62,6531.13,71.38,8241.71,317.06,56.14,57.02,Oil Residue,42.64,45.18,82.72,11.76,1.66,63.8,39.71,77.76,350.25,37.34,56.32,1499467.9,Eco Bricks,Medium,GreenBuild Gujarat,Low,Needs Advanced Treatment,95.54,19.0,2025-07-17
SEC-198-2,Surat EcoTex Dyeing Pvt Ltd,Surat,Gujarat,Textile Dyeing & Processing,Textile Dye Waste,Polymer,5921.19,7.08,340.97,293.87,6664.06,513.2,4300.06,240.14,11.41,33.48,Oil Residue,56.08,60.34,85.66,64.41,8.93,83.16,45.8,94.62,63.08,75.61,25.23,1186090.17,Compressed Construction Blocks,Very High,UltraTech EcoBuild,High,Moderately Recoverable,64.59,22.9,2025-07-17
SEC-198-3,Surat EcoTex Dyeing Pvt Ltd,Surat,Gujarat,Textile Dyeing & Processing,Fabric Fiber Residue,Mixed,13354.5,6.1,1164.93,187.22,3688.38,396.74,8319.34,460.98,9.62,29.7,Organic Contaminants,47.1,52.32,77.41,30.83,3.22,70.6,43.75,82.1,22.83,90.62,53.06,2812634.53,Acoustic Insulation Panels,High,Reliance Circular Ventures,High,Moderately Recoverable,81.57,13.9,2025-07-17
SEC-198-4,Surat EcoTex Dyeing Pvt Ltd,Surat,Gujarat,Textile Dyeing & Processing,Fabric Fiber Residue,Polymer,6610.92,5.82,1358.59,637.35,7506.44,626.98,5784.34,15.78,8.01,44.73,Low Contamination,43.85,47.09,81.12,60.93,9.78,51.22,48.67,78.65,257.13,96.37,54.57,4073573.19,Industrial Pigments,Very High,EcoPack India,Medium,Low Recovery Potential,70.01,13.0,2025-07-17
SEC-198-5,Surat EcoTex Dyeing Pvt Ltd,Surat,Gujarat,Textile Dyeing & Processing,Sludge,Chemical,9225.7,8.31,289.43,697.49,8832.39,347.94,739.06,435.89,23.06,37.75,Organic Contaminants,95.4,77.52,55.17,25.43,8.07,89.77,11.79,89.71,381.33,39.38,43.59,484950.33,Eco Bricks,Emerging,UltraTech EcoBuild,Medium,Moderately Recoverable,82.69,15.0,2025-07-17
SEC-199-1,Surat EcoTex Dyeing Pvt Ltd,Surat,Gujarat,Textile Dyeing & Processing,Sludge,Mixed,13660.68,7.18,297.84,492.22,6092.92,436.71,5566.37,45.72,48.16,25.28,Chromium,69.71,71.96,36.31,40.74,2.13,51.61,59.13,82.4,380.79,59.79,39.23,3125036.18,Eco Packaging Sheets,High,GreenBuild Gujarat,Medium,Highly Recoverable,51.05,28.4,2025-07-18
SEC-199-2,Surat EcoTex Dyeing Pvt Ltd,Surat,Gujarat,Textile Dyeing & Processing,Printing Dye Sludge,Mixed,11672.14,7.5,438.27,590.93,8648.1,279.25,730.81,379.4,68.91,45.89,Chromium,41.89,37.61,69.17,51.99,7.73,95.26,11.47,96.45,191.38,94.17,9.54,3304606.54,Eco Bricks,Very High,UltraTech EcoBuild,Low,Highly Recoverable,68.12,28.4,2025-07-18
SEC-199-3,Surat EcoTex Dyeing Pvt Ltd,Surat,Gujarat,Textile Dyeing & Processing,Fabric Fiber Residue,Chemical,13173.13,6.12,1242.2,115.75,3005.27,639.3,7121.05,85.38,63.02,56.86,Chromium,55.64,62.08,82.59,61.53,8.35,64.86,72.64,97.89,45.56,83.22,52.17,3176561.17,Thermal Insulation Boards,Medium,Reliance Circular Ventures,Medium,Moderately Recoverable,77.59,13.4,2025-07-18
SEC-199-4,Surat EcoTex Dyeing Pvt Ltd,Surat,Gujarat,Textile Dyeing & Processing,Textile Dye Waste,Polymer,8692.11,7.86,1069.51,500.76,903.22,202.94,5019.66,401.14,36.71,31.03,Heavy Metals,86.49,71.68,50.45,45.41,5.06,54.86,34.44,98.56,314.51,16.98,50.51,3956223.55,Compressed Construction Blocks,Very High,JSW Green Materials,Medium,Low Recovery Potential,93.12,26.5,2025-07-18
SEC-200-1,Surat EcoTex Dyeing Pvt Ltd,Surat,Gujarat,Textile Dyeing & Processing,Chemical Effluent,Textile,2236.25,6.61,252.56,394.68,1380.75,434.37,3052.7,595.29,17.74,56.02,Chromium,59.94,50.69,29.82,13.91,5.92,65.15,61.65,40.73,23.57,84.49,32.34,4160349.63,Acoustic Insulation Panels,High,EcoPack India,Low,Moderately Recoverable,94.28,10.0,2025-07-19
SEC-200-2,Surat EcoTex Dyeing Pvt Ltd,Surat,Gujarat,Textile Dyeing & Processing,Textile Dye Waste,Polymer,605.04,7.64,340.66,242.74,4766.71,419.66,7175.27,138.95,2.38,24.08,Low Contamination,44.22,41.09,42.75,49.07,5.53,87.06,44.84,74.2,350.66,28.81,7.13,97298.24,Industrial Pigments,Very High,UltraTech EcoBuild,High,Highly Recoverable,52.97,26.8,2025-07-19
SEC-200-3,Surat EcoTex Dyeing Pvt Ltd,Surat,Gujarat,Textile Dyeing & Processing,Fabric Fiber Residue,Chemical,10298.75,6.36,732.02,534.4,5468.45,474.61,573.78,327.27,45.95,30.29,Organic Contaminants,56.36,56.44,49.59,21.31,2.19,78.15,32.05,90.93,120.34,32.61,23.26,4171146.2,Eco Bricks,High,Reliance Circular Ventures,High,Highly Recoverable,56.54,25.6,2025-07-19
SEC-200-4,Surat EcoTex Dyeing Pvt Ltd,Surat,Gujarat,Textile Dyeing & Processing,Printing Dye Sludge,Textile,6973.47,5.75,680.5,566.07,7642.8,590.26,1831.29,161.96,15.43,34.86,Organic Contaminants,42.17,42.53,43.25,44.06,3.3,94.23,41.18,96.7,328.42,22.93,18.45,1503644.35,Compressed Construction Blocks,Very High,JSW Green Materials,High,Highly Recoverable,76.55,23.2,2025-07-19
SEC-200-5,Surat EcoTex Dyeing Pvt Ltd,Surat,Gujarat,Textile Dyeing & Processing,Sludge,Polymer,13808.19,6.26,216.0,227.44,8528.54,174.75,4365.79,373.59,7.59,55.79,Color Pigments,59.11,48.61,33.85,33.06,7.27,60.82,28.63,72.84,382.26,94.16,35.28,2077412.87,Compressed Construction Blocks,High,UltraTech EcoBuild,Low,Low Recovery Potential,44.98,12.0,2025-07-19
SEC-201-1,Surat EcoTex Dyeing Pvt Ltd,Surat,Gujarat,Textile Dyeing & Processing,Chemical Effluent,Textile,5924.05,5.95,1162.81,162.26,7503.6,326.77,5803.74,48.58,9.33,42.8,Oil Residue,60.34,60.06,41.98,10.27,1.33,51.7,42.56,53.31,287.5,21.51,45.99,3985019.23,Compressed Construction Blocks,High,GreenBuild Gujarat,High,Low Recovery Potential,35.42,11.2,2025-07-20
SEC-201-2,Surat EcoTex Dyeing Pvt Ltd,Surat,Gujarat,Textile Dyeing & Processing,Printing Dye Sludge,Mixed,2186.71,8.3,1078.1,586.95,7092.31,582.84,779.08,225.18,13.43,31.33,Chromium,80.3,73.98,27.52,36.05,4.77,58.74,75.25,61.93,364.21,31.41,11.5,1381219.1,Eco Packaging Sheets,High,UltraTech EcoBuild,Medium,Highly Recoverable,42.88,6.0,2025-07-20
SEC-202-1,Surat EcoTex Dyeing Pvt Ltd,Surat,Gujarat,Textile Dyeing & Processing,Printing Dye Sludge,Chemical,2672.5,5.35,471.94,180.39,2629.8,224.42,6409.2,270.47,8.09,43.08,Chromium,55.26,58.23,80.14,46.96,4.23,66.84,12.04,40.56,205.27,44.82,10.52,860743.16,Thermal Insulation Boards,Very High,UltraTech EcoBuild,High,Needs Advanced Treatment,58.56,4.1,2025-07-21
SEC-202-2,Surat EcoTex Dyeing Pvt Ltd,Surat,Gujarat,Textile Dyeing & Processing,Chemical Effluent,Chemical,11137.44,5.34,575.98,321.42,3420.13,429.4,7326.16,160.36,12.49,42.06,Color Pigments,42.05,39.19,72.12,14.62,5.43,86.23,18.17,81.56,427.48,90.04,13.54,3085948.93,Industrial Pigments,High,JSW Green Materials,Medium,Highly Recoverable,68.39,18.4,2025-07-21
SEC-202-3,Surat EcoTex Dyeing Pvt Ltd,Surat,Gujarat,Textile Dyeing & Processing,Chemical Effluent,Polymer,7541.18,8.56,144.08,111.88,3022.77,564.69,5785.41,55.3,31.33,46.94,Low Contamination,94.93,82.84,29.78,10.74,6.23,83.34,27.27,34.68,154.78,66.3,12.69,1225246.69,Eco Packaging Sheets,High,EcoPack India,Low,Moderately Recoverable,58.95,26.1,2025-07-21
SEC-203-1,Surat EcoTex Dyeing Pvt Ltd,Surat,Gujarat,Textile Dyeing & Processing,Textile Dye Waste,Polymer,8444.88,7.77,514.34,415.82,2177.11,564.2,5453.17,209.66,36.15,53.64,Low Contamination,74.79,66.2,58.24,23.04,1.19,60.95,77.75,74.42,227.95,74.07,37.88,583528.57,Acoustic Insulation Panels,Very High,Reliance Circular Ventures,High,Low Recovery Potential,44.88,25.7,2025-07-22
SEC-203-2,Surat EcoTex Dyeing Pvt Ltd,Surat,Gujarat,Textile Dyeing & Processing,Textile Dye Waste,Textile,11675.2,6.12,515.63,561.45,7004.5,594.4,1858.83,570.54,51.94,36.65,Low Contamination,73.17,79.14,90.25,54.44,8.95,95.81,33.62,81.59,375.57,17.38,62.7,876366.45,Acoustic Insulation Panels,Medium,UltraTech EcoBuild,Medium,Highly Recoverable,75.2,25.7,2025-07-22
SEC-203-3,Surat EcoTex Dyeing Pvt Ltd,Surat,Gujarat,Textile Dyeing & Processing,Sludge,Polymer,1697.41,7.42,553.95,680.62,4915.04,581.47,1474.83,579.9,12.4,38.6,Color Pigments,89.21,74.72,71.9,46.16,6.81,93.76,36.41,69.76,116.67,53.97,62.88,1484788.73,Acoustic Insulation Panels,High,Reliance Circular Ventures,Medium,Highly Recoverable,84.33,13.1,2025-07-22
SEC-203-4,Surat EcoTex Dyeing Pvt Ltd,Surat,Gujarat,Textile Dyeing & Processing,Printing Dye Sludge,Textile,5062.83,7.09,1207.1,108.78,3925.58,404.51,1961.92,120.41,30.93,34.33,Chromium,83.87,89.93,57.1,52.2,5.93,70.11,69.74,82.95,231.16,44.18,46.21,2790601.33,Eco Bricks,Medium,Reliance Circular Ventures,Medium,Highly Recoverable,86.59,5.8,2025-07-22
SEC-203-5,Surat EcoTex Dyeing Pvt Ltd,Surat,Gujarat,Textile Dyeing & Processing,Fabric Fiber Residue,Polymer,3804.31,6.26,1055.41,176.95,8799.11,343.39,3779.01,353.57,20.14,34.72,Color Pigments,90.34,80.43,82.65,15.41,6.33,68.11,59.69,59.86,144.36,60.76,48.29,1686483.32,Eco Bricks,Very High,EcoPack India,High,Low Recovery Potential,91.08,29.7,2025-07-22
SEC-204-1,Surat EcoTex Dyeing Pvt Ltd,Surat,Gujarat,Textile Dyeing & Processing,Chemical Effluent,Textile,2063.31,8.08,1238.03,401.19,8559.09,598.69,2644.49,178.18,31.58,55.3,Chromium,52.07,52.39,88.91,29.08,7.0,91.13,36.36,62.07,301.26,46.79,42.68,2573862.32,Industrial Pigments,Emerging,Reliance Circular Ventures,High,Highly Recoverable,74.41,24.0,2025-07-23
SEC-204-2,Surat EcoTex Dyeing Pvt Ltd,Surat,Gujarat,Textile Dyeing & Processing,Printing Dye Sludge,Mixed,4022.58,7.28,127.46,540.27,7275.19,468.41,6428.15,311.64,41.11,53.28,Heavy Metals,53.32,52.59,35.28,32.6,5.01,93.53,33.64,94.19,314.14,23.57,27.86,771784.04,Industrial Pigments,High,Reliance Circular Ventures,Low,Low Recovery Potential,57.96,10.4,2025-07-23
SEC-205-1,Surat EcoTex Dyeing Pvt Ltd,Surat,Gujarat,Textile Dyeing & Processing,Printing Dye Sludge,Textile,9494.14,7.58,237.92,271.18,7137.58,88.21,7879.37,87.37,55.79,40.78,Chromium,83.15,83.73,58.09,42.28,8.11,64.85,47.44,44.17,371.99,40.15,11.81,687452.51,Acoustic Insulation Panels,Very High,UltraTech EcoBuild,Medium,Moderately Recoverable,83.25,25.3,2025-07-24
SEC-205-2,Surat EcoTex Dyeing Pvt Ltd,Surat,Gujarat,Textile Dyeing & Processing,Printing Dye Sludge,Chemical,5048.08,7.84,375.87,613.29,6230.25,48.2,4744.15,212.56,13.75,25.23,Oil Residue,88.14,95.12,75.55,53.46,3.54,80.81,39.11,30.32,359.3,64.68,44.81,1442347.04,Thermal Insulation Boards,Very High,GreenBuild Gujarat,High,Low Recovery Potential,53.58,23.6,2025-07-24
SEC-205-3,Surat EcoTex Dyeing Pvt Ltd,Surat,Gujarat,Textile Dyeing & Processing,Textile Dye Waste,Chemical,13361.58,8.2,703.31,292.89,5587.9,345.97,7074.59,112.04,69.97,32.04,Chromium,43.96,40.61,48.9,40.66,2.03,65.47,74.98,31.66,134.39,60.03,14.75,3450853.93,Thermal Insulation Boards,Very High,EcoPack India,Medium,Low Recovery Potential,96.78,27.5,2025-07-24
SEC-205-4,Surat EcoTex Dyeing Pvt Ltd,Surat,Gujarat,Textile Dyeing & Processing,Sludge,Polymer,3354.27,8.44,1209.24,665.23,4603.69,246.99,1572.11,240.24,37.01,35.58,Oil Residue,55.57,54.41,67.85,64.43,9.98,69.26,64.15,52.58,203.67,45.1,22.56,2056497.18,Acoustic Insulation Panels,Very High,Reliance Circular Ventures,High,Moderately Recoverable,86.92,10.4,2025-07-24
SEC-206-1,Surat EcoTex Dyeing Pvt Ltd,Surat,Gujarat,Textile Dyeing & Processing,Sludge,Textile,814.46,6.35,855.71,384.58,1725.68,208.4,7769.65,71.45,54.56,46.46,Chromium,85.53,77.69,50.6,30.43,8.89,72.91,41.92,90.69,317.25,55.66,24.21,805403.83,Eco Packaging Sheets,Emerging,EcoPack India,Low,Highly Recoverable,76.28,27.6,2025-07-25
SEC-206-2,Surat EcoTex Dyeing Pvt Ltd,Surat,Gujarat,Textile Dyeing & Processing,Printing Dye Sludge,Polymer,6083.59,8.02,702.73,698.26,6975.0,192.76,6311.47,85.57,15.58,43.2,Heavy Metals,96.91,92.37,82.29,20.9,5.85,48.18,70.75,70.67,75.96,42.84,26.85,1354312.79,Eco Bricks,High,GreenBuild Gujarat,High,Highly Recoverable,94.63,25.2,2025-07-25
SEC-206-3,Surat EcoTex Dyeing Pvt Ltd,Surat,Gujarat,Textile Dyeing & Processing,Sludge,Polymer,14444.31,5.79,1039.58,664.38,4800.37,338.83,4720.02,247.8,41.92,30.05,Low Contamination,97.89,101.35,94.38,33.52,4.75,84.72,49.57,89.13,77.45,74.04,45.58,3837379.69,Thermal Insulation Boards,Medium,EcoPack India,Medium,Highly Recoverable,55.25,7.9,2025-07-25
SEC-207-1,Surat EcoTex Dyeing Pvt Ltd,Surat,Gujarat,Textile Dyeing & Processing,Printing Dye Sludge,Polymer,5957.98,8.66,1251.41,382.26,4059.89,304.13,7579.18,434.25,30.9,44.84,Organic Contaminants,86.92,81.01,60.64,31.41,7.72,84.28,54.58,72.7,196.74,59.23,6.03,723011.73,Thermal Insulation Boards,Very High,Reliance Circular Ventures,High,Highly Recoverable,56.25,22.7,2025-07-26
SEC-207-2,Surat EcoTex Dyeing Pvt Ltd,Surat,Gujarat,Textile Dyeing & Processing,Chemical Effluent,Polymer,8535.93,7.72,1034.01,199.77,2363.44,421.04,989.53,594.6,61.26,28.8,Oil Residue,67.81,74.47,53.27,14.6,6.29,73.63,37.18,85.05,92.89,18.29,43.79,1282170.18,Eco Bricks,Very High,UltraTech EcoBuild,Low,Needs Advanced Treatment,60.89,4.6,2025-07-26
SEC-207-3,Surat EcoTex Dyeing Pvt Ltd,Surat,Gujarat,Textile Dyeing & Processing,Fabric Fiber Residue,Chemical,11090.46,5.93,1291.29,286.22,2906.23,350.22,2684.25,409.32,18.55,44.42,Low Contamination,49.48,52.92,65.78,38.14,7.07,71.9,34.49,78.62,66.72,23.89,48.91,1000772.44,Compressed Construction Blocks,Very High,UltraTech EcoBuild,Low,Moderately Recoverable,78.1,10.0,2025-07-26
SEC-207-4,Surat EcoTex Dyeing Pvt Ltd,Surat,Gujarat,Textile Dyeing & Processing,Textile Dye Waste,Polymer,1505.47,7.97,234.36,117.62,2312.2,474.98,4089.82,561.26,12.35,45.15,Chromium,57.92,47.38,47.12,17.25,1.96,91.46,50.62,80.25,85.16,38.15,14.18,4246337.44,Industrial Pigments,High,Reliance Circular Ventures,Low,Needs Advanced Treatment,38.29,18.6,2025-07-26
SEC-207-5,Surat EcoTex Dyeing Pvt Ltd,Surat,Gujarat,Textile Dyeing & Processing,Fabric Fiber Residue,Mixed,6030.66,7.27,1243.86,98.59,5189.59,307.61,2368.35,311.69,2.05,39.78,Heavy Metals,59.59,54.73,38.3,37.01,3.5,67.79,28.67,73.2,355.89,63.07,16.87,2596327.42,Thermal Insulation Boards,Very High,Reliance Circular Ventures,High,Moderately Recoverable,73.62,25.8,2025-07-26
SEC-208-1,Surat EcoTex Dyeing Pvt Ltd,Surat,Gujarat,Textile Dyeing & Processing,Fabric Fiber Residue,Chemical,10415.01,5.49,642.46,386.17,5818.16,640.0,2707.1,152.44,21.92,52.55,Heavy Metals,62.98,62.98,88.35,53.65,8.79,52.99,42.4,62.93,313.01,59.5,30.36,3596574.61,Acoustic Insulation Panels,High,Reliance Circular Ventures,Medium,Low Recovery Potential,65.11,13.9,2025-07-27
SEC-208-2,Surat EcoTex Dyeing Pvt Ltd,Surat,Gujarat,Textile Dyeing & Processing,Chemical Effluent,Textile,13909.06,7.01,351.87,572.62,8472.38,76.05,1673.55,570.93,51.72,57.92,Organic Contaminants,73.97,76.15,72.28,40.8,6.36,86.23,50.88,75.39,328.84,92.14,63.14,3562338.83,Eco Packaging Sheets,Very High,JSW Green Materials,High,Moderately Recoverable,49.84,19.6,2025-07-27
SEC-208-3,Surat EcoTex Dyeing Pvt Ltd,Surat,Gujarat,Textile Dyeing & Processing,Printing Dye Sludge,Polymer,5386.73,7.99,352.95,623.49,5666.6,317.53,1311.24,59.64,3.66,41.61,Low Contamination,48.74,49.31,31.5,57.33,5.19,61.15,34.37,65.09,202.84,30.19,13.23,3111802.09,Thermal Insulation Boards,High,JSW Green Materials,Low,Moderately Recoverable,60.7,25.4,2025-07-27
SEC-208-4,Surat EcoTex Dyeing Pvt Ltd,Surat,Gujarat,Textile Dyeing & Processing,Textile Dye Waste,Textile,13390.76,5.28,1326.94,228.85,7396.4,578.31,1405.36,98.08,35.58,50.22,Organic Contaminants,63.48,64.05,74.61,44.45,4.98,96.55,73.06,31.2,307.48,39.94,50.59,2967826.65,Industrial Pigments,Emerging,GreenBuild Gujarat,High,Moderately Recoverable,65.25,17.1,2025-07-27
SEC-209-1,Surat EcoTex Dyeing Pvt Ltd,Surat,Gujarat,Textile Dyeing & Processing,Chemical Effluent,Chemical,7294.43,7.82,1176.56,698.93,1289.43,333.32,7555.02,276.15,16.67,33.01,Heavy Metals,80.7,78.68,71.34,28.53,9.98,93.43,61.48,96.47,235.28,85.36,10.25,3004838.16,Thermal Insulation Boards,Very High,GreenBuild Gujarat,Medium,Low Recovery Potential,41.84,5.2,2025-07-28
SEC-209-2,Surat EcoTex Dyeing Pvt Ltd,Surat,Gujarat,Textile Dyeing & Processing,Sludge,Textile,6481.34,6.06,516.74,284.01,1051.08,507.27,6030.86,458.24,19.93,50.05,Low Contamination,82.27,89.35,45.28,13.26,4.12,72.09,67.8,67.85,103.76,26.7,43.78,1129800.33,Eco Bricks,High,EcoPack India,High,Low Recovery Potential,43.79,11.4,2025-07-28
SEC-209-3,Surat EcoTex Dyeing Pvt Ltd,Surat,Gujarat,Textile Dyeing & Processing,Chemical Effluent,Polymer,11554.13,7.02,161.1,98.99,3072.31,441.18,5444.84,162.92,10.88,47.22,Color Pigments,52.72,55.82,45.43,41.8,4.62,47.29,34.45,85.67,430.8,81.52,16.2,153653.41,Acoustic Insulation Panels,Emerging,EcoPack India,High,Needs Advanced Treatment,46.19,25.0,2025-07-28
SEC-210-1,Surat EcoTex Dyeing Pvt Ltd,Surat,Gujarat,Textile Dyeing & Processing,Fabric Fiber Residue,Mixed,7908.29,7.69,1389.42,128.17,1378.73,556.58,4242.3,95.7,26.81,28.65,Color Pigments,73.05,71.55,35.31,42.98,2.87,96.72,39.06,52.82,130.81,69.17,10.14,1278519.0,Industrial Pigments,Emerging,EcoPack India,Medium,Highly Recoverable,84.01,22.8,2025-07-29
SEC-210-2,Surat EcoTex Dyeing Pvt Ltd,Surat,Gujarat,Textile Dyeing & Processing,Printing Dye Sludge,Mixed,11644.27,5.27,1372.76,613.6,4769.84,91.9,491.98,316.27,58.76,29.2,Oil Residue,77.2,71.98,76.05,24.87,7.8,68.68,18.77,96.31,177.82,86.68,56.73,2156568.38,Thermal Insulation Boards,Very High,Reliance Circular Ventures,Medium,Highly Recoverable,74.94,16.4,2025-07-29
SEC-210-3,Surat EcoTex Dyeing Pvt Ltd,Surat,Gujarat,Textile Dyeing & Processing,Fabric Fiber Residue,Textile,8338.01,5.38,378.23,315.3,5822.21,70.99,4300.39,131.23,53.37,29.49,Color Pigments,81.62,74.96,57.03,23.75,3.25,78.98,43.0,46.8,318.76,94.27,42.84,1960015.54,Compressed Construction Blocks,Very High,UltraTech EcoBuild,High,Highly Recoverable,64.22,21.6,2025-07-29
SEC-211-1,Surat EcoTex Dyeing Pvt Ltd,Surat,Gujarat,Textile Dyeing & Processing,Textile Dye Waste,Textile,2290.42,5.96,339.55,86.68,7811.17,629.41,3068.05,158.07,57.98,27.28,Organic Contaminants,78.73,64.24,68.8,11.09,8.71,66.09,56.9,81.07,92.89,47.37,16.05,3631134.38,Eco Bricks,Very High,JSW Green Materials,High,Moderately Recoverable,95.87,4.1,2025-07-30
SEC-211-2,Surat EcoTex Dyeing Pvt Ltd,Surat,Gujarat,Textile Dyeing & Processing,Sludge,Polymer,9522.43,6.33,1211.82,498.01,5753.68,232.46,970.85,541.16,28.53,53.57,Oil Residue,85.72,90.98,30.83,37.85,2.19,56.59,71.49,85.51,88.7,68.35,64.29,460115.27,Eco Bricks,High,UltraTech EcoBuild,Medium,Highly Recoverable,49.86,22.8,2025-07-30
SEC-211-3,Surat EcoTex Dyeing Pvt Ltd,Surat,Gujarat,Textile Dyeing & Processing,Printing Dye Sludge,Polymer,14911.13,7.93,539.05,75.92,7231.1,112.92,7156.01,22.3,45.89,42.32,Low Contamination,40.9,37.99,37.9,60.33,4.82,47.04,20.5,71.6,342.8,51.3,47.99,3114149.56,Eco Packaging Sheets,High,Reliance Circular Ventures,Medium,Low Recovery Potential,81.09,28.0,2025-07-30
SEC-212-1,Surat EcoTex Dyeing Pvt Ltd,Surat,Gujarat,Textile Dyeing & Processing,Fabric Fiber Residue,Polymer,9033.38,5.99,315.47,592.58,5046.79,553.65,7904.81,347.03,53.62,52.03,Heavy Metals,41.25,40.49,42.9,57.61,5.37,47.24,32.94,50.72,177.97,93.8,40.47,3419547.71,Acoustic Insulation Panels,Very High,JSW Green Materials,Medium,Moderately Recoverable,72.82,21.7,2025-07-31
SEC-212-2,Surat EcoTex Dyeing Pvt Ltd,Surat,Gujarat,Textile Dyeing & Processing,Textile Dye Waste,Chemical,4831.82,5.27,631.96,151.48,6584.59,627.66,7456.99,315.19,41.11,53.48,Chromium,56.88,54.89,60.34,35.14,1.35,79.26,13.86,52.28,428.81,33.42,53.34,3523757.66,Acoustic Insulation Panels,Very High,JSW Green Materials,Low,Highly Recoverable,80.76,23.3,2025-07-31
SEC-212-3,Surat EcoTex Dyeing Pvt Ltd,Surat,Gujarat,Textile Dyeing & Processing,Sludge,Textile,2479.63,7.35,354.02,428.1,8345.79,354.28,1949.16,232.67,64.54,37.11,Heavy Metals,94.7,82.42,91.01,38.48,7.98,46.41,24.9,65.83,265.77,55.72,60.36,4152388.07,Compressed Construction Blocks,Very High,JSW Green Materials,High,Needs Advanced Treatment,65.79,10.9,2025-07-31
SEC-213-1,Surat EcoTex Dyeing Pvt Ltd,Surat,Gujarat,Textile Dyeing & Processing,Chemical Effluent,Chemical,7848.77,8.6,1127.19,39.51,3967.79,104.16,730.99,365.43,55.75,39.74,Color Pigments,51.69,47.83,48.13,51.55,1.13,47.45,12.93,34.79,324.98,60.89,50.68,677630.27,Compressed Construction Blocks,High,GreenBuild Gujarat,Medium,Needs Advanced Treatment,88.25,20.3,2025-08-01
SEC-213-2,Surat EcoTex Dyeing Pvt Ltd,Surat,Gujarat,Textile Dyeing & Processing,Printing Dye Sludge,Mixed,11368.65,5.73,633.91,625.77,4633.8,489.15,7633.09,84.82,22.1,44.23,Oil Residue,53.29,50.13,61.09,51.96,8.32,81.27,62.45,36.71,423.22,22.94,43.9,3071366.58,Acoustic Insulation Panels,Emerging,EcoPack India,High,Highly Recoverable,95.38,18.3,2025-08-01
SEC-213-3,Surat EcoTex Dyeing Pvt Ltd,Surat,Gujarat,Textile Dyeing & Processing,Sludge,Polymer,10991.84,6.09,1359.89,510.38,4940.51,369.13,5772.04,288.1,44.4,46.81,Color Pigments,84.2,86.82,36.02,31.45,2.86,64.51,65.1,76.21,183.4,89.08,16.83,3562907.78,Thermal Insulation Boards,Very High,EcoPack India,Medium,Highly Recoverable,89.39,16.2,2025-08-01
SEC-213-4,Surat EcoTex Dyeing Pvt Ltd,Surat,Gujarat,Textile Dyeing & Processing,Textile Dye Waste,Chemical,8832.68,8.33,267.3,473.64,6690.2,330.61,3172.69,345.34,50.3,55.29,Color Pigments,96.18,106.92,83.3,53.82,1.96,62.02,43.22,55.18,23.68,86.11,23.89,1780869.33,Eco Packaging Sheets,Emerging,Reliance Circular Ventures,High,Needs Advanced Treatment,52.57,18.6,2025-08-01
SEC-214-1,Surat EcoTex Dyeing Pvt Ltd,Surat,Gujarat,Textile Dyeing & Processing,Textile Dye Waste,Polymer,4863.05,5.97,1138.84,611.3,4323.24,526.28,2376.8,306.34,40.1,42.75,Chromium,84.38,80.68,42.0,11.14,9.35,53.27,58.76,34.95,15.42,60.0,54.69,2274900.54,Industrial Pigments,High,JSW Green Materials,High,Low Recovery Potential,44.56,22.0,2025-08-02
SEC-214-2,Surat EcoTex Dyeing Pvt Ltd,Surat,Gujarat,Textile Dyeing & Processing,Sludge,Mixed,10635.81,5.26,759.03,158.52,1167.59,144.74,5525.73,256.48,20.98,42.1,Color Pigments,86.8,91.89,90.61,64.3,1.63,91.97,26.32,86.09,266.82,26.05,17.6,3794997.8,Eco Bricks,Emerging,GreenBuild Gujarat,Low,Moderately Recoverable,37.09,5.6,2025-08-02
SEC-214-3,Surat EcoTex Dyeing Pvt Ltd,Surat,Gujarat,Textile Dyeing & Processing,Textile Dye Waste,Textile,13002.0,7.5,264.66,382.19,1780.55,462.3,7697.3,506.26,12.6,39.89,Low Contamination,42.88,36.95,81.46,23.33,3.08,75.85,76.85,42.24,379.05,18.47,64.79,2950818.33,Thermal Insulation Boards,Medium,Reliance Circular Ventures,High,Needs Advanced Treatment,73.83,25.9,2025-08-02
SEC-214-4,Surat EcoTex Dyeing Pvt Ltd,Surat,Gujarat,Textile Dyeing & Processing,Sludge,Chemical,1060.6,6.78,366.41,234.17,2633.21,62.11,5800.4,288.1,18.04,55.4,Chromium,86.75,80.37,83.43,53.46,8.33,47.99,51.89,92.07,40.95,89.66,5.89,2111575.78,Eco Packaging Sheets,Medium,EcoPack India,Medium,Highly Recoverable,78.38,10.2,2025-08-02
SEC-215-1,Surat EcoTex Dyeing Pvt Ltd,Surat,Gujarat,Textile Dyeing & Processing,Fabric Fiber Residue,Mixed,8972.9,5.87,748.85,356.68,1197.38,648.37,2094.62,545.94,39.37,51.12,Heavy Metals,86.46,87.37,72.73,44.89,4.57,48.06,56.76,63.75,253.03,81.27,40.33,2375748.14,Industrial Pigments,High,UltraTech EcoBuild,Low,Low Recovery Potential,47.83,8.4,2025-08-03
SEC-215-2,Surat EcoTex Dyeing Pvt Ltd,Surat,Gujarat,Textile Dyeing & Processing,Fabric Fiber Residue,Polymer,1447.76,6.82,770.07,231.68,4909.79,198.04,6192.34,308.45,6.28,53.01,Organic Contaminants,85.25,80.07,26.55,37.94,6.82,68.48,41.03,84.02,231.64,40.47,9.79,525273.42,Eco Packaging Sheets,Medium,Reliance Circular Ventures,Low,Moderately Recoverable,93.79,9.1,2025-08-03
SEC-216-1,Surat EcoTex Dyeing Pvt Ltd,Surat,Gujarat,Textile Dyeing & Processing,Printing Dye Sludge,Textile,11259.39,8.64,1217.79,40.67,2501.12,498.98,4786.76,373.71,34.84,57.68,Color Pigments,87.68,70.39,30.52,32.91,5.21,51.41,41.65,70.61,308.36,86.02,63.15,2412433.02,Thermal Insulation Boards,Medium,EcoPack India,Low,Highly Recoverable,38.89,15.7,2025-08-04
SEC-216-2,Surat EcoTex Dyeing Pvt Ltd,Surat,Gujarat,Textile Dyeing & Processing,Sludge,Mixed,14707.62,7.35,582.78,268.6,8017.24,310.38,4137.89,91.73,44.39,46.19,Organic Contaminants,51.89,51.38,66.05,59.97,3.31,87.31,21.24,72.35,391.59,25.66,26.18,3628235.16,Compressed Construction Blocks,High,JSW Green Materials,Low,Low Recovery Potential,77.9,29.3,2025-08-04
SEC-216-3,Surat EcoTex Dyeing Pvt Ltd,Surat,Gujarat,Textile Dyeing & Processing,Fabric Fiber Residue,Polymer,9566.96,6.31,475.12,311.93,8060.73,373.6,8214.94,100.12,5.85,29.35,Heavy Metals,69.05,67.3,25.68,41.78,3.7,68.62,43.62,42.94,80.55,16.44,16.64,2917840.8,Industrial Pigments,Emerging,JSW Green Materials,Medium,Highly Recoverable,83.41,25.2,2025-08-04
SEC-216-4,Surat EcoTex Dyeing Pvt Ltd,Surat,Gujarat,Textile Dyeing & Processing,Printing Dye Sludge,Polymer,13141.65,7.73,684.54,572.47,5134.62,216.32,7818.8,120.15,12.0,33.81,Color Pigments,96.79,90.5,86.18,12.57,9.01,95.54,73.84,34.31,271.2,39.86,5.99,2657671.87,Compressed Construction Blocks,High,EcoPack India,Low,Needs Advanced Treatment,86.79,28.0,2025-08-04
SEC-217-1,Surat EcoTex Dyeing Pvt Ltd,Surat,Gujarat,Textile Dyeing & Processing,Sludge,Textile,2244.49,5.84,1103.47,618.37,4976.46,158.55,2051.42,558.81,5.69,42.48,Color Pigments,92.66,91.26,54.88,43.6,2.0,48.03,27.15,36.64,398.62,34.64,39.39,3761533.9,Industrial Pigments,Very High,UltraTech EcoBuild,Low,Highly Recoverable,45.85,13.6,2025-08-05
SEC-217-2,Surat EcoTex Dyeing Pvt Ltd,Surat,Gujarat,Textile Dyeing & Processing,Printing Dye Sludge,Textile,12363.16,7.62,578.43,330.68,3176.45,250.89,3331.24,131.52,4.91,45.39,Organic Contaminants,94.07,103.36,91.9,54.52,6.52,77.37,73.74,83.9,202.63,53.92,33.71,1924272.19,Eco Bricks,Emerging,UltraTech EcoBuild,High,Low Recovery Potential,61.39,6.9,2025-08-05
SEC-217-3,Surat EcoTex Dyeing Pvt Ltd,Surat,Gujarat,Textile Dyeing & Processing,Chemical Effluent,Textile,6131.73,5.46,665.16,76.64,3466.62,537.82,6440.82,25.73,19.35,35.73,Heavy Metals,82.84,89.66,92.91,43.73,6.0,95.32,44.03,69.93,322.49,74.27,26.34,2326146.39,Compressed Construction Blocks,Emerging,GreenBuild Gujarat,Medium,Highly Recoverable,49.43,14.3,2025-08-05
SEC-217-4,Surat EcoTex Dyeing Pvt Ltd,Surat,Gujarat,Textile Dyeing & Processing,Printing Dye Sludge,Chemical,3168.94,6.6,1333.2,423.15,4481.08,327.24,4364.6,593.19,14.45,52.85,Organic Contaminants,68.93,70.71,80.07,44.58,9.6,66.32,54.9,31.44,112.14,92.33,53.83,2435703.43,Eco Bricks,Medium,GreenBuild Gujarat,High,Low Recovery Potential,37.68,16.0,2025-08-05
SEC-217-5,Surat EcoTex Dyeing Pvt Ltd,Surat,Gujarat,Textile Dyeing & Processing,Textile Dye Waste,Mixed,1021.89,6.3,181.66,193.97,8069.68,385.48,8225.41,59.91,22.19,57.88,Oil Residue,50.88,44.72,94.24,61.19,1.64,73.27,25.05,55.76,404.39,90.64,41.0,1955426.77,Acoustic Insulation Panels,High,Reliance Circular Ventures,High,Highly Recoverable,70.98,20.1,2025-08-05
SEC-218-1,Surat EcoTex Dyeing Pvt Ltd,Surat,Gujarat,Textile Dyeing & Processing,Textile Dye Waste,Chemical,3988.54,5.63,669.85,393.46,6359.51,146.3,7755.32,21.08,10.18,50.97,Organic Contaminants,78.34,73.04,67.93,21.35,1.05,63.73,46.82,90.67,292.79,22.92,35.88,3266486.81,Eco Packaging Sheets,Very High,GreenBuild Gujarat,Low,Moderately Recoverable,46.06,7.9,2025-08-06
SEC-218-2,Surat EcoTex Dyeing Pvt Ltd,Surat,Gujarat,Textile Dyeing & Processing,Chemical Effluent,Textile,6992.99,8.59,125.65,109.76,5836.12,86.52,2813.79,97.96,30.06,37.83,Heavy Metals,97.35,84.6,86.26,48.87,2.89,89.11,78.15,89.58,292.48,46.92,64.24,2822949.87,Eco Bricks,Very High,GreenBuild Gujarat,Medium,Low Recovery Potential,91.27,17.9,2025-08-06
SEC-219-1,Surat EcoTex Dyeing Pvt Ltd,Surat,Gujarat,Textile Dyeing & Processing,Sludge,Chemical,5282.36,6.44,544.41,187.1,573.2,334.91,3343.39,193.17,32.79,31.6,Chromium,58.97,54.7,72.53,61.53,9.57,70.41,61.77,41.52,88.3,37.19,40.44,2056696.06,Eco Packaging Sheets,Very High,UltraTech EcoBuild,High,Moderately Recoverable,71.73,7.9,2025-08-07
SEC-219-2,Surat EcoTex Dyeing Pvt Ltd,Surat,Gujarat,Textile Dyeing & Processing,Chemical Effluent,Chemical,3467.14,5.87,859.98,389.29,5111.84,476.9,6291.89,453.79,22.08,54.09,Low Contamination,53.47,46.69,92.02,58.02,1.35,54.44,79.54,63.09,296.68,52.16,62.66,3015319.51,Thermal Insulation Boards,Emerging,JSW Green Materials,High,Needs Advanced Treatment,56.42,22.9,2025-08-07
SEC-219-3,Surat EcoTex Dyeing Pvt Ltd,Surat,Gujarat,Textile Dyeing & Processing,Chemical Effluent,Chemical,7311.54,7.2,1347.14,693.1,4155.3,486.76,1229.48,398.18,36.8,47.69,Oil Residue,49.7,52.34,27.37,64.65,9.28,59.2,36.62,45.53,122.36,42.06,30.53,2998098.91,Compressed Construction Blocks,Very High,EcoPack India,Medium,Low Recovery Potential,80.39,16.9,2025-08-07
SEC-219-4,Surat EcoTex Dyeing Pvt Ltd,Surat,Gujarat,Textile Dyeing & Processing,Textile Dye Waste,Textile,8629.07,6.67,215.89,513.21,6154.63,166.73,3136.34,479.95,54.87,53.24,Low Contamination,67.9,73.05,45.22,61.55,6.67,49.73,70.24,57.34,341.32,86.93,57.23,1328348.48,Industrial Pigments,Medium,JSW Green Materials,Low,Low Recovery Potential,50.73,9.4,2025-08-07
SEC-219-5,Surat EcoTex Dyeing Pvt Ltd,Surat,Gujarat,Textile Dyeing & Processing,Fabric Fiber Residue,Mixed,5353.98,5.28,714.63,663.84,1629.17,260.4,4867.05,398.18,30.54,52.44,Organic Contaminants,91.05,96.03,86.94,33.12,8.14,93.2,24.33,76.77,311.14,30.52,8.99,479453.83,Compressed Construction Blocks,High,EcoPack India,Low,Needs Advanced Treatment,42.57,5.2,2025-08-07
SEC-220-1,Surat EcoTex Dyeing Pvt Ltd,Surat,Gujarat,Textile Dyeing & Processing,Chemical Effluent,Polymer,4336.56,6.36,587.39,498.48,4058.57,637.63,7772.5,311.84,67.63,26.11,Low Contamination,69.0,55.24,25.66,58.63,9.05,91.14,25.78,98.34,165.02,31.57,26.3,3959127.77,Industrial Pigments,Very High,Reliance Circular Ventures,High,Needs Advanced Treatment,73.64,24.5,2025-08-08
SEC-220-2,Surat EcoTex Dyeing Pvt Ltd,Surat,Gujarat,Textile Dyeing & Processing,Chemical Effluent,Polymer,931.51,5.92,1195.26,358.45,2477.91,227.07,2523.18,379.58,45.34,34.15,Color Pigments,96.55,77.97,39.7,58.78,7.87,45.06,17.39,71.35,301.26,87.96,48.17,1983480.3,Compressed Construction Blocks,High,JSW Green Materials,High,Moderately Recoverable,56.86,15.9,2025-08-08
SEC-220-3,Surat EcoTex Dyeing Pvt Ltd,Surat,Gujarat,Textile Dyeing & Processing,Printing Dye Sludge,Mixed,13756.3,8.33,1373.69,412.02,8743.85,419.48,2021.82,565.78,25.31,36.77,Oil Residue,65.73,54.01,85.93,30.94,9.09,48.56,36.67,57.92,216.74,38.24,59.25,1584234.75,Thermal Insulation Boards,Very High,EcoPack India,Low,Highly Recoverable,83.14,13.8,2025-08-08
SEC-221-1,Surat EcoTex Dyeing Pvt Ltd,Surat,Gujarat,Textile Dyeing & Processing,Fabric Fiber Residue,Textile,1284.11,5.26,337.5,454.94,4423.92,523.23,2276.1,225.59,37.74,25.44,Oil Residue,76.97,68.32,52.98,16.98,1.47,75.32,55.42,71.94,167.48,37.34,32.42,2408117.77,Eco Bricks,Very High,UltraTech EcoBuild,Medium,Low Recovery Potential,47.0,8.1,2025-08-09
SEC-221-2,Surat EcoTex Dyeing Pvt Ltd,Surat,Gujarat,Textile Dyeing & Processing,Fabric Fiber Residue,Textile,7068.35,6.84,1390.08,689.17,6615.06,408.3,5944.53,227.71,23.62,27.21,Color Pigments,89.75,89.25,47.04,27.49,7.86,75.93,55.6,41.54,309.47,91.95,60.43,3992359.45,Eco Packaging Sheets,High,JSW Green Materials,Medium,Moderately Recoverable,90.35,24.3,2025-08-09
SEC-221-3,Surat EcoTex Dyeing Pvt Ltd,Surat,Gujarat,Textile Dyeing & Processing,Fabric Fiber Residue,Textile,4758.76,8.38,1100.33,155.06,4961.94,163.52,5668.04,535.2,5.21,38.55,Low Contamination,65.36,71.01,49.35,21.87,2.69,60.44,16.14,53.27,63.36,76.24,15.97,2689893.52,Acoustic Insulation Panels,Emerging,GreenBuild Gujarat,High,Moderately Recoverable,58.56,6.1,2025-08-09
SEC-221-4,Surat EcoTex Dyeing Pvt Ltd,Surat,Gujarat,Textile Dyeing & Processing,Printing Dye Sludge,Mixed,547.01,6.17,1167.64,670.77,4973.08,32.3,300.13,43.54,31.12,41.09,Organic Contaminants,82.34,86.65,59.75,64.5,7.79,73.08,20.6,72.78,224.65,50.81,18.96,4019519.32,Compressed Construction Blocks,Medium,UltraTech EcoBuild,High,Low Recovery Potential,92.85,6.8,2025-08-09
SEC-222-1,Surat EcoTex Dyeing Pvt Ltd,Surat,Gujarat,Textile Dyeing & Processing,Printing Dye Sludge,Chemical,5864.33,7.51,591.63,672.69,7758.54,174.68,2220.42,357.66,3.94,30.55,Oil Residue,75.39,82.01,61.54,62.27,4.65,92.86,32.94,89.3,138.02,45.88,16.19,3828618.28,Thermal Insulation Boards,Very High,GreenBuild Gujarat,Low,Needs Advanced Treatment,48.55,16.4,2025-08-10
SEC-222-2,Surat EcoTex Dyeing Pvt Ltd,Surat,Gujarat,Textile Dyeing & Processing,Sludge,Mixed,1993.44,5.96,1391.64,573.66,838.9,344.48,6997.07,247.51,22.83,57.37,Oil Residue,85.96,90.18,48.82,21.37,5.79,97.25,43.54,49.66,288.98,76.32,60.99,1610776.19,Industrial Pigments,Emerging,UltraTech EcoBuild,High,Moderately Recoverable,50.18,19.4,2025-08-10
SEC-222-3,Surat EcoTex Dyeing Pvt Ltd,Surat,Gujarat,Textile Dyeing & Processing,Chemical Effluent,Polymer,5991.94,6.81,862.09,655.71,8681.25,46.51,2197.37,574.86,40.91,35.81,Organic Contaminants,69.12,69.43,35.35,16.67,2.25,80.37,54.97,91.75,108.01,35.16,52.33,4066368.74,Acoustic Insulation Panels,Medium,UltraTech EcoBuild,High,Needs Advanced Treatment,94.25,25.9,2025-08-10
SEC-223-1,Surat EcoTex Dyeing Pvt Ltd,Surat,Gujarat,Textile Dyeing & Processing,Fabric Fiber Residue,Chemical,13742.61,7.18,128.01,228.12,7787.88,263.91,8010.02,510.44,13.49,30.33,Color Pigments,53.69,59.49,54.58,32.14,5.95,62.21,44.43,32.23,146.78,23.35,56.43,2091838.87,Eco Packaging Sheets,Medium,GreenBuild Gujarat,High,Low Recovery Potential,38.68,9.3,2025-08-11
SEC-223-2,Surat EcoTex Dyeing Pvt Ltd,Surat,Gujarat,Textile Dyeing & Processing,Printing Dye Sludge,Chemical,11131.07,6.78,1357.56,56.96,5411.52,620.29,1367.62,152.89,64.06,47.23,Chromium,66.74,69.44,54.1,25.86,5.9,93.49,36.09,30.73,72.92,29.47,60.07,1252853.38,Compressed Construction Blocks,Emerging,EcoPack India,Low,Highly Recoverable,94.88,8.5,2025-08-11
SEC-224-1,Surat EcoTex Dyeing Pvt Ltd,Surat,Gujarat,Textile Dyeing & Processing,Sludge,Polymer,13105.39,6.27,162.64,421.66,1939.08,616.62,5563.44,328.21,43.27,41.04,Color Pigments,91.56,80.8,79.14,59.52,1.15,45.03,66.79,53.37,449.43,64.08,9.52,3224788.87,Eco Bricks,Very High,Reliance Circular Ventures,High,Highly Recoverable,35.41,4.3,2025-08-12
SEC-224-2,Surat EcoTex Dyeing Pvt Ltd,Surat,Gujarat,Textile Dyeing & Processing,Textile Dye Waste,Textile,3891.44,6.18,376.77,335.06,6725.95,340.95,5937.68,333.99,68.29,24.67,Low Contamination,46.82,50.23,74.75,22.04,4.42,65.91,67.99,91.5,86.21,29.25,33.56,3144051.8,Thermal Insulation Boards,Very High,Reliance Circular Ventures,Medium,Low Recovery Potential,61.2,14.6,2025-08-12
SEC-225-1,Surat EcoTex Dyeing Pvt Ltd,Surat,Gujarat,Textile Dyeing & Processing,Sludge,Polymer,1596.11,6.26,1178.11,43.21,4652.56,243.14,7072.2,252.44,39.46,56.45,Chromium,40.01,38.08,58.4,50.14,9.41,51.84,24.55,93.08,434.09,63.86,5.31,3878987.91,Compressed Construction Blocks,High,UltraTech EcoBuild,Low,Highly Recoverable,63.27,29.8,2025-08-13
SEC-225-2,Surat EcoTex Dyeing Pvt Ltd,Surat,Gujarat,Textile Dyeing & Processing,Sludge,Chemical,4555.78,6.9,711.54,145.72,4745.11,358.29,4764.11,517.66,6.0,53.81,Heavy Metals,67.91,61.18,83.12,39.21,9.8,72.41,15.79,46.33,8.48,31.68,59.95,2320300.35,Thermal Insulation Boards,Medium,UltraTech EcoBuild,Low,Highly Recoverable,67.05,6.4,2025-08-13
SEC-225-3,Surat EcoTex Dyeing Pvt Ltd,Surat,Gujarat,Textile Dyeing & Processing,Sludge,Textile,11482.14,5.82,1002.83,526.98,2819.59,323.84,7681.67,553.61,62.73,30.51,Organic Contaminants,68.16,54.92,25.2,45.56,4.72,69.16,77.02,92.56,444.61,30.21,63.79,2534722.99,Thermal Insulation Boards,Very High,EcoPack India,Low,Moderately Recoverable,85.08,18.1,2025-08-13
SEC-225-4,Surat EcoTex Dyeing Pvt Ltd,Surat,Gujarat,Textile Dyeing & Processing,Textile Dye Waste,Mixed,11249.09,6.29,735.63,152.22,8599.37,340.41,7655.69,214.63,24.83,32.77,Heavy Metals,88.18,75.41,51.01,39.09,4.76,65.38,74.25,80.53,251.08,92.85,55.28,1624096.25,Acoustic Insulation Panels,Very High,EcoPack India,Low,Moderately Recoverable,53.07,28.9,2025-08-13
SEC-226-1,Surat EcoTex Dyeing Pvt Ltd,Surat,Gujarat,Textile Dyeing & Processing,Textile Dye Waste,Textile,6207.6,7.65,1328.39,368.2,6647.14,367.94,8386.45,71.07,53.18,43.06,Chromium,51.23,57.16,47.82,35.83,3.54,46.61,12.59,80.05,351.29,68.4,43.33,3540689.18,Acoustic Insulation Panels,Very High,GreenBuild Gujarat,Medium,Highly Recoverable,41.7,15.4,2025-08-14
SEC-226-2,Surat EcoTex Dyeing Pvt Ltd,Surat,Gujarat,Textile Dyeing & Processing,Printing Dye Sludge,Chemical,7490.6,8.26,1068.43,309.06,6614.32,51.54,3689.05,399.77,25.18,46.5,Low Contamination,77.74,75.94,48.64,44.5,9.04,45.71,27.31,74.11,212.45,16.73,62.36,656534.6,Eco Bricks,Medium,EcoPack India,High,Low Recovery Potential,67.93,4.4,2025-08-14
SEC-226-3,Surat EcoTex Dyeing Pvt Ltd,Surat,Gujarat,Textile Dyeing & Processing,Printing Dye Sludge,Chemical,7601.39,6.98,1010.72,58.85,4941.5,476.58,4004.54,25.53,29.15,53.52,Organic Contaminants,85.37,83.89,39.21,18.08,3.22,47.59,75.72,39.63,276.79,28.4,39.58,2768585.79,Eco Packaging Sheets,High,UltraTech EcoBuild,Low,Low Recovery Potential,61.97,21.0,2025-08-14
SEC-226-4,Surat EcoTex Dyeing Pvt Ltd,Surat,Gujarat,Textile Dyeing & Processing,Chemical Effluent,Polymer,4478.43,7.39,1355.73,217.79,1986.8,468.44,7065.5,243.63,60.62,24.04,Color Pigments,92.99,91.12,54.77,36.22,8.36,75.49,45.45,88.35,50.23,79.36,60.37,1788100.35,Compressed Construction Blocks,Very High,GreenBuild Gujarat,Medium,Needs Advanced Treatment,69.79,23.6,2025-08-14
SEC-226-5,Surat EcoTex Dyeing Pvt Ltd,Surat,Gujarat,Textile Dyeing & Processing,Sludge,Textile,14884.09,5.36,688.22,452.05,2822.53,183.19,7236.53,247.1,36.89,28.93,Color Pigments,97.31,85.28,36.32,19.25,9.85,50.16,71.46,59.25,317.69,25.65,48.48,90053.0,Acoustic Insulation Panels,High,Reliance Circular Ventures,Low,Low Recovery Potential,41.6,18.1,2025-08-14
SEC-227-1,Surat EcoTex Dyeing Pvt Ltd,Surat,Gujarat,Textile Dyeing & Processing,Printing Dye Sludge,Polymer,10395.63,7.76,457.6,475.17,8810.43,242.62,4705.42,86.21,13.69,55.5,Color Pigments,77.97,68.73,66.69,41.28,4.8,96.32,55.09,30.63,372.79,25.98,29.5,1632442.33,Compressed Construction Blocks,Emerging,UltraTech EcoBuild,High,Needs Advanced Treatment,49.63,15.4,2025-08-15
SEC-227-2,Surat EcoTex Dyeing Pvt Ltd,Surat,Gujarat,Textile Dyeing & Processing,Sludge,Textile,11011.16,7.6,1390.75,643.78,864.42,159.88,1338.96,230.35,60.95,34.27,Heavy Metals,97.53,82.78,40.22,19.18,9.75,82.29,20.65,65.62,356.43,22.49,36.16,4207218.21,Industrial Pigments,Emerging,EcoPack India,Medium,Highly Recoverable,77.25,16.5,2025-08-15
SEC-228-1,Surat EcoTex Dyeing Pvt Ltd,Surat,Gujarat,Textile Dyeing & Processing,Printing Dye Sludge,Mixed,6159.83,8.47,981.5,71.78,4725.49,119.45,6745.36,32.66,57.08,27.41,Heavy Metals,72.36,76.54,29.89,55.02,8.33,93.25,50.5,39.6,155.1,59.53,33.69,4229064.0,Eco Bricks,Very High,JSW Green Materials,Low,Needs Advanced Treatment,70.21,5.6,2025-08-16
SEC-228-2,Surat EcoTex Dyeing Pvt Ltd,Surat,Gujarat,Textile Dyeing & Processing,Chemical Effluent,Mixed,12852.38,7.59,1002.81,225.24,5321.82,74.62,3817.46,104.28,35.22,51.61,Heavy Metals,40.37,37.53,63.6,31.2,3.12,57.93,66.58,98.36,149.84,16.1,26.69,868799.12,Thermal Insulation Boards,Medium,EcoPack India,Medium,Highly Recoverable,91.21,10.1,2025-08-16
SEC-229-1,Surat EcoTex Dyeing Pvt Ltd,Surat,Gujarat,Textile Dyeing & Processing,Textile Dye Waste,Mixed,14219.23,8.39,1380.72,395.69,3402.07,438.96,866.24,316.55,13.48,42.57,Oil Residue,87.51,96.72,29.25,52.7,2.04,54.58,34.2,39.6,119.29,88.75,25.43,2161918.08,Thermal Insulation Boards,Very High,GreenBuild Gujarat,Medium,Low Recovery Potential,67.93,7.2,2025-08-17
SEC-229-2,Surat EcoTex Dyeing Pvt Ltd,Surat,Gujarat,Textile Dyeing & Processing,Sludge,Mixed,1003.57,5.38,382.25,615.55,8118.94,485.43,1050.76,480.22,66.53,49.34,Color Pigments,60.8,64.1,51.43,26.02,5.51,57.93,65.87,86.0,112.26,15.65,52.89,880838.2,Thermal Insulation Boards,High,EcoPack India,Medium,Moderately Recoverable,94.23,23.1,2025-08-17
SEC-230-1,Surat EcoTex Dyeing Pvt Ltd,Surat,Gujarat,Textile Dyeing & Processing,Printing Dye Sludge,Chemical,9353.12,5.71,676.75,164.3,2351.54,38.39,5183.02,51.44,12.11,50.39,Organic Contaminants,65.88,70.55,68.78,14.93,7.6,91.76,22.35,88.15,433.2,38.52,29.54,3441744.46,Industrial Pigments,Very High,EcoPack India,Low,Moderately Recoverable,45.44,21.3,2025-08-18
SEC-230-2,Surat EcoTex Dyeing Pvt Ltd,Surat,Gujarat,Textile Dyeing & Processing,Fabric Fiber Residue,Mixed,5133.72,7.34,1313.89,190.69,1486.21,290.0,4711.3,480.17,17.92,56.54,Organic Contaminants,80.69,70.44,48.88,62.8,6.38,90.01,10.8,88.81,181.95,46.04,37.86,3839244.52,Thermal Insulation Boards,Emerging,Reliance Circular Ventures,Medium,Low Recovery Potential,91.89,6.2,2025-08-18
SEC-230-3,Surat EcoTex Dyeing Pvt Ltd,Surat,Gujarat,Textile Dyeing & Processing,Sludge,Chemical,6390.79,5.59,1183.42,509.04,8013.95,600.44,7252.82,284.43,35.67,42.22,Heavy Metals,72.77,59.28,34.91,61.95,3.28,63.24,59.4,77.59,394.28,85.09,17.58,2065661.72,Compressed Construction Blocks,Very High,EcoPack India,High,Moderately Recoverable,65.22,5.1,2025-08-18
SEC-230-4,Surat EcoTex Dyeing Pvt Ltd,Surat,Gujarat,Textile Dyeing & Processing,Fabric Fiber Residue,Textile,5496.73,6.48,762.42,499.76,5393.21,524.04,5429.36,71.8,64.36,38.67,Oil Residue,70.14,62.27,52.37,19.0,3.44,90.1,55.35,38.65,192.36,78.5,20.15,1009657.41,Eco Packaging Sheets,Emerging,Reliance Circular Ventures,Medium,Needs Advanced Treatment,96.38,5.5,2025-08-18
SEC-230-5,Surat EcoTex Dyeing Pvt Ltd,Surat,Gujarat,Textile Dyeing & Processing,Textile Dye Waste,Textile,1983.72,7.1,1234.54,653.17,1773.57,307.68,7630.84,69.62,47.0,43.29,Low Contamination,52.25,43.23,68.5,57.24,7.62,55.2,63.68,51.73,416.86,96.25,22.27,2065558.6,Industrial Pigments,High,GreenBuild Gujarat,High,Low Recovery Potential,44.94,27.9,2025-08-18
SEC-231-1,Surat EcoTex Dyeing Pvt Ltd,Surat,Gujarat,Textile Dyeing & Processing,Printing Dye Sludge,Textile,11625.09,8.68,1257.44,330.5,2687.25,141.79,8022.21,370.78,47.66,40.89,Color Pigments,58.23,64.09,64.45,24.38,4.9,70.42,77.42,47.41,262.34,46.8,34.06,4121438.62,Acoustic Insulation Panels,Very High,EcoPack India,High,Needs Advanced Treatment,66.95,29.5,2025-08-19
SEC-231-2,Surat EcoTex Dyeing Pvt Ltd,Surat,Gujarat,Textile Dyeing & Processing,Textile Dye Waste,Textile,12073.08,6.08,582.41,625.95,7627.82,347.82,571.5,443.55,26.69,33.62,Organic Contaminants,47.01,44.33,59.96,19.67,7.71,49.83,43.59,63.79,257.66,77.53,41.93,432168.83,Eco Bricks,Emerging,JSW Green Materials,Low,Moderately Recoverable,48.25,18.0,2025-08-19
SEC-231-3,Surat EcoTex Dyeing Pvt Ltd,Surat,Gujarat,Textile Dyeing & Processing,Printing Dye Sludge,Polymer,6063.32,6.81,723.23,34.47,4055.56,51.09,6406.88,187.69,21.98,45.85,Chromium,74.89,67.27,77.45,60.99,9.48,81.86,52.29,80.02,5.83,74.83,7.41,1791148.25,Industrial Pigments,Emerging,Reliance Circular Ventures,High,Low Recovery Potential,78.34,26.0,2025-08-19
SEC-232-1,Surat EcoTex Dyeing Pvt Ltd,Surat,Gujarat,Textile Dyeing & Processing,Sludge,Chemical,14749.71,7.24,844.58,643.39,7707.52,476.22,2478.12,537.5,9.86,49.03,Heavy Metals,80.26,67.19,73.84,49.95,7.76,59.26,43.02,43.25,334.5,36.87,22.32,4270185.63,Eco Bricks,Medium,UltraTech EcoBuild,High,Needs Advanced Treatment,78.09,22.9,2025-08-20
SEC-232-2,Surat EcoTex Dyeing Pvt Ltd,Surat,Gujarat,Textile Dyeing & Processing,Printing Dye Sludge,Textile,5166.74,5.88,1008.12,76.86,3132.8,509.38,1146.69,74.38,41.97,54.6,Low Contamination,89.71,72.97,73.82,31.0,2.64,78.31,78.46,42.36,386.83,76.02,12.8,3371142.88,Thermal Insulation Boards,High,UltraTech EcoBuild,High,Low Recovery Potential,52.63,25.3,2025-08-20
SEC-232-3,Surat EcoTex Dyeing Pvt Ltd,Surat,Gujarat,Textile Dyeing & Processing,Textile Dye Waste,Chemical,10677.18,7.73,987.05,449.54,5510.21,322.12,6270.44,591.38,67.69,32.64,Color Pigments,49.66,50.56,74.87,13.33,5.05,87.11,23.33,95.47,160.26,95.74,36.48,3425051.61,Industrial Pigments,Emerging,JSW Green Materials,Low,Moderately Recoverable,43.63,13.8,2025-08-20
SEC-233-1,Surat EcoTex Dyeing Pvt Ltd,Surat,Gujarat,Textile Dyeing & Processing,Sludge,Polymer,6166.47,7.17,497.05,47.61,6818.49,66.14,6640.49,54.07,30.08,25.11,Oil Residue,43.8,42.95,68.23,28.7,7.98,93.38,68.03,42.16,317.91,23.31,59.98,745166.56,Industrial Pigments,Medium,Reliance Circular Ventures,High,Highly Recoverable,95.84,10.8,2025-08-21
SEC-233-2,Surat EcoTex Dyeing Pvt Ltd,Surat,Gujarat,Textile Dyeing & Processing,Printing Dye Sludge,Textile,4253.5,6.97,829.03,395.48,3788.71,600.03,7476.2,272.87,49.82,30.34,Organic Contaminants,59.65,60.22,65.47,38.5,9.97,62.82,58.06,66.8,288.38,30.75,53.03,2254454.85,Eco Packaging Sheets,Very High,EcoPack India,Low,Moderately Recoverable,68.07,28.4,2025-08-21
SEC-234-1,Surat EcoTex Dyeing Pvt Ltd,Surat,Gujarat,Textile Dyeing & Processing,Textile Dye Waste,Mixed,8433.34,6.31,866.37,414.44,4878.63,499.06,7319.34,409.83,54.97,55.53,Low Contamination,92.31,99.88,56.12,53.53,2.43,57.52,57.12,85.74,188.83,21.81,46.32,121184.33,Compressed Construction Blocks,Emerging,Reliance Circular Ventures,Medium,Moderately Recoverable,88.73,28.8,2025-08-22
SEC-234-2,Surat EcoTex Dyeing Pvt Ltd,Surat,Gujarat,Textile Dyeing & Processing,Sludge,Chemical,13536.97,5.46,1095.37,694.63,6373.64,579.31,3062.95,131.78,35.64,41.74,Oil Residue,61.25,52.65,27.2,48.39,7.32,69.41,10.78,76.33,56.84,75.32,15.0,3481094.69,Eco Bricks,High,EcoPack India,Medium,Highly Recoverable,38.81,20.2,2025-08-22
SEC-234-3,Surat EcoTex Dyeing Pvt Ltd,Surat,Gujarat,Textile Dyeing & Processing,Sludge,Textile,3912.37,6.99,975.33,230.44,3694.19,492.61,5577.11,157.02,9.68,30.5,Oil Residue,57.93,64.42,52.69,61.93,3.06,47.74,46.09,53.81,126.99,85.37,22.83,89031.95,Industrial Pigments,High,GreenBuild Gujarat,Low,Moderately Recoverable,51.03,9.7,2025-08-22
SEC-234-4,Surat EcoTex Dyeing Pvt Ltd,Surat,Gujarat,Textile Dyeing & Processing,Textile Dye Waste,Chemical,1360.0,6.11,784.12,441.81,462.22,206.57,3132.64,468.16,45.54,48.97,Oil Residue,75.17,79.84,87.14,14.37,5.56,49.91,65.23,54.94,68.98,67.87,59.43,600272.98,Eco Packaging Sheets,Medium,Reliance Circular Ventures,High,Moderately Recoverable,91.99,8.4,2025-08-22
SEC-235-1,Surat EcoTex Dyeing Pvt Ltd,Surat,Gujarat,Textile Dyeing & Processing,Textile Dye Waste,Chemical,7634.7,5.25,410.07,560.14,7430.37,433.13,5813.36,162.12,42.93,35.6,Oil Residue,49.05,54.61,76.07,25.16,7.59,68.23,60.8,71.81,113.26,60.8,21.69,1983718.54,Acoustic Insulation Panels,Emerging,EcoPack India,High,Highly Recoverable,60.75,26.5,2025-08-23
SEC-235-2,Surat EcoTex Dyeing Pvt Ltd,Surat,Gujarat,Textile Dyeing & Processing,Printing Dye Sludge,Polymer,4575.98,7.07,361.25,465.78,4175.11,278.83,7838.08,159.46,33.75,53.64,Low Contamination,85.85,86.71,71.09,38.92,7.28,81.24,38.96,66.02,67.22,42.45,44.88,820460.6,Compressed Construction Blocks,Emerging,GreenBuild Gujarat,High,Low Recovery Potential,63.88,13.4,2025-08-23
SEC-235-3,Surat EcoTex Dyeing Pvt Ltd,Surat,Gujarat,Textile Dyeing & Processing,Chemical Effluent,Polymer,13428.19,8.7,1109.33,236.96,478.65,195.61,4211.21,299.5,15.64,29.77,Color Pigments,78.18,76.85,61.31,62.21,8.42,69.25,18.05,45.96,390.85,87.15,24.21,1199625.81,Industrial Pigments,Emerging,UltraTech EcoBuild,High,Low Recovery Potential,69.81,27.6,2025-08-23
SEC-236-1,Surat EcoTex Dyeing Pvt Ltd,Surat,Gujarat,Textile Dyeing & Processing,Fabric Fiber Residue,Polymer,7395.67,7.46,130.13,343.81,5930.53,427.25,1490.79,303.34,59.98,57.82,Organic Contaminants,71.1,59.14,27.7,24.77,7.22,86.45,24.55,70.09,410.02,55.03,23.41,269475.36,Eco Bricks,Very High,GreenBuild Gujarat,Medium,Highly Recoverable,91.18,17.6,2025-08-24
SEC-236-2,Surat EcoTex Dyeing Pvt Ltd,Surat,Gujarat,Textile Dyeing & Processing,Sludge,Chemical,6199.49,8.09,725.51,519.65,4009.49,59.11,8265.39,269.0,26.94,37.82,Oil Residue,48.48,51.12,47.08,56.21,1.53,77.74,76.02,70.96,20.32,20.11,9.9,3559624.82,Thermal Insulation Boards,Emerging,JSW Green Materials,High,Low Recovery Potential,68.83,6.7,2025-08-24
SEC-236-3,Surat EcoTex Dyeing Pvt Ltd,Surat,Gujarat,Textile Dyeing & Processing,Chemical Effluent,Polymer,5177.04,6.58,1236.14,575.59,4926.07,349.36,6057.37,115.57,55.31,28.08,Low Contamination,71.28,76.45,90.47,22.05,8.8,46.59,42.64,32.2,144.51,78.12,47.55,497097.53,Eco Packaging Sheets,High,GreenBuild Gujarat,Medium,Needs Advanced Treatment,46.6,26.3,2025-08-24
SEC-237-1,Surat EcoTex Dyeing Pvt Ltd,Surat,Gujarat,Textile Dyeing & Processing,Fabric Fiber Residue,Mixed,4394.82,7.02,284.49,685.37,5248.35,116.33,5483.37,15.98,66.58,44.72,Heavy Metals,80.31,84.01,46.07,34.3,1.92,89.45,20.32,43.57,163.45,68.57,8.8,4077725.61,Compressed Construction Blocks,Very High,Reliance Circular Ventures,Medium,Highly Recoverable,39.72,11.3,2025-08-25
SEC-237-2,Surat EcoTex Dyeing Pvt Ltd,Surat,Gujarat,Textile Dyeing & Processing,Chemical Effluent,Polymer,11443.1,7.45,1051.74,137.73,2593.54,156.19,4707.77,164.51,30.9,31.15,Heavy Metals,73.33,78.37,83.51,19.21,9.54,61.85,38.94,80.46,184.08,67.56,16.87,4428164.3,Compressed Construction Blocks,High,UltraTech EcoBuild,Low,Moderately Recoverable,51.28,8.9,2025-08-25
SEC-238-1,Surat EcoTex Dyeing Pvt Ltd,Surat,Gujarat,Textile Dyeing & Processing,Fabric Fiber Residue,Chemical,10735.79,6.03,282.68,103.82,1503.93,273.39,6418.84,293.71,28.96,45.1,Low Contamination,94.52,95.5,64.55,24.97,1.47,49.69,60.67,96.03,9.8,74.4,48.78,595168.57,Eco Packaging Sheets,High,EcoPack India,High,Moderately Recoverable,80.82,24.8,2025-08-26
SEC-238-2,Surat EcoTex Dyeing Pvt Ltd,Surat,Gujarat,Textile Dyeing & Processing,Chemical Effluent,Chemical,7039.75,6.14,425.25,531.01,2508.86,342.52,5991.32,397.28,34.46,49.32,Low Contamination,67.73,62.13,37.27,36.93,5.12,68.14,33.15,77.45,413.87,70.16,36.57,3494209.47,Compressed Construction Blocks,Very High,Reliance Circular Ventures,Low,Needs Advanced Treatment,47.86,8.6,2025-08-26
SEC-238-3,Surat EcoTex Dyeing Pvt Ltd,Surat,Gujarat,Textile Dyeing & Processing,Sludge,Textile,8163.52,6.23,762.69,386.51,1546.77,151.69,4241.79,293.94,53.09,28.22,Oil Residue,89.06,72.87,74.13,36.55,9.8,50.09,66.29,95.01,145.55,93.03,60.42,211304.23,Eco Packaging Sheets,Medium,GreenBuild Gujarat,Medium,Needs Advanced Treatment,89.83,19.6,2025-08-26
SEC-238-4,Surat EcoTex Dyeing Pvt Ltd,Surat,Gujarat,Textile Dyeing & Processing,Textile Dye Waste,Mixed,6310.6,6.21,1251.6,610.17,8728.47,577.27,4784.18,326.85,15.59,31.48,Chromium,75.53,66.84,30.2,48.99,1.27,89.99,10.4,33.22,31.61,87.04,9.0,2752296.63,Eco Packaging Sheets,Very High,EcoPack India,Low,Low Recovery Potential,40.34,29.1,2025-08-26
SEC-239-1,Surat EcoTex Dyeing Pvt Ltd,Surat,Gujarat,Textile Dyeing & Processing,Fabric Fiber Residue,Mixed,14208.91,6.83,365.19,30.55,4167.36,95.7,4123.97,458.09,44.83,44.46,Oil Residue,66.87,56.44,50.7,30.13,6.9,87.51,51.37,42.83,102.19,77.36,40.71,1279817.15,Thermal Insulation Boards,High,EcoPack India,Medium,Moderately Recoverable,52.23,20.4,2025-08-27
SEC-239-2,Surat EcoTex Dyeing Pvt Ltd,Surat,Gujarat,Textile Dyeing & Processing,Textile Dye Waste,Textile,11005.7,6.82,922.2,262.4,2919.42,470.0,1847.5,71.02,22.55,44.76,Oil Residue,45.6,38.62,30.68,28.91,4.75,47.88,39.43,32.3,346.0,56.24,22.6,3871780.52,Compressed Construction Blocks,Medium,Reliance Circular Ventures,Medium,Moderately Recoverable,75.47,9.0,2025-08-27
SEC-239-3,Surat EcoTex Dyeing Pvt Ltd,Surat,Gujarat,Textile Dyeing & Processing,Chemical Effluent,Chemical,629.24,6.27,1080.39,369.83,7038.56,578.0,7089.17,325.28,56.96,55.17,Low Contamination,61.17,62.15,87.89,47.44,5.29,54.99,25.78,41.78,286.29,76.15,45.29,2915401.31,Compressed Construction Blocks,Medium,GreenBuild Gujarat,Low,Low Recovery Potential,80.78,9.6,2025-08-27
SEC-239-4,Surat EcoTex Dyeing Pvt Ltd,Surat,Gujarat,Textile Dyeing & Processing,Fabric Fiber Residue,Polymer,4365.31,5.64,1026.06,155.56,1191.05,598.32,6732.26,327.09,37.35,28.33,Heavy Metals,65.51,56.17,61.24,36.1,8.71,93.38,56.62,96.79,194.89,17.53,52.12,3941905.87,Thermal Insulation Boards,Emerging,UltraTech EcoBuild,Medium,Moderately Recoverable,59.09,10.1,2025-08-27
SEC-240-1,Surat EcoTex Dyeing Pvt Ltd,Surat,Gujarat,Textile Dyeing & Processing,Sludge,Chemical,1626.05,8.68,947.45,405.23,739.21,197.86,3002.6,414.04,53.4,35.1,Chromium,45.94,49.79,35.98,12.62,8.7,58.03,16.43,97.72,433.74,57.24,7.2,1276560.84,Industrial Pigments,Emerging,Reliance Circular Ventures,Medium,Needs Advanced Treatment,43.47,8.3,2025-08-28
SEC-240-2,Surat EcoTex Dyeing Pvt Ltd,Surat,Gujarat,Textile Dyeing & Processing,Chemical Effluent,Chemical,2461.29,7.09,271.87,419.68,3486.62,159.57,7734.89,68.53,7.6,29.25,Low Contamination,56.2,56.73,30.85,19.8,1.17,83.76,74.02,37.97,161.65,66.14,8.19,507161.28,Compressed Construction Blocks,High,UltraTech EcoBuild,High,Highly Recoverable,91.88,26.1,2025-08-28
SEC-241-1,Surat EcoTex Dyeing Pvt Ltd,Surat,Gujarat,Textile Dyeing & Processing,Sludge,Polymer,12776.26,8.33,199.4,680.54,5149.04,632.38,2137.8,493.65,64.11,51.93,Low Contamination,79.73,76.94,74.74,24.53,2.1,67.0,25.39,49.66,189.98,75.72,15.57,1724049.79,Acoustic Insulation Panels,Emerging,UltraTech EcoBuild,Low,Needs Advanced Treatment,75.6,24.8,2025-08-29
SEC-241-2,Surat EcoTex Dyeing Pvt Ltd,Surat,Gujarat,Textile Dyeing & Processing,Textile Dye Waste,Textile,3532.67,5.52,539.02,306.9,4333.09,542.7,4253.1,413.28,33.23,45.59,Color Pigments,66.2,58.6,82.92,29.38,9.9,81.52,38.2,59.74,38.39,51.2,42.08,2808897.34,Eco Bricks,Very High,GreenBuild Gujarat,Low,Moderately Recoverable,57.68,8.8,2025-08-29
SEC-241-3,Surat EcoTex Dyeing Pvt Ltd,Surat,Gujarat,Textile Dyeing & Processing,Printing Dye Sludge,Chemical,9745.61,8.21,1219.11,644.75,8536.83,516.58,6329.48,392.49,44.18,27.63,Color Pigments,83.35,80.98,83.05,44.42,3.39,46.07,78.51,58.29,364.0,31.27,8.51,951234.03,Acoustic Insulation Panels,Very High,GreenBuild Gujarat,High,Low Recovery Potential,43.69,29.7,2025-08-29
SEC-241-4,Surat EcoTex Dyeing Pvt Ltd,Surat,Gujarat,Textile Dyeing & Processing,Chemical Effluent,Polymer,10339.81,6.92,607.42,156.31,7744.34,333.53,3034.37,31.68,67.23,42.24,Heavy Metals,44.41,44.97,44.63,47.49,1.18,96.01,36.32,91.91,143.55,55.38,25.93,2541411.36,Eco Packaging Sheets,Medium,GreenBuild Gujarat,High,Highly Recoverable,36.83,18.0,2025-08-29
SEC-241-5,Surat EcoTex Dyeing Pvt Ltd,Surat,Gujarat,Textile Dyeing & Processing,Fabric Fiber Residue,Polymer,8806.67,8.08,1366.65,697.86,4743.38,96.9,7733.95,70.52,17.84,33.01,Color Pigments,46.92,46.61,73.21,13.47,4.95,48.45,43.96,75.99,138.54,74.58,11.84,3510518.76,Acoustic Insulation Panels,Emerging,EcoPack India,Low,Moderately Recoverable,92.82,9.8,2025-08-29
SEC-242-1,Surat EcoTex Dyeing Pvt Ltd,Surat,Gujarat,Textile Dyeing & Processing,Printing Dye Sludge,Mixed,9498.0,8.07,790.34,575.72,6989.92,418.6,1387.21,552.2,61.78,45.3,Heavy Metals,92.09,100.65,62.52,63.09,1.68,79.32,69.21,96.06,126.79,80.46,57.06,1227033.47,Eco Bricks,Emerging,EcoPack India,Medium,Moderately Recoverable,40.83,6.7,2025-08-30
SEC-242-2,Surat EcoTex Dyeing Pvt Ltd,Surat,Gujarat,Textile Dyeing & Processing,Printing Dye Sludge,Chemical,10911.08,7.5,841.41,165.89,5022.27,56.11,6635.3,430.57,13.57,57.13,Low Contamination,61.08,55.87,39.35,29.94,3.96,92.6,41.89,92.77,176.29,73.31,43.52,2211055.25,Compressed Construction Blocks,Medium,EcoPack India,Low,Needs Advanced Treatment,72.52,26.2,2025-08-30
SEC-242-3,Surat EcoTex Dyeing Pvt Ltd,Surat,Gujarat,Textile Dyeing & Processing,Textile Dye Waste,Polymer,7816.46,7.66,1344.29,466.12,1796.79,58.32,5047.02,115.73,63.4,47.76,Heavy Metals,49.36,48.16,42.63,44.04,5.46,86.39,48.29,41.47,408.64,21.4,7.13,999703.8,Compressed Construction Blocks,Medium,JSW Green Materials,Low,Needs Advanced Treatment,83.08,25.1,2025-08-30
SEC-242-4,Surat EcoTex Dyeing Pvt Ltd,Surat,Gujarat,Textile Dyeing & Processing,Textile Dye Waste,Chemical,8125.99,7.06,1234.09,129.39,2286.36,451.7,1142.1,315.56,19.72,53.31,Heavy Metals,78.38,77.55,47.92,26.12,5.29,90.79,41.02,59.79,213.26,17.83,30.12,3608978.29,Thermal Insulation Boards,Very High,UltraTech EcoBuild,High,Highly Recoverable,39.58,16.9,2025-08-30
SEC-243-1,Surat EcoTex Dyeing Pvt Ltd,Surat,Gujarat,Textile Dyeing & Processing,Sludge,Chemical,5623.26,6.9,233.73,316.11,5380.41,320.33,1726.8,458.54,33.46,31.05,Low Contamination,48.96,46.47,70.05,57.82,8.11,54.1,27.39,86.92,270.44,46.92,44.74,4073577.37,Eco Packaging Sheets,Emerging,Reliance Circular Ventures,Medium,Low Recovery Potential,47.38,4.9,2025-08-31
SEC-243-2,Surat EcoTex Dyeing Pvt Ltd,Surat,Gujarat,Textile Dyeing & Processing,Textile Dye Waste,Polymer,8677.95,5.4,630.75,449.38,6944.5,335.25,8480.01,243.26,17.41,36.59,Color Pigments,91.69,95.11,70.87,55.37,9.31,97.13,20.76,44.52,15.61,54.84,22.73,194356.61,Compressed Construction Blocks,Emerging,GreenBuild Gujarat,Medium,Moderately Recoverable,58.59,18.4,2025-08-31
SEC-244-1,Surat EcoTex Dyeing Pvt Ltd,Surat,Gujarat,Textile Dyeing & Processing,Fabric Fiber Residue,Textile,10247.75,8.08,845.3,377.46,4946.58,346.38,5656.39,60.18,44.28,51.16,Heavy Metals,88.32,82.41,44.56,35.7,2.49,75.87,10.97,45.45,119.38,56.0,17.51,2424939.7,Industrial Pigments,High,EcoPack India,Medium,Moderately Recoverable,71.06,17.1,2025-09-01
SEC-244-2,Surat EcoTex Dyeing Pvt Ltd,Surat,Gujarat,Textile Dyeing & Processing,Textile Dye Waste,Chemical,13481.48,8.39,1012.36,332.53,5958.66,160.59,6525.75,25.22,11.07,26.81,Oil Residue,49.05,43.79,73.23,20.5,3.15,54.25,67.72,30.76,161.37,65.8,60.71,511506.64,Eco Packaging Sheets,Very High,EcoPack India,High,Highly Recoverable,79.94,29.6,2025-09-01
SEC-245-1,Surat EcoTex Dyeing Pvt Ltd,Surat,Gujarat,Textile Dyeing & Processing,Printing Dye Sludge,Chemical,8576.61,5.23,1351.01,136.73,2951.57,321.74,575.42,236.85,6.96,47.14,Organic Contaminants,43.56,42.71,35.82,16.82,3.31,61.77,24.59,81.46,270.45,85.69,27.7,4392372.34,Eco Bricks,Medium,JSW Green Materials,Low,Highly Recoverable,89.8,5.8,2025-09-02
SEC-245-2,Surat EcoTex Dyeing Pvt Ltd,Surat,Gujarat,Textile Dyeing & Processing,Sludge,Textile,6118.35,7.47,1154.34,152.09,1028.6,466.59,2216.92,383.82,8.48,40.31,Chromium,52.85,56.82,77.96,43.37,9.49,54.77,41.65,81.6,89.17,50.8,40.98,414040.65,Thermal Insulation Boards,Emerging,EcoPack India,Low,Highly Recoverable,56.08,25.2,2025-09-02
SEC-245-3,Surat EcoTex Dyeing Pvt Ltd,Surat,Gujarat,Textile Dyeing & Processing,Fabric Fiber Residue,Mixed,14665.78,6.93,1245.29,356.77,5326.18,642.7,2377.51,459.32,29.23,28.35,Chromium,92.05,86.69,75.16,60.39,6.85,71.12,56.07,47.81,387.12,45.63,43.55,911674.27,Eco Bricks,High,UltraTech EcoBuild,Medium,Needs Advanced Treatment,74.19,9.2,2025-09-02
SEC-245-4,Surat EcoTex Dyeing Pvt Ltd,Surat,Gujarat,Textile Dyeing & Processing,Chemical Effluent,Textile,6791.26,8.55,564.27,238.48,8952.04,40.62,461.81,50.95,51.95,36.45,Color Pigments,63.64,70.9,29.08,44.04,5.32,87.48,35.8,47.06,143.7,24.0,45.74,3318963.5,Industrial Pigments,Medium,Reliance Circular Ventures,High,Needs Advanced Treatment,56.3,17.1,2025-09-02
SEC-246-1,Surat EcoTex Dyeing Pvt Ltd,Surat,Gujarat,Textile Dyeing & Processing,Textile Dye Waste,Textile,12601.65,7.78,744.22,438.34,3252.19,478.99,2190.87,277.2,68.44,54.0,Color Pigments,78.47,83.28,31.38,34.76,6.08,61.32,67.0,63.91,164.0,70.2,52.9,978816.05,Thermal Insulation Boards,Medium,Reliance Circular Ventures,High,Low Recovery Potential,57.39,7.1,2025-09-03
SEC-246-2,Surat EcoTex Dyeing Pvt Ltd,Surat,Gujarat,Textile Dyeing & Processing,Fabric Fiber Residue,Polymer,12584.13,8.61,1356.58,302.97,3667.45,268.44,8038.21,173.68,12.7,52.12,Chromium,97.04,95.55,41.9,20.56,3.83,81.06,12.16,92.34,392.47,92.29,19.59,2435362.62,Compressed Construction Blocks,Medium,GreenBuild Gujarat,Medium,Needs Advanced Treatment,90.07,8.2,2025-09-03
SEC-247-1,Surat EcoTex Dyeing Pvt Ltd,Surat,Gujarat,Textile Dyeing & Processing,Chemical Effluent,Chemical,14113.89,5.33,1017.06,169.77,8336.44,576.57,3833.87,62.49,32.24,29.58,Oil Residue,50.32,44.93,73.91,15.23,1.8,77.35,37.74,80.38,354.86,28.69,33.32,4422005.01,Thermal Insulation Boards,Medium,UltraTech EcoBuild,Medium,Highly Recoverable,85.69,28.4,2025-09-04
SEC-247-2,Surat EcoTex Dyeing Pvt Ltd,Surat,Gujarat,Textile Dyeing & Processing,Chemical Effluent,Chemical,10453.05,8.18,1281.11,473.84,6147.12,517.27,6116.19,299.34,19.22,40.93,Organic Contaminants,64.81,62.37,49.34,41.47,7.24,70.77,53.71,91.5,47.38,86.67,53.98,3741213.12,Thermal Insulation Boards,Medium,JSW Green Materials,High,Low Recovery Potential,40.66,11.3,2025-09-04
SEC-247-3,Surat EcoTex Dyeing Pvt Ltd,Surat,Gujarat,Textile Dyeing & Processing,Chemical Effluent,Polymer,5020.3,7.41,1166.13,405.66,6777.1,35.35,3559.76,413.67,43.67,30.07,Low Contamination,52.02,53.43,43.1,23.14,4.32,64.7,62.54,74.37,418.67,19.28,31.55,3313494.76,Thermal Insulation Boards,High,JSW Green Materials,High,Needs Advanced Treatment,72.59,28.9,2025-09-04
SEC-247-4,Surat EcoTex Dyeing Pvt Ltd,Surat,Gujarat,Textile Dyeing & Processing,Sludge,Mixed,8712.84,5.41,1079.82,405.71,4829.75,245.35,5226.4,122.48,29.93,40.2,Oil Residue,61.79,50.68,62.19,41.95,4.05,51.85,36.02,47.3,138.85,21.72,59.55,2973018.98,Eco Packaging Sheets,Medium,UltraTech EcoBuild,Medium,Highly Recoverable,57.39,8.2,2025-09-04
SEC-247-5,Surat EcoTex Dyeing Pvt Ltd,Surat,Gujarat,Textile Dyeing & Processing,Printing Dye Sludge,Textile,1534.89,8.68,1152.09,67.24,3367.74,186.44,3942.72,176.96,32.37,32.05,Color Pigments,74.93,74.09,37.1,46.09,8.39,72.41,54.01,76.96,289.48,43.38,12.26,4414872.77,Compressed Construction Blocks,Very High,JSW Green Materials,High,Needs Advanced Treatment,54.91,16.6,2025-09-04
SEC-248-1,Surat EcoTex Dyeing Pvt Ltd,Surat,Gujarat,Textile Dyeing & Processing,Sludge,Chemical,6660.58,7.5,1121.33,84.54,3570.94,215.4,5389.11,210.72,45.69,31.89,Heavy Metals,89.01,83.51,39.41,62.26,8.47,89.44,21.79,83.81,215.52,88.2,5.44,679065.0,Eco Bricks,Emerging,UltraTech EcoBuild,High,Highly Recoverable,37.29,11.2,2025-09-05
SEC-248-2,Surat EcoTex Dyeing Pvt Ltd,Surat,Gujarat,Textile Dyeing & Processing,Sludge,Textile,6979.92,6.86,1193.43,697.0,2635.04,77.93,6614.07,277.1,59.93,31.02,Heavy Metals,76.77,62.82,45.29,16.56,9.63,67.14,33.95,83.42,230.31,89.75,24.08,3723791.33,Eco Bricks,High,Reliance Circular Ventures,Low,Low Recovery Potential,73.88,25.2,2025-09-05
SEC-248-3,Surat EcoTex Dyeing Pvt Ltd,Surat,Gujarat,Textile Dyeing & Processing,Chemical Effluent,Polymer,9254.16,8.09,184.93,248.05,7890.97,182.05,943.95,28.04,5.7,37.87,Heavy Metals,81.8,79.6,25.87,23.61,6.23,63.2,73.92,96.76,82.9,78.97,42.49,4106733.98,Acoustic Insulation Panels,Very High,Reliance Circular Ventures,Low,Low Recovery Potential,91.23,21.3,2025-09-05
SEC-248-4,Surat EcoTex Dyeing Pvt Ltd,Surat,Gujarat,Textile Dyeing & Processing,Printing Dye Sludge,Chemical,7500.92,6.16,1053.62,213.22,6901.16,217.94,1760.56,109.07,57.71,35.36,Chromium,89.18,84.04,49.55,19.62,1.9,64.25,34.63,56.87,365.32,22.55,24.22,1891832.38,Thermal Insulation Boards,Medium,JSW Green Materials,Low,Moderately Recoverable,53.02,26.7,2025-09-05
SEC-249-1,Surat EcoTex Dyeing Pvt Ltd,Surat,Gujarat,Textile Dyeing & Processing,Fabric Fiber Residue,Textile,3340.18,7.58,1338.96,443.4,5783.26,436.31,8231.16,129.32,45.23,33.4,Color Pigments,68.45,60.97,89.81,46.96,2.32,57.72,52.93,83.8,5.44,70.59,60.21,3639160.77,Acoustic Insulation Panels,Emerging,EcoPack India,Low,Highly Recoverable,91.67,28.8,2025-09-06
SEC-249-2,Surat EcoTex Dyeing Pvt Ltd,Surat,Gujarat,Textile Dyeing & Processing,Fabric Fiber Residue,Textile,8321.18,5.7,919.8,303.06,5237.28,139.94,2125.52,292.01,25.73,29.19,Color Pigments,59.69,54.67,28.95,14.23,4.93,55.38,24.5,57.0,97.57,55.21,34.78,2454030.93,Acoustic Insulation Panels,Emerging,UltraTech EcoBuild,Low,Low Recovery Potential,71.85,29.0,2025-09-06
SEC-249-3,Surat EcoTex Dyeing Pvt Ltd,Surat,Gujarat,Textile Dyeing & Processing,Fabric Fiber Residue,Polymer,4615.07,7.13,508.68,189.81,1773.27,303.23,4955.64,55.26,25.8,29.39,Chromium,63.01,68.78,38.69,20.48,7.41,49.97,48.07,79.97,47.52,19.67,23.34,4111660.08,Eco Bricks,Medium,JSW Green Materials,High,Moderately Recoverable,65.98,6.3,2025-09-06
SEC-249-4,Surat EcoTex Dyeing Pvt Ltd,Surat,Gujarat,Textile Dyeing & Processing,Sludge,Textile,5658.1,7.72,1249.47,289.41,2463.51,154.03,554.31,396.03,6.1,42.83,Color Pigments,93.4,97.31,39.35,18.73,9.54,60.56,75.39,36.51,420.48,43.89,57.94,2544444.61,Industrial Pigments,Very High,Reliance Circular Ventures,High,Needs Advanced Treatment,81.23,15.8,2025-09-06
SEC-249-5,Surat EcoTex Dyeing Pvt Ltd,Surat,Gujarat,Textile Dyeing & Processing,Chemical Effluent,Mixed,3507.09,8.66,254.98,30.13,5438.65,64.64,1975.39,142.37,40.12,26.67,Color Pigments,91.91,99.77,81.99,54.85,8.57,82.5,15.21,61.74,440.0,96.55,45.63,1313607.15,Compressed Construction Blocks,Emerging,JSW Green Materials,High,Moderately Recoverable,86.42,12.0,2025-09-06
SEC-250-1,Surat EcoTex Dyeing Pvt Ltd,Surat,Gujarat,Textile Dyeing & Processing,Printing Dye Sludge,Mixed,1704.6,5.41,934.07,425.82,6834.33,308.3,3491.64,498.12,2.2,42.22,Heavy Metals,60.94,66.29,82.92,29.21,7.85,48.49,76.79,30.82,447.49,73.97,20.78,3286788.87,Acoustic Insulation Panels,Very High,GreenBuild Gujarat,Medium,Needs Advanced Treatment,84.91,8.8,2025-09-07
SEC-250-2,Surat EcoTex Dyeing Pvt Ltd,Surat,Gujarat,Textile Dyeing & Processing,Fabric Fiber Residue,Chemical,12008.5,6.47,214.97,314.98,4346.4,578.92,739.02,235.26,55.71,39.11,Low Contamination,43.53,40.14,52.14,51.78,3.78,63.05,49.94,31.13,84.73,82.42,13.98,2225550.53,Thermal Insulation Boards,Very High,UltraTech EcoBuild,High,Needs Advanced Treatment,91.98,13.2,2025-09-07
SEC-250-3,Surat EcoTex Dyeing Pvt Ltd,Surat,Gujarat,Textile Dyeing & Processing,Fabric Fiber Residue,Mixed,7025.93,8.15,322.93,405.82,869.27,65.11,3901.77,164.63,50.18,30.17,Heavy Metals,93.89,100.63,82.69,64.62,9.8,62.3,51.24,97.35,10.9,75.63,26.69,3589227.49,Thermal Insulation Boards,Emerging,JSW Green Materials,High,Needs Advanced Treatment,79.95,13.8,2025-09-07
SEC-251-1,Surat EcoTex Dyeing Pvt Ltd,Surat,Gujarat,Textile Dyeing & Processing,Sludge,Textile,14577.81,5.93,1220.87,693.69,5334.75,197.02,3595.38,185.6,6.27,40.23,Heavy Metals,92.78,86.32,37.33,18.63,8.12,77.65,62.3,42.85,332.9,17.35,33.36,144729.97,Thermal Insulation Boards,Medium,UltraTech EcoBuild,Medium,Highly Recoverable,78.02,19.7,2025-09-08
SEC-251-2,Surat EcoTex Dyeing Pvt Ltd,Surat,Gujarat,Textile Dyeing & Processing,Chemical Effluent,Textile,2479.88,5.53,294.4,130.73,4445.61,207.78,5849.61,529.1,14.28,30.45,Chromium,81.42,78.92,50.93,11.32,1.74,75.66,55.15,48.24,413.68,26.73,16.91,750591.51,Eco Packaging Sheets,Emerging,GreenBuild Gujarat,High,Moderately Recoverable,79.4,24.5,2025-09-08
SEC-251-3,Surat EcoTex Dyeing Pvt Ltd,Surat,Gujarat,Textile Dyeing & Processing,Fabric Fiber Residue,Chemical,6482.3,7.65,584.59,471.81,2564.94,224.18,7916.11,39.74,68.45,51.31,Chromium,60.01,56.47,46.27,60.18,3.23,90.81,34.52,57.53,311.08,26.49,61.26,3127086.2,Compressed Construction Blocks,High,UltraTech EcoBuild,Low,Highly Recoverable,83.35,10.8,2025-09-08
SEC-251-4,Surat EcoTex Dyeing Pvt Ltd,Surat,Gujarat,Textile Dyeing & Processing,Sludge,Polymer,7542.29,5.76,359.34,437.93,1571.4,499.29,1708.68,265.29,58.88,42.52,Organic Contaminants,89.32,84.23,60.62,21.0,6.68,52.69,38.16,91.63,378.03,76.84,47.1,2424817.89,Eco Bricks,Emerging,Reliance Circular Ventures,High,Needs Advanced Treatment,41.78,11.1,2025-09-08
SEC-252-1,Surat EcoTex Dyeing Pvt Ltd,Surat,Gujarat,Textile Dyeing & Processing,Textile Dye Waste,Textile,14504.38,7.93,913.62,576.79,1457.87,180.76,2569.52,376.28,23.48,30.18,Organic Contaminants,86.46,84.45,66.92,45.63,1.51,66.5,18.32,84.24,317.44,60.85,46.54,2113320.1,Acoustic Insulation Panels,High,Reliance Circular Ventures,Low,Highly Recoverable,95.05,9.1,2025-09-09
SEC-252-2,Surat EcoTex Dyeing Pvt Ltd,Surat,Gujarat,Textile Dyeing & Processing,Sludge,Polymer,8438.7,8.38,258.65,312.4,5793.4,48.73,4655.05,111.57,21.23,48.41,Oil Residue,77.71,86.23,50.53,53.62,6.53,90.08,70.79,87.94,100.48,17.84,47.81,4333661.03,Eco Packaging Sheets,Emerging,UltraTech EcoBuild,Medium,Highly Recoverable,94.23,7.5,2025-09-09
SEC-252-3,Surat EcoTex Dyeing Pvt Ltd,Surat,Gujarat,Textile Dyeing & Processing,Textile Dye Waste,Chemical,13679.27,8.68,1156.04,50.99,3513.14,206.53,7585.12,201.45,27.98,34.31,Heavy Metals,50.7,56.55,60.02,12.16,6.99,66.21,10.7,86.5,132.68,71.66,35.39,2638547.37,Eco Bricks,Very High,EcoPack India,Low,Needs Advanced Treatment,92.36,12.3,2025-09-09
SEC-252-4,Surat EcoTex Dyeing Pvt Ltd,Surat,Gujarat,Textile Dyeing & Processing,Fabric Fiber Residue,Textile,2413.78,8.09,1343.31,652.77,3604.63,30.27,5928.92,490.41,67.17,24.63,Chromium,68.05,74.3,36.46,29.37,4.27,61.69,56.71,35.94,116.27,54.89,51.84,691283.81,Eco Packaging Sheets,Very High,Reliance Circular Ventures,Low,Low Recovery Potential,93.2,15.4,2025-09-09
SEC-252-5,Surat EcoTex Dyeing Pvt Ltd,Surat,Gujarat,Textile Dyeing & Processing,Chemical Effluent,Mixed,6506.07,7.18,1358.03,368.73,5846.57,576.15,1796.85,364.66,67.77,48.17,Organic Contaminants,53.51,47.57,79.91,46.24,6.47,67.88,76.08,84.79,50.67,71.84,23.97,2858148.61,Industrial Pigments,Medium,GreenBuild Gujarat,Medium,Moderately Recoverable,35.21,19.2,2025-09-09
SEC-253-1,Surat EcoTex Dyeing Pvt Ltd,Surat,Gujarat,Textile Dyeing & Processing,Textile Dye Waste,Chemical,13367.99,5.61,1343.83,488.44,4005.0,129.67,597.87,453.81,7.72,35.65,Chromium,91.72,98.84,28.42,53.91,4.72,48.0,64.58,47.97,329.8,95.51,32.79,4164871.69,Thermal Insulation Boards,Very High,UltraTech EcoBuild,High,Low Recovery Potential,89.5,28.5,2025-09-10
SEC-253-2,Surat EcoTex Dyeing Pvt Ltd,Surat,Gujarat,Textile Dyeing & Processing,Textile Dye Waste,Polymer,11848.75,7.16,695.21,90.5,829.96,93.09,7095.93,244.45,63.21,41.09,Heavy Metals,43.12,37.41,28.5,17.78,6.15,80.19,39.61,31.31,109.85,32.81,60.78,2253650.5,Industrial Pigments,High,UltraTech EcoBuild,High,Needs Advanced Treatment,81.26,21.4,2025-09-10
SEC-253-3,Surat EcoTex Dyeing Pvt Ltd,Surat,Gujarat,Textile Dyeing & Processing,Chemical Effluent,Polymer,2588.27,5.68,847.51,286.2,6350.55,437.55,1916.66,46.66,25.1,25.59,Organic Contaminants,74.11,73.04,54.08,52.77,3.29,96.05,38.2,90.69,68.76,87.65,47.39,1696206.35,Compressed Construction Blocks,Medium,GreenBuild Gujarat,High,Highly Recoverable,39.87,25.9,2025-09-10
SEC-253-4,Surat EcoTex Dyeing Pvt Ltd,Surat,Gujarat,Textile Dyeing & Processing,Textile Dye Waste,Mixed,12709.69,7.7,1164.73,202.74,3973.11,634.85,787.79,505.7,56.01,28.31,Heavy Metals,92.99,93.18,87.48,41.84,3.93,51.42,17.1,85.74,59.0,35.56,48.28,1042117.76,Acoustic Insulation Panels,Emerging,UltraTech EcoBuild,High,Highly Recoverable,71.71,13.8,2025-09-10
SEC-253-5,Surat EcoTex Dyeing Pvt Ltd,Surat,Gujarat,Textile Dyeing & Processing,Textile Dye Waste,Chemical,682.02,6.9,197.81,328.16,2866.56,480.6,7667.66,221.03,12.78,57.33,Organic Contaminants,55.5,60.85,91.71,55.8,5.03,82.59,68.27,81.86,86.11,56.67,57.65,3688403.45,Acoustic Insulation Panels,Emerging,EcoPack India,Medium,Moderately Recoverable,59.08,11.4,2025-09-10
SEC-254-1,Surat EcoTex Dyeing Pvt Ltd,Surat,Gujarat,Textile Dyeing & Processing,Chemical Effluent,Polymer,12749.66,5.5,1112.14,262.97,5278.22,439.44,2581.43,342.0,57.14,45.86,Chromium,97.14,81.0,81.64,50.23,9.19,64.84,55.91,75.14,252.93,29.52,22.75,1225324.97,Compressed Construction Blocks,Emerging,Reliance Circular Ventures,High,Highly Recoverable,71.49,20.0,2025-09-11
SEC-254-2,Surat EcoTex Dyeing Pvt Ltd,Surat,Gujarat,Textile Dyeing & Processing,Printing Dye Sludge,Textile,10140.58,8.56,658.82,471.72,6139.98,163.57,5667.33,298.34,67.8,49.97,Oil Residue,43.38,40.63,66.71,39.14,6.61,66.47,42.8,67.11,371.08,91.2,26.9,3046835.08,Eco Packaging Sheets,Medium,EcoPack India,Low,Needs Advanced Treatment,92.2,21.1,2025-09-11
SEC-254-3,Surat EcoTex Dyeing Pvt Ltd,Surat,Gujarat,Textile Dyeing & Processing,Printing Dye Sludge,Textile,6446.52,6.85,1350.28,126.84,8424.81,640.0,2940.89,542.38,38.62,43.59,Oil Residue,58.89,54.19,39.23,17.41,8.42,51.96,28.09,43.23,20.19,89.0,49.92,1070591.02,Compressed Construction Blocks,High,JSW Green Materials,High,Needs Advanced Treatment,81.28,19.3,2025-09-11
SEC-254-4,Surat EcoTex Dyeing Pvt Ltd,Surat,Gujarat,Textile Dyeing & Processing,Textile Dye Waste,Textile,2367.73,7.29,1277.43,222.71,5353.68,575.75,3321.49,318.23,27.52,49.96,Heavy Metals,63.78,68.84,43.49,48.81,3.22,69.57,38.94,90.01,87.27,42.54,9.69,2217871.07,Acoustic Insulation Panels,Emerging,EcoPack India,High,Highly Recoverable,44.89,11.2,2025-09-11
SEC-255-1,Surat EcoTex Dyeing Pvt Ltd,Surat,Gujarat,Textile Dyeing & Processing,Printing Dye Sludge,Polymer,2239.55,6.09,382.58,229.61,2588.19,363.09,8218.53,374.83,68.46,24.76,Organic Contaminants,51.85,53.52,34.7,40.17,1.39,73.72,72.54,59.74,293.62,25.31,24.09,3543020.82,Thermal Insulation Boards,Medium,UltraTech EcoBuild,High,Low Recovery Potential,62.46,5.0,2025-09-12
SEC-255-2,Surat EcoTex Dyeing Pvt Ltd,Surat,Gujarat,Textile Dyeing & Processing,Printing Dye Sludge,Mixed,4739.76,6.45,1177.64,249.01,6780.55,319.99,8060.67,396.65,18.36,52.9,Chromium,91.56,87.97,27.93,52.74,1.55,46.49,19.42,37.2,176.92,73.87,52.97,371676.22,Thermal Insulation Boards,Very High,Reliance Circular Ventures,Medium,Highly Recoverable,95.43,5.0,2025-09-12
SEC-256-1,Surat EcoTex Dyeing Pvt Ltd,Surat,Gujarat,Textile Dyeing & Processing,Sludge,Textile,3120.93,8.34,227.76,119.29,5363.33,490.76,6819.3,456.85,33.46,46.21,Organic Contaminants,90.76,95.25,61.17,54.87,1.34,66.05,68.72,50.95,221.29,93.85,62.49,2462066.37,Industrial Pigments,Medium,Reliance Circular Ventures,Low,Low Recovery Potential,42.48,18.9,2025-09-13
SEC-256-2,Surat EcoTex Dyeing Pvt Ltd,Surat,Gujarat,Textile Dyeing & Processing,Sludge,Chemical,7492.15,5.77,654.8,439.29,7224.45,168.42,7035.68,176.25,3.12,34.05,Low Contamination,92.14,92.25,55.42,61.59,5.35,80.09,27.54,53.12,448.24,42.48,27.06,2388571.48,Compressed Construction Blocks,Very High,UltraTech EcoBuild,Low,Low Recovery Potential,83.0,16.3,2025-09-13
SEC-256-3,Surat EcoTex Dyeing Pvt Ltd,Surat,Gujarat,Textile Dyeing & Processing,Sludge,Polymer,12354.01,8.25,196.69,376.41,1007.91,142.11,4774.02,82.06,15.9,39.34,Color Pigments,86.5,70.86,60.54,36.0,7.97,81.74,50.69,46.5,406.14,43.18,25.44,1161953.78,Acoustic Insulation Panels,Emerging,GreenBuild Gujarat,High,Low Recovery Potential,66.67,24.5,2025-09-13
SEC-256-4,Surat EcoTex Dyeing Pvt Ltd,Surat,Gujarat,Textile Dyeing & Processing,Fabric Fiber Residue,Textile,11826.4,6.63,333.4,496.32,5262.24,349.84,6241.17,584.83,56.59,32.62,Low Contamination,74.54,77.15,55.76,16.67,3.86,95.16,46.34,82.66,281.53,70.2,22.14,858280.34,Compressed Construction Blocks,Medium,JSW Green Materials,High,Needs Advanced Treatment,51.95,4.9,2025-09-13
SEC-256-5,Surat EcoTex Dyeing Pvt Ltd,Surat,Gujarat,Textile Dyeing & Processing,Sludge,Polymer,10610.0,7.92,1374.79,621.52,513.03,80.14,3102.89,127.24,13.84,27.11,Low Contamination,54.22,48.61,50.11,41.72,9.07,61.43,78.01,92.48,19.2,73.71,54.22,63099.83,Compressed Construction Blocks,Very High,GreenBuild Gujarat,Medium,Needs Advanced Treatment,50.53,13.1,2025-09-13
SEC-257-1,Surat EcoTex Dyeing Pvt Ltd,Surat,Gujarat,Textile Dyeing & Processing,Printing Dye Sludge,Polymer,8415.09,8.36,651.9,41.19,2872.97,503.72,2851.97,428.06,33.48,50.02,Oil Residue,54.78,54.93,84.27,44.91,9.24,60.89,77.4,68.11,29.31,49.85,47.25,2698238.31,Industrial Pigments,High,Reliance Circular Ventures,High,Low Recovery Potential,40.13,16.3,2025-09-14
SEC-257-2,Surat EcoTex Dyeing Pvt Ltd,Surat,Gujarat,Textile Dyeing & Processing,Chemical Effluent,Polymer,12865.5,5.58,1086.66,540.44,6433.09,402.1,594.58,433.41,47.56,57.97,Oil Residue,89.09,80.89,84.57,34.44,9.62,95.78,73.26,78.84,208.29,21.33,25.14,1923378.97,Thermal Insulation Boards,High,UltraTech EcoBuild,Medium,Highly Recoverable,62.87,15.5,2025-09-14
SEC-257-3,Surat EcoTex Dyeing Pvt Ltd,Surat,Gujarat,Textile Dyeing & Processing,Printing Dye Sludge,Textile,2699.11,8.51,1074.91,362.99,672.22,188.69,7630.64,469.87,7.09,26.66,Low Contamination,59.32,66.0,49.56,18.26,5.49,66.83,40.98,62.61,135.07,89.23,8.07,1615412.88,Eco Bricks,High,EcoPack India,High,Moderately Recoverable,73.57,16.4,2025-09-14
SEC-257-4,Surat EcoTex Dyeing Pvt Ltd,Surat,Gujarat,Textile Dyeing & Processing,Textile Dye Waste,Textile,5095.62,5.97,335.57,43.25,5392.97,260.54,5967.96,282.97,34.89,30.49,Color Pigments,46.28,43.89,54.89,29.83,1.78,78.29,33.87,74.18,317.28,28.72,11.36,1199192.73,Eco Packaging Sheets,Medium,UltraTech EcoBuild,High,Highly Recoverable,49.49,22.0,2025-09-14
SEC-257-5,Surat EcoTex Dyeing Pvt Ltd,Surat,Gujarat,Textile Dyeing & Processing,Fabric Fiber Residue,Mixed,3462.5,6.46,772.35,163.73,4820.71,174.2,700.11,329.56,61.79,40.1,Oil Residue,86.2,92.77,75.86,32.07,1.06,66.05,57.61,65.08,137.48,56.36,7.97,1839009.31,Industrial Pigments,High,JSW Green Materials,Low,Needs Advanced Treatment,91.75,4.1,2025-09-14
SEC-258-1,Surat EcoTex Dyeing Pvt Ltd,Surat,Gujarat,Textile Dyeing & Processing,Printing Dye Sludge,Textile,8692.35,8.43,411.75,579.65,8891.44,555.27,5781.67,436.5,60.26,30.28,Organic Contaminants,78.36,73.33,32.15,26.55,6.88,52.69,47.39,75.16,277.19,65.75,55.93,1911107.98,Eco Bricks,High,JSW Green Materials,Medium,Needs Advanced Treatment,65.92,11.0,2025-09-15
SEC-258-2,Surat EcoTex Dyeing Pvt Ltd,Surat,Gujarat,Textile Dyeing & Processing,Fabric Fiber Residue,Textile,4356.04,7.21,1114.04,585.86,6291.73,48.5,5481.57,515.79,48.05,48.0,Organic Contaminants,58.24,50.69,90.32,38.52,7.56,88.15,33.8,56.06,432.51,92.98,49.92,4322494.88,Thermal Insulation Boards,High,UltraTech EcoBuild,Medium,Moderately Recoverable,42.31,11.0,2025-09-15
SEC-258-3,Surat EcoTex Dyeing Pvt Ltd,Surat,Gujarat,Textile Dyeing & Processing,Chemical Effluent,Textile,6670.35,7.1,955.57,623.81,2919.66,238.73,6833.72,532.88,49.83,48.52,Chromium,87.37,79.56,67.56,10.08,8.22,59.76,40.45,41.02,392.16,62.57,5.02,2514944.04,Eco Packaging Sheets,High,UltraTech EcoBuild,Medium,Low Recovery Potential,50.99,10.2,2025-09-15
SEC-259-1,Surat EcoTex Dyeing Pvt Ltd,Surat,Gujarat,Textile Dyeing & Processing,Fabric Fiber Residue,Polymer,10644.93,8.59,1006.63,583.36,8904.04,391.91,7737.95,336.22,59.78,47.11,Organic Contaminants,40.96,44.33,66.06,15.76,8.15,69.65,38.83,61.09,373.12,62.11,46.75,1633124.23,Eco Bricks,Very High,Reliance Circular Ventures,Medium,Low Recovery Potential,84.08,8.9,2025-09-16
SEC-259-2,Surat EcoTex Dyeing Pvt Ltd,Surat,Gujarat,Textile Dyeing & Processing,Textile Dye Waste,Mixed,3419.95,7.01,1381.55,433.48,5172.67,457.36,870.93,33.76,2.64,50.63,Oil Residue,48.81,52.14,91.0,22.76,8.26,46.02,45.98,62.05,18.57,29.28,40.38,2915626.45,Acoustic Insulation Panels,Very High,EcoPack India,Medium,Needs Advanced Treatment,92.57,12.7,2025-09-16
SEC-260-1,Surat EcoTex Dyeing Pvt Ltd,Surat,Gujarat,Textile Dyeing & Processing,Fabric Fiber Residue,Chemical,9956.29,6.23,517.72,106.66,816.45,265.3,2812.61,399.45,33.79,25.17,Organic Contaminants,45.96,44.19,56.82,34.52,8.92,70.43,73.03,58.14,181.92,77.71,62.11,984521.46,Acoustic Insulation Panels,Emerging,EcoPack India,High,Moderately Recoverable,51.53,20.3,2025-09-17
SEC-260-2,Surat EcoTex Dyeing Pvt Ltd,Surat,Gujarat,Textile Dyeing & Processing,Fabric Fiber Residue,Polymer,12631.2,7.63,911.34,551.6,4420.65,581.72,5012.87,528.68,7.69,24.34,Oil Residue,44.96,38.56,32.28,23.68,3.9,64.92,42.68,77.89,162.67,93.5,46.52,2894567.57,Eco Packaging Sheets,Medium,GreenBuild Gujarat,High,Low Recovery Potential,47.69,14.4,2025-09-17
SEC-260-3,Surat EcoTex Dyeing Pvt Ltd,Surat,Gujarat,Textile Dyeing & Processing,Chemical Effluent,Polymer,11832.09,6.94,1034.7,447.54,8012.68,311.92,7631.57,133.66,29.37,49.78,Heavy Metals,92.06,100.16,90.44,45.87,6.02,65.45,58.86,80.98,276.28,65.89,52.49,3247325.3,Compressed Construction Blocks,Emerging,UltraTech EcoBuild,Medium,Low Recovery Potential,91.77,12.8,2025-09-17
SEC-261-1,Surat EcoTex Dyeing Pvt Ltd,Surat,Gujarat,Textile Dyeing & Processing,Fabric Fiber Residue,Chemical,7268.28,6.17,1351.12,586.5,3772.34,246.69,5967.75,286.28,35.16,50.66,Heavy Metals,51.36,44.73,34.2,51.86,7.9,48.41,23.2,93.35,254.37,57.29,5.56,2451970.35,Thermal Insulation Boards,High,JSW Green Materials,High,Low Recovery Potential,89.27,17.7,2025-09-18
SEC-261-2,Surat EcoTex Dyeing Pvt Ltd,Surat,Gujarat,Textile Dyeing & Processing,Fabric Fiber Residue,Chemical,1245.22,5.7,1328.76,463.8,3173.91,489.88,3759.48,585.41,67.96,25.81,Organic Contaminants,45.02,40.7,81.54,25.16,9.87,61.1,47.6,60.45,265.52,80.47,63.62,1659063.77,Eco Packaging Sheets,Very High,UltraTech EcoBuild,High,Highly Recoverable,84.8,9.3,2025-09-18
SEC-261-3,Surat EcoTex Dyeing Pvt Ltd,Surat,Gujarat,Textile Dyeing & Processing,Chemical Effluent,Polymer,5009.36,8.54,257.12,340.69,3371.87,472.29,4194.09,106.33,55.47,32.8,Oil Residue,74.42,62.78,52.6,50.28,3.68,69.06,52.86,42.13,101.39,49.3,55.83,273673.38,Eco Bricks,Emerging,EcoPack India,Low,Needs Advanced Treatment,45.49,4.3,2025-09-18
SEC-262-1,Surat EcoTex Dyeing Pvt Ltd,Surat,Gujarat,Textile Dyeing & Processing,Sludge,Textile,10305.16,8.09,878.33,682.41,6422.8,399.34,6783.77,361.58,6.38,56.52,Organic Contaminants,91.35,93.06,45.46,52.52,6.9,80.95,59.43,38.81,211.47,27.22,8.01,4328744.61,Compressed Construction Blocks,Very High,JSW Green Materials,Low,Needs Advanced Treatment,61.34,17.1,2025-09-19
SEC-262-2,Surat EcoTex Dyeing Pvt Ltd,Surat,Gujarat,Textile Dyeing & Processing,Fabric Fiber Residue,Textile,12947.55,6.04,515.14,635.62,994.0,483.87,1570.62,531.43,59.92,57.34,Oil Residue,82.4,89.69,58.56,60.52,3.29,95.17,49.94,98.07,223.97,60.6,62.94,381863.45,Acoustic Insulation Panels,Emerging,JSW Green Materials,Medium,Moderately Recoverable,60.24,23.0,2025-09-19
SEC-262-3,Surat EcoTex Dyeing Pvt Ltd,Surat,Gujarat,Textile Dyeing & Processing,Printing Dye Sludge,Polymer,1330.0,7.8,1152.97,271.74,1127.58,115.38,6062.38,430.43,19.44,34.47,Chromium,57.26,61.12,82.51,48.25,4.1,75.19,47.39,66.87,375.2,16.08,62.32,3978110.97,Thermal Insulation Boards,Very High,Reliance Circular Ventures,Low,Highly Recoverable,83.82,22.5,2025-09-19
SEC-263-1,Surat EcoTex Dyeing Pvt Ltd,Surat,Gujarat,Textile Dyeing & Processing,Textile Dye Waste,Chemical,7431.99,6.81,1318.7,604.8,6778.93,170.84,2894.96,358.59,31.35,43.88,Heavy Metals,73.98,72.06,35.25,62.59,4.4,72.76,22.9,61.92,246.69,55.61,31.65,2523100.15,Thermal Insulation Boards,Medium,GreenBuild Gujarat,High,Low Recovery Potential,35.96,17.1,2025-09-20
SEC-263-2,Surat EcoTex Dyeing Pvt Ltd,Surat,Gujarat,Textile Dyeing & Processing,Sludge,Textile,2048.5,6.24,812.06,637.87,8616.65,445.97,6577.41,544.15,31.94,47.71,Heavy Metals,64.52,57.98,26.98,43.53,8.34,89.39,59.78,44.38,331.73,68.68,12.41,171478.77,Eco Bricks,Emerging,UltraTech EcoBuild,Low,Highly Recoverable,56.77,11.4,2025-09-20
SEC-263-3,Surat EcoTex Dyeing Pvt Ltd,Surat,Gujarat,Textile Dyeing & Processing,Chemical Effluent,Mixed,9456.35,8.42,515.19,661.87,4294.67,141.1,3074.03,562.3,38.89,26.03,Heavy Metals,95.06,92.5,68.07,63.48,4.96,64.66,43.85,46.5,274.37,46.04,15.32,182604.41,Industrial Pigments,Emerging,JSW Green Materials,High,Highly Recoverable,64.23,22.6,2025-09-20
SEC-264-1,Surat EcoTex Dyeing Pvt Ltd,Surat,Gujarat,Textile Dyeing & Processing,Textile Dye Waste,Polymer,8152.98,6.56,835.1,325.3,5317.46,113.25,7170.09,161.95,55.92,55.83,Color Pigments,63.81,69.53,79.01,58.53,7.62,91.96,18.31,74.3,56.76,26.04,42.58,4364628.9,Compressed Construction Blocks,Emerging,EcoPack India,Low,Low Recovery Potential,54.18,5.6,2025-09-21
SEC-264-2,Surat EcoTex Dyeing Pvt Ltd,Surat,Gujarat,Textile Dyeing & Processing,Sludge,Chemical,7083.62,7.98,1207.43,460.72,6531.2,84.0,3327.01,574.81,2.53,28.13,Organic Contaminants,47.9,52.16,29.7,42.42,5.1,70.16,57.47,49.01,271.78,27.33,46.75,3415296.22,Thermal Insulation Boards,Very High,Reliance Circular Ventures,Low,Needs Advanced Treatment,37.58,4.0,2025-09-21
SEC-264-3,Surat EcoTex Dyeing Pvt Ltd,Surat,Gujarat,Textile Dyeing & Processing,Sludge,Mixed,5425.8,7.72,1107.81,368.39,7651.54,508.25,6889.94,29.02,56.82,52.97,Organic Contaminants,60.0,53.37,44.48,27.83,6.81,69.47,65.99,80.02,45.57,70.32,9.95,2454340.86,Compressed Construction Blocks,Emerging,GreenBuild Gujarat,Medium,Low Recovery Potential,38.29,16.1,2025-09-21
SEC-265-1,Surat EcoTex Dyeing Pvt Ltd,Surat,Gujarat,Textile Dyeing & Processing,Printing Dye Sludge,Textile,13877.09,6.91,1368.2,360.21,5764.45,426.08,568.71,486.58,17.07,24.66,Oil Residue,77.6,69.56,35.54,27.22,8.83,97.5,16.57,55.37,5.65,30.57,17.85,3090022.08,Acoustic Insulation Panels,Medium,EcoPack India,Medium,Highly Recoverable,68.24,19.8,2025-09-22
SEC-265-2,Surat EcoTex Dyeing Pvt Ltd,Surat,Gujarat,Textile Dyeing & Processing,Chemical Effluent,Textile,8789.67,5.7,1362.98,640.77,8559.85,194.01,6660.19,497.33,48.18,53.08,Heavy Metals,50.4,42.12,70.52,64.98,6.64,56.97,56.53,96.88,11.84,93.48,7.79,2288930.84,Compressed Construction Blocks,Very High,UltraTech EcoBuild,Medium,Highly Recoverable,82.94,18.0,2025-09-22
SEC-266-1,Surat EcoTex Dyeing Pvt Ltd,Surat,Gujarat,Textile Dyeing & Processing,Printing Dye Sludge,Chemical,5228.45,7.09,1070.49,129.9,8970.75,374.51,7692.28,214.43,44.21,27.2,Heavy Metals,97.98,94.34,56.65,26.4,8.79,88.36,44.66,49.19,343.5,36.12,38.29,2687666.99,Thermal Insulation Boards,Emerging,UltraTech EcoBuild,Low,Moderately Recoverable,92.49,23.3,2025-09-23
SEC-266-2,Surat EcoTex Dyeing Pvt Ltd,Surat,Gujarat,Textile Dyeing & Processing,Printing Dye Sludge,Chemical,7357.34,6.65,1230.61,416.02,1885.51,649.72,6626.49,476.96,36.32,46.77,Heavy Metals,95.1,99.11,36.57,41.94,6.98,47.42,13.38,90.7,367.68,48.32,47.15,1599913.41,Industrial Pigments,Emerging,JSW Green Materials,Low,Needs Advanced Treatment,78.43,7.3,2025-09-23
SEC-267-1,Surat EcoTex Dyeing Pvt Ltd,Surat,Gujarat,Textile Dyeing & Processing,Chemical Effluent,Mixed,1721.36,7.41,1057.53,198.62,6450.67,91.63,2223.72,384.83,54.51,56.87,Heavy Metals,95.64,99.73,89.86,57.36,7.67,50.21,60.4,43.92,217.67,90.29,20.88,2688584.52,Eco Bricks,Medium,UltraTech EcoBuild,High,Low Recovery Potential,73.65,29.6,2025-09-24
SEC-267-2,Surat EcoTex Dyeing Pvt Ltd,Surat,Gujarat,Textile Dyeing & Processing,Chemical Effluent,Mixed,14299.35,6.42,1131.57,634.38,8593.42,93.1,7035.63,457.87,31.93,32.7,Oil Residue,83.13,82.5,48.57,38.8,6.35,53.78,10.15,70.47,69.66,58.17,41.45,821607.32,Compressed Construction Blocks,High,GreenBuild Gujarat,Low,Low Recovery Potential,56.12,28.6,2025-09-24
SEC-268-1,Surat EcoTex Dyeing Pvt Ltd,Surat,Gujarat,Textile Dyeing & Processing,Sludge,Chemical,13853.05,6.14,1369.65,386.79,7914.36,522.91,8220.5,62.24,56.27,40.27,Chromium,83.13,89.83,83.62,30.19,1.81,84.41,19.44,96.28,88.72,21.96,60.39,4432173.96,Thermal Insulation Boards,High,Reliance Circular Ventures,High,Highly Recoverable,89.05,10.4,2025-09-25
SEC-268-2,Surat EcoTex Dyeing Pvt Ltd,Surat,Gujarat,Textile Dyeing & Processing,Textile Dye Waste,Polymer,13751.11,5.41,589.52,655.15,8061.62,472.47,8342.7,217.03,53.76,34.73,Chromium,44.46,47.2,67.03,52.47,8.3,60.54,67.65,57.66,406.37,81.26,56.0,2531440.95,Acoustic Insulation Panels,High,Reliance Circular Ventures,Medium,Moderately Recoverable,36.49,21.8,2025-09-25
SEC-268-3,Surat EcoTex Dyeing Pvt Ltd,Surat,Gujarat,Textile Dyeing & Processing,Chemical Effluent,Polymer,5446.63,7.48,421.42,147.3,6459.05,300.88,2304.51,318.13,14.19,30.22,Color Pigments,63.8,52.61,78.0,55.8,7.16,62.93,47.1,33.69,102.3,78.45,26.68,2149750.19,Thermal Insulation Boards,Very High,JSW Green Materials,Medium,Moderately Recoverable,93.52,4.7,2025-09-25
SEC-268-4,Surat EcoTex Dyeing Pvt Ltd,Surat,Gujarat,Textile Dyeing & Processing,Printing Dye Sludge,Mixed,7688.96,7.46,163.61,376.91,3968.96,49.89,4155.96,395.97,13.86,33.44,Heavy Metals,96.76,81.31,29.62,38.96,4.31,86.13,65.04,56.1,177.08,54.55,36.7,808001.0,Compressed Construction Blocks,Emerging,UltraTech EcoBuild,High,Highly Recoverable,51.49,20.6,2025-09-25
SEC-268-5,Surat EcoTex Dyeing Pvt Ltd,Surat,Gujarat,Textile Dyeing & Processing,Sludge,Chemical,14827.57,6.38,1117.96,350.46,1017.25,31.44,1254.88,94.21,53.46,33.95,Oil Residue,68.26,76.29,45.76,59.08,1.49,67.99,73.92,95.39,268.03,55.42,26.31,1065538.53,Eco Bricks,Medium,UltraTech EcoBuild,Medium,Low Recovery Potential,60.11,25.7,2025-09-25
SEC-269-1,Surat EcoTex Dyeing Pvt Ltd,Surat,Gujarat,Textile Dyeing & Processing,Chemical Effluent,Polymer,2367.08,6.53,1361.81,368.07,8568.21,507.91,8363.42,50.75,20.54,54.99,Chromium,68.2,67.14,65.0,11.67,7.34,56.75,58.46,84.83,369.99,82.9,48.11,732566.91,Thermal Insulation Boards,Very High,EcoPack India,Medium,Low Recovery Potential,51.05,4.3,2025-09-26
SEC-269-2,Surat EcoTex Dyeing Pvt Ltd,Surat,Gujarat,Textile Dyeing & Processing,Fabric Fiber Residue,Mixed,2124.04,5.63,357.47,55.04,5736.68,267.22,5856.17,474.39,10.94,39.78,Organic Contaminants,80.13,69.25,72.22,34.52,4.52,66.08,73.44,41.83,48.29,90.31,52.13,2241128.91,Eco Packaging Sheets,Emerging,EcoPack India,Low,Low Recovery Potential,52.89,9.6,2025-09-26
SEC-269-3,Surat EcoTex Dyeing Pvt Ltd,Surat,Gujarat,Textile Dyeing & Processing,Textile Dye Waste,Polymer,1639.84,6.86,1256.55,351.06,3769.85,440.1,6864.59,300.03,18.98,38.77,Low Contamination,66.0,68.89,49.41,12.57,3.13,47.13,21.95,44.19,316.52,52.67,56.73,360263.68,Thermal Insulation Boards,Very High,GreenBuild Gujarat,Medium,Needs Advanced Treatment,63.46,9.2,2025-09-26
SEC-269-4,Surat EcoTex Dyeing Pvt Ltd,Surat,Gujarat,Textile Dyeing & Processing,Textile Dye Waste,Textile,11315.64,7.03,860.58,574.69,4850.67,126.76,3174.91,496.32,27.91,57.22,Color Pigments,77.29,75.91,47.77,60.15,5.1,65.26,35.82,98.54,340.18,33.88,13.39,400560.81,Thermal Insulation Boards,Very High,EcoPack India,Low,Moderately Recoverable,58.97,19.1,2025-09-26
SEC-270-1,Surat EcoTex Dyeing Pvt Ltd,Surat,Gujarat,Textile Dyeing & Processing,Sludge,Chemical,8897.58,8.23,794.35,161.17,7858.36,304.94,5592.39,75.76,52.04,39.24,Organic Contaminants,57.91,61.44,80.24,63.03,1.29,84.58,31.82,39.97,399.9,93.75,59.78,1804473.21,Eco Bricks,Medium,Reliance Circular Ventures,Low,Needs Advanced Treatment,94.65,9.0,2025-09-27
SEC-270-2,Surat EcoTex Dyeing Pvt Ltd,Surat,Gujarat,Textile Dyeing & Processing,Printing Dye Sludge,Polymer,5360.75,7.82,517.47,259.75,830.15,528.55,5742.5,533.48,14.13,42.72,Oil Residue,62.37,53.12,62.98,48.83,4.35,50.56,14.05,98.83,130.39,40.58,7.36,1045693.93,Eco Packaging Sheets,Medium,JSW Green Materials,Low,Low Recovery Potential,51.67,8.1,2025-09-27
SEC-270-3,Surat EcoTex Dyeing Pvt Ltd,Surat,Gujarat,Textile Dyeing & Processing,Textile Dye Waste,Polymer,12025.81,5.6,899.78,272.09,5548.91,228.27,8370.23,322.55,37.44,53.74,Oil Residue,82.67,82.05,43.56,35.81,8.39,50.88,46.98,85.24,116.15,93.48,13.66,2951389.61,Thermal Insulation Boards,Very High,GreenBuild Gujarat,Medium,Moderately Recoverable,45.31,26.5,2025-09-27
SEC-270-4,Surat EcoTex Dyeing Pvt Ltd,Surat,Gujarat,Textile Dyeing & Processing,Textile Dye Waste,Polymer,10690.88,7.57,1101.89,107.9,6743.3,494.88,679.99,13.27,4.83,36.83,Color Pigments,56.49,52.63,37.75,34.9,3.47,89.95,37.17,43.08,67.65,32.87,52.86,515133.07,Acoustic Insulation Panels,Medium,EcoPack India,High,Moderately Recoverable,61.62,20.7,2025-09-27
SEC-271-1,Surat EcoTex Dyeing Pvt Ltd,Surat,Gujarat,Textile Dyeing & Processing,Chemical Effluent,Polymer,6068.47,5.38,1358.16,321.09,3302.54,106.13,5914.8,15.35,35.83,38.12,Low Contamination,81.51,74.27,68.87,43.91,9.85,85.44,23.85,82.74,56.69,62.91,36.59,3286336.53,Compressed Construction Blocks,High,UltraTech EcoBuild,Medium,Highly Recoverable,69.28,26.9,2025-09-28
SEC-271-2,Surat EcoTex Dyeing Pvt Ltd,Surat,Gujarat,Textile Dyeing & Processing,Fabric Fiber Residue,Polymer,5076.49,5.27,300.52,437.1,5073.09,335.41,4593.88,168.85,16.2,37.31,Heavy Metals,89.3,97.41,44.29,13.22,3.87,48.46,53.31,46.4,274.46,32.7,46.88,136949.17,Eco Bricks,Emerging,Reliance Circular Ventures,Low,Moderately Recoverable,73.77,27.3,2025-09-28
SEC-271-3,Surat EcoTex Dyeing Pvt Ltd,Surat,Gujarat,Textile Dyeing & Processing,Chemical Effluent,Textile,5945.58,6.38,554.39,430.57,8695.02,465.07,5533.28,583.07,64.73,47.13,Low Contamination,44.49,40.77,26.76,24.41,9.27,88.7,36.25,59.5,14.78,15.94,19.06,1233029.06,Compressed Construction Blocks,Very High,GreenBuild Gujarat,Medium,Low Recovery Potential,55.21,6.0,2025-09-28
SEC-272-1,Surat EcoTex Dyeing Pvt Ltd,Surat,Gujarat,Textile Dyeing & Processing,Sludge,Chemical,12777.89,7.96,752.6,427.84,8408.49,313.47,3139.11,293.98,54.02,31.55,Organic Contaminants,78.01,78.97,39.18,56.66,7.59,90.06,46.19,91.36,88.69,33.71,23.57,2111239.59,Eco Packaging Sheets,Medium,JSW Green Materials,High,Moderately Recoverable,72.71,13.8,2025-09-29
SEC-272-2,Surat EcoTex Dyeing Pvt Ltd,Surat,Gujarat,Textile Dyeing & Processing,Textile Dye Waste,Chemical,5238.26,5.79,393.81,215.47,6495.23,340.29,3175.04,131.55,34.02,28.33,Oil Residue,54.23,57.86,34.88,49.47,4.82,74.23,12.79,75.23,121.13,30.71,27.71,2515314.11,Eco Packaging Sheets,Emerging,Reliance Circular Ventures,Medium,Low Recovery Potential,75.38,20.1,2025-09-29
SEC-273-1,Surat EcoTex Dyeing Pvt Ltd,Surat,Gujarat,Textile Dyeing & Processing,Sludge,Mixed,3469.16,8.49,560.58,74.96,4142.37,24.06,8373.7,305.25,4.48,25.37,Chromium,43.17,37.32,66.58,44.8,1.48,52.26,10.02,84.88,31.01,17.28,12.68,2572602.96,Eco Packaging Sheets,Medium,GreenBuild Gujarat,Medium,Highly Recoverable,81.97,22.4,2025-09-30
SEC-273-2,Surat EcoTex Dyeing Pvt Ltd,Surat,Gujarat,Textile Dyeing & Processing,Chemical Effluent,Polymer,1670.81,6.62,492.15,201.76,5087.44,123.71,5832.53,158.55,6.75,42.21,Heavy Metals,45.17,48.33,44.04,44.99,6.56,52.27,79.42,49.71,183.08,39.55,40.12,2776752.04,Thermal Insulation Boards,Medium,GreenBuild Gujarat,Medium,Low Recovery Potential,77.62,26.5,2025-09-30
SEC-274-1,Surat EcoTex Dyeing Pvt Ltd,Surat,Gujarat,Textile Dyeing & Processing,Fabric Fiber Residue,Polymer,10115.98,6.96,806.21,267.52,3155.66,21.67,4015.8,14.14,27.64,47.29,Color Pigments,58.84,47.74,66.38,51.26,7.03,48.96,65.72,96.68,176.21,70.24,30.05,145989.77,Eco Packaging Sheets,Very High,EcoPack India,Medium,Highly Recoverable,51.42,11.7,2025-10-01
SEC-274-2,Surat EcoTex Dyeing Pvt Ltd,Surat,Gujarat,Textile Dyeing & Processing,Chemical Effluent,Mixed,2543.85,6.61,736.48,618.29,5249.14,545.18,5266.28,44.47,37.13,28.3,Organic Contaminants,50.84,41.66,79.95,37.26,2.1,73.1,32.55,74.02,277.38,74.61,21.93,3066923.19,Eco Bricks,Medium,GreenBuild Gujarat,High,Highly Recoverable,35.77,20.4,2025-10-01
SEC-275-1,Surat EcoTex Dyeing Pvt Ltd,Surat,Gujarat,Textile Dyeing & Processing,Chemical Effluent,Polymer,8040.87,6.02,1211.01,296.37,2347.18,628.64,8482.97,278.13,31.6,54.45,Organic Contaminants,85.13,83.28,93.93,43.27,2.22,85.71,52.87,88.97,172.84,29.06,7.23,2114706.03,Compressed Construction Blocks,Very High,Reliance Circular Ventures,Medium,Needs Advanced Treatment,76.59,20.0,2025-10-02
SEC-275-2,Surat EcoTex Dyeing Pvt Ltd,Surat,Gujarat,Textile Dyeing & Processing,Fabric Fiber Residue,Textile,8422.3,7.36,619.07,569.47,8400.02,235.32,6982.73,458.7,69.04,26.37,Low Contamination,66.84,58.8,45.74,27.65,7.14,46.12,39.05,34.6,353.97,39.56,47.59,3095238.69,Eco Packaging Sheets,Very High,EcoPack India,Low,Low Recovery Potential,57.03,27.5,2025-10-02
SEC-275-3,Surat EcoTex Dyeing Pvt Ltd,Surat,Gujarat,Textile Dyeing & Processing,Textile Dye Waste,Textile,6035.32,5.3,227.89,289.29,8337.55,573.58,3860.34,51.7,67.43,51.15,Chromium,64.0,67.17,57.05,54.82,6.01,95.36,43.86,92.56,115.06,58.04,44.35,2489588.15,Compressed Construction Blocks,High,UltraTech EcoBuild,Low,Low Recovery Potential,87.09,26.7,2025-10-02
SEC-276-1,Surat EcoTex Dyeing Pvt Ltd,Surat,Gujarat,Textile Dyeing & Processing,Textile Dye Waste,Chemical,13404.98,5.72,1398.67,110.92,8814.49,70.92,5130.41,424.4,45.39,35.46,Heavy Metals,72.48,80.15,41.14,35.05,4.61,50.63,27.19,30.24,21.65,64.78,21.41,4064228.84,Compressed Construction Blocks,High,UltraTech EcoBuild,Low,Moderately Recoverable,56.56,23.2,2025-10-03
SEC-276-2,Surat EcoTex Dyeing Pvt Ltd,Surat,Gujarat,Textile Dyeing & Processing,Chemical Effluent,Mixed,12098.25,6.32,782.02,461.26,7607.77,434.14,1521.94,371.86,54.01,36.75,Oil Residue,96.26,96.79,61.05,23.85,4.78,95.71,66.63,86.47,392.64,76.32,53.02,417779.09,Acoustic Insulation Panels,High,EcoPack India,High,Highly Recoverable,74.67,27.4,2025-10-03
SEC-277-1,Surat EcoTex Dyeing Pvt Ltd,Surat,Gujarat,Textile Dyeing & Processing,Sludge,Mixed,11566.24,6.74,605.32,296.74,1882.96,610.34,7629.17,517.01,21.35,38.09,Oil Residue,70.27,64.85,94.09,46.15,5.16,66.24,15.4,92.36,429.63,70.96,23.23,1703432.58,Industrial Pigments,Medium,Reliance Circular Ventures,High,Needs Advanced Treatment,89.33,12.7,2025-10-04
SEC-277-2,Surat EcoTex Dyeing Pvt Ltd,Surat,Gujarat,Textile Dyeing & Processing,Fabric Fiber Residue,Chemical,13856.03,8.37,1343.74,90.29,4342.54,37.79,434.45,286.26,61.15,34.18,Chromium,87.54,72.52,29.48,47.6,6.48,81.73,48.0,64.49,45.07,28.4,53.49,2792130.89,Eco Bricks,High,JSW Green Materials,Medium,Needs Advanced Treatment,77.82,13.7,2025-10-04
SEC-277-3,Surat EcoTex Dyeing Pvt Ltd,Surat,Gujarat,Textile Dyeing & Processing,Fabric Fiber Residue,Polymer,3683.17,6.99,1046.68,509.01,661.1,606.84,1527.24,435.46,56.69,48.93,Oil Residue,45.91,37.87,35.77,63.91,3.95,53.71,29.86,75.63,18.44,46.41,48.28,3250559.15,Compressed Construction Blocks,Very High,EcoPack India,Low,Low Recovery Potential,85.85,9.3,2025-10-04
SEC-277-4,Surat EcoTex Dyeing Pvt Ltd,Surat,Gujarat,Textile Dyeing & Processing,Sludge,Textile,12405.93,7.91,1035.85,204.29,6026.62,421.94,447.03,323.59,63.69,51.56,Low Contamination,45.28,39.71,40.78,23.29,6.93,94.75,58.31,90.68,88.89,91.89,13.69,4391431.0,Acoustic Insulation Panels,Emerging,UltraTech EcoBuild,Medium,Highly Recoverable,37.93,25.6,2025-10-04
SEC-277-5,Surat EcoTex Dyeing Pvt Ltd,Surat,Gujarat,Textile Dyeing & Processing,Printing Dye Sludge,Chemical,9054.02,7.81,1286.27,406.32,5861.82,148.66,3483.75,104.47,56.89,43.66,Heavy Metals,48.27,50.51,71.92,39.98,8.1,50.79,15.53,54.31,160.2,54.76,56.82,211771.49,Eco Packaging Sheets,Medium,GreenBuild Gujarat,Medium,Highly Recoverable,46.43,13.5,2025-10-04
SEC-278-1,Surat EcoTex Dyeing Pvt Ltd,Surat,Gujarat,Textile Dyeing & Processing,Fabric Fiber Residue,Textile,2213.88,7.5,1031.63,643.49,648.34,125.51,7127.18,129.16,54.36,32.36,Heavy Metals,47.64,39.68,88.62,16.27,5.82,81.35,65.69,93.26,228.77,30.16,42.22,3734849.45,Acoustic Insulation Panels,Emerging,EcoPack India,Medium,Low Recovery Potential,54.77,18.4,2025-10-05
SEC-278-2,Surat EcoTex Dyeing Pvt Ltd,Surat,Gujarat,Textile Dyeing & Processing,Fabric Fiber Residue,Chemical,10977.43,6.36,485.89,474.45,8864.26,414.6,7180.62,176.05,7.22,32.0,Heavy Metals,83.65,68.64,72.7,22.61,6.83,87.7,65.46,73.1,340.53,73.52,19.18,3908325.8,Compressed Construction Blocks,Medium,Reliance Circular Ventures,High,Needs Advanced Treatment,79.55,9.1,2025-10-05
SEC-278-3,Surat EcoTex Dyeing Pvt Ltd,Surat,Gujarat,Textile Dyeing & Processing,Fabric Fiber Residue,Chemical,12730.08,7.87,755.8,41.89,7860.76,608.57,765.12,441.54,23.8,36.4,Color Pigments,87.39,73.71,72.1,36.6,4.68,93.13,61.25,53.17,186.0,43.39,39.57,2390126.88,Acoustic Insulation Panels,Medium,EcoPack India,Medium,Low Recovery Potential,68.28,29.0,2025-10-05
SEC-279-1,Surat EcoTex Dyeing Pvt Ltd,Surat,Gujarat,Textile Dyeing & Processing,Printing Dye Sludge,Textile,9532.91,6.95,1203.06,474.07,3645.91,382.7,4984.7,46.01,17.7,54.44,Low Contamination,86.12,80.84,43.51,29.82,1.37,75.56,43.65,50.26,208.05,68.72,27.18,2573267.74,Industrial Pigments,Emerging,Reliance Circular Ventures,Medium,Moderately Recoverable,83.1,11.2,2025-10-06
SEC-279-2,Surat EcoTex Dyeing Pvt Ltd,Surat,Gujarat,Textile Dyeing & Processing,Fabric Fiber Residue,Mixed,13438.54,7.05,1059.09,465.41,7288.99,596.07,1298.01,287.13,36.21,51.46,Oil Residue,43.37,36.87,49.39,27.17,5.44,91.42,57.01,51.75,329.14,67.74,15.49,410522.28,Thermal Insulation Boards,Very High,EcoPack India,Low,Needs Advanced Treatment,39.46,29.4,2025-10-06
SEC-279-3,Surat EcoTex Dyeing Pvt Ltd,Surat,Gujarat,Textile Dyeing & Processing,Chemical Effluent,Textile,4995.75,5.86,490.73,95.14,2685.39,501.93,4491.78,190.79,26.84,38.71,Organic Contaminants,81.49,70.68,41.73,15.43,8.8,79.03,72.61,96.39,249.19,49.65,44.95,822427.64,Industrial Pigments,Very High,GreenBuild Gujarat,High,Needs Advanced Treatment,65.3,7.2,2025-10-06
SEC-279-4,Surat EcoTex Dyeing Pvt Ltd,Surat,Gujarat,Textile Dyeing & Processing,Chemical Effluent,Textile,11161.45,8.12,531.09,347.19,2075.79,576.41,5665.91,52.06,31.66,34.13,Heavy Metals,71.19,75.24,52.83,60.69,3.9,83.89,61.8,98.0,308.98,22.43,6.06,887338.94,Industrial Pigments,Emerging,Reliance Circular Ventures,Low,Needs Advanced Treatment,53.87,20.3,2025-10-06
SEC-279-5,Surat EcoTex Dyeing Pvt Ltd,Surat,Gujarat,Textile Dyeing & Processing,Chemical Effluent,Mixed,4826.24,5.77,1217.9,48.64,4854.11,567.04,4195.11,246.88,28.01,45.94,Color Pigments,48.02,47.92,27.26,26.37,4.28,48.47,74.03,64.98,251.51,18.11,18.17,1545802.74,Industrial Pigments,High,EcoPack India,High,Moderately Recoverable,60.46,13.4,2025-10-06
SEC-280-1,Surat EcoTex Dyeing Pvt Ltd,Surat,Gujarat,Textile Dyeing & Processing,Printing Dye Sludge,Mixed,754.2,7.88,1300.68,323.69,7005.03,281.58,3110.12,82.63,32.21,33.93,Organic Contaminants,75.88,83.71,68.38,40.7,9.37,62.64,35.76,32.69,130.64,81.15,21.31,3650232.91,Thermal Insulation Boards,High,EcoPack India,Medium,Low Recovery Potential,46.85,8.0,2025-10-07
SEC-280-2,Surat EcoTex Dyeing Pvt Ltd,Surat,Gujarat,Textile Dyeing & Processing,Sludge,Textile,8098.4,5.8,857.82,630.34,1658.46,421.28,695.55,463.21,43.97,46.14,Heavy Metals,80.5,81.34,73.16,14.08,2.41,71.73,75.92,82.17,142.86,46.2,5.73,2497030.78,Eco Packaging Sheets,Medium,JSW Green Materials,High,Needs Advanced Treatment,69.53,29.1,2025-10-07
SEC-280-3,Surat EcoTex Dyeing Pvt Ltd,Surat,Gujarat,Textile Dyeing & Processing,Printing Dye Sludge,Polymer,7707.66,7.59,840.02,119.62,5797.08,269.31,1674.9,332.04,23.04,51.27,Chromium,56.07,52.26,88.67,41.86,7.43,52.6,30.77,40.93,312.25,78.4,15.82,141091.49,Compressed Construction Blocks,Medium,GreenBuild Gujarat,High,Needs Advanced Treatment,79.33,12.9,2025-10-07
SEC-280-4,Surat EcoTex Dyeing Pvt Ltd,Surat,Gujarat,Textile Dyeing & Processing,Printing Dye Sludge,Chemical,11581.61,7.64,565.8,225.27,4740.18,334.65,7701.12,316.64,12.78,49.91,Heavy Metals,64.52,54.45,34.37,31.83,4.92,59.01,37.55,62.51,292.15,16.75,10.48,134059.15,Compressed Construction Blocks,Emerging,JSW Green Materials,Low,Highly Recoverable,82.39,6.3,2025-10-07
SEC-281-1,Surat EcoTex Dyeing Pvt Ltd,Surat,Gujarat,Textile Dyeing & Processing,Printing Dye Sludge,Textile,1962.19,6.99,1305.37,101.17,6540.22,313.67,1626.74,353.84,34.09,50.42,Low Contamination,44.68,38.38,53.72,58.92,1.99,96.78,51.86,96.9,34.08,79.56,12.57,3275254.5,Eco Packaging Sheets,Very High,UltraTech EcoBuild,Medium,Low Recovery Potential,74.28,18.3,2025-10-08
SEC-281-2,Surat EcoTex Dyeing Pvt Ltd,Surat,Gujarat,Textile Dyeing & Processing,Textile Dye Waste,Textile,9268.57,7.06,918.67,550.59,5326.91,640.96,8046.06,265.04,9.76,54.76,Oil Residue,42.73,40.09,81.78,42.02,7.35,93.66,56.57,58.53,400.39,27.96,51.42,4139847.46,Acoustic Insulation Panels,Very High,EcoPack India,Low,Needs Advanced Treatment,51.29,12.5,2025-10-08
SEC-281-3,Surat EcoTex Dyeing Pvt Ltd,Surat,Gujarat,Textile Dyeing & Processing,Textile Dye Waste,Mixed,11548.63,7.93,841.95,457.93,7741.6,413.37,1476.51,89.83,33.49,28.42,Heavy Metals,52.76,57.2,34.66,37.5,7.89,90.68,43.21,77.28,284.42,16.46,11.72,1156294.88,Eco Packaging Sheets,Medium,GreenBuild Gujarat,Low,Moderately Recoverable,50.87,15.4,2025-10-08
SEC-282-1,Surat EcoTex Dyeing Pvt Ltd,Surat,Gujarat,Textile Dyeing & Processing,Sludge,Polymer,10530.04,7.28,1080.67,563.54,7149.85,176.93,4538.5,250.34,40.55,50.67,Heavy Metals,45.97,45.32,85.64,34.23,4.02,55.41,16.57,35.1,285.69,84.94,53.13,3350216.92,Compressed Construction Blocks,High,UltraTech EcoBuild,High,Low Recovery Potential,56.16,19.3,2025-10-09
SEC-282-2,Surat EcoTex Dyeing Pvt Ltd,Surat,Gujarat,Textile Dyeing & Processing,Printing Dye Sludge,Textile,8797.4,8.4,741.93,433.67,6424.74,32.33,942.16,581.55,59.37,46.51,Color Pigments,64.36,55.08,26.7,19.37,3.92,54.84,58.05,97.43,225.83,66.05,42.12,4186302.89,Acoustic Insulation Panels,Medium,GreenBuild Gujarat,Low,Low Recovery Potential,42.07,12.9,2025-10-09
SEC-282-3,Surat EcoTex Dyeing Pvt Ltd,Surat,Gujarat,Textile Dyeing & Processing,Fabric Fiber Residue,Polymer,2660.0,7.22,1384.82,304.39,8018.89,235.6,1050.98,34.28,49.18,36.13,Low Contamination,60.46,61.46,63.62,64.63,2.24,79.57,56.35,65.51,263.64,21.63,7.74,3392571.57,Acoustic Insulation Panels,Very High,UltraTech EcoBuild,Medium,Moderately Recoverable,36.58,23.3,2025-10-09
SEC-282-4,Surat EcoTex Dyeing Pvt Ltd,Surat,Gujarat,Textile Dyeing & Processing,Printing Dye Sludge,Mixed,11757.5,8.68,277.41,647.05,8617.57,289.12,3683.61,124.13,43.39,25.24,Heavy Metals,94.83,93.71,52.25,26.83,2.67,58.31,23.19,91.43,383.99,82.73,15.47,4389194.09,Acoustic Insulation Panels,Emerging,EcoPack India,High,Highly Recoverable,91.98,24.3,2025-10-09
SEC-283-1,Surat EcoTex Dyeing Pvt Ltd,Surat,Gujarat,Textile Dyeing & Processing,Fabric Fiber Residue,Mixed,7265.62,6.58,1310.15,419.54,3248.8,619.88,7088.59,54.22,10.25,36.91,Low Contamination,50.0,43.55,34.99,26.61,8.62,54.95,32.48,40.27,114.21,35.41,50.96,991486.62,Acoustic Insulation Panels,Medium,EcoPack India,Medium,Needs Advanced Treatment,44.34,13.3,2025-10-10
SEC-283-2,Surat EcoTex Dyeing Pvt Ltd,Surat,Gujarat,Textile Dyeing & Processing,Sludge,Mixed,6285.54,5.82,1057.46,442.78,6915.63,275.29,5916.01,558.2,39.04,47.38,Oil Residue,89.38,82.23,33.2,42.1,7.82,91.16,10.01,83.06,243.02,53.16,13.1,3760582.44,Compressed Construction Blocks,Emerging,GreenBuild Gujarat,Low,Needs Advanced Treatment,37.76,18.2,2025-10-10
SEC-284-1,Surat EcoTex Dyeing Pvt Ltd,Surat,Gujarat,Textile Dyeing & Processing,Printing Dye Sludge,Mixed,12807.24,8.53,1367.42,422.39,1701.73,567.98,5847.46,220.25,6.61,29.74,Organic Contaminants,64.79,71.81,46.74,13.59,9.04,92.33,16.89,57.49,127.39,65.74,15.77,1326364.85,Acoustic Insulation Panels,Medium,EcoPack India,Medium,Moderately Recoverable,94.62,19.2,2025-10-11
SEC-284-2,Surat EcoTex Dyeing Pvt Ltd,Surat,Gujarat,Textile Dyeing & Processing,Sludge,Mixed,10152.1,7.94,1335.95,308.8,6635.8,54.8,5175.9,508.31,28.1,49.29,Oil Residue,84.52,74.62,27.58,47.41,7.31,87.89,53.69,60.03,145.11,23.33,55.15,4106925.49,Compressed Construction Blocks,Medium,GreenBuild Gujarat,High,Low Recovery Potential,49.46,10.8,2025-10-11
SEC-284-3,Surat EcoTex Dyeing Pvt Ltd,Surat,Gujarat,Textile Dyeing & Processing,Chemical Effluent,Textile,6443.1,6.21,657.48,576.7,4409.85,482.2,8391.59,254.91,8.51,26.9,Chromium,80.12,66.34,50.69,20.54,9.37,57.16,15.09,61.9,7.3,94.74,20.76,3373877.32,Eco Packaging Sheets,Medium,UltraTech EcoBuild,High,Needs Advanced Treatment,51.7,25.4,2025-10-11
SEC-284-4,Surat EcoTex Dyeing Pvt Ltd,Surat,Gujarat,Textile Dyeing & Processing,Chemical Effluent,Textile,14863.4,7.9,442.21,250.52,6701.88,538.73,7550.58,16.99,14.16,44.72,Oil Residue,79.12,80.07,32.58,17.86,3.0,96.66,77.99,41.9,237.45,73.2,64.55,4302001.76,Industrial Pigments,Medium,UltraTech EcoBuild,Medium,Moderately Recoverable,77.58,26.4,2025-10-11
SEC-285-1,Surat EcoTex Dyeing Pvt Ltd,Surat,Gujarat,Textile Dyeing & Processing,Chemical Effluent,Textile,3308.87,6.85,1221.03,60.39,1158.07,143.07,4076.95,52.93,69.77,50.38,Oil Residue,74.5,78.59,62.16,35.47,8.92,51.63,77.23,91.77,149.11,64.56,35.66,220951.99,Thermal Insulation Boards,High,GreenBuild Gujarat,High,Needs Advanced Treatment,58.41,27.1,2025-10-12
SEC-285-2,Surat EcoTex Dyeing Pvt Ltd,Surat,Gujarat,Textile Dyeing & Processing,Fabric Fiber Residue,Textile,5907.49,5.47,373.82,354.71,8249.9,36.61,4248.51,573.52,23.46,25.09,Heavy Metals,69.33,56.16,84.33,32.32,3.71,97.77,58.81,49.15,409.73,27.96,63.98,1132381.11,Acoustic Insulation Panels,Emerging,JSW Green Materials,High,Moderately Recoverable,77.43,21.8,2025-10-12
SEC-286-1,Surat EcoTex Dyeing Pvt Ltd,Surat,Gujarat,Textile Dyeing & Processing,Sludge,Chemical,7847.14,6.09,1183.31,349.12,5781.3,555.5,4977.46,428.06,54.69,46.97,Organic Contaminants,41.31,43.36,93.15,40.74,5.85,90.55,31.47,76.31,247.81,95.52,56.36,4243092.61,Eco Bricks,High,GreenBuild Gujarat,Medium,Needs Advanced Treatment,84.05,28.4,2025-10-13
SEC-286-2,Surat EcoTex Dyeing Pvt Ltd,Surat,Gujarat,Textile Dyeing & Processing,Sludge,Textile,2732.26,6.16,1174.91,558.02,5817.01,418.27,5014.1,174.08,58.69,49.6,Chromium,57.99,56.55,47.28,30.12,7.71,59.88,26.03,96.72,218.83,67.37,60.16,1492314.34,Compressed Construction Blocks,Medium,Reliance Circular Ventures,High,Low Recovery Potential,89.11,8.2,2025-10-13
SEC-286-3,Surat EcoTex Dyeing Pvt Ltd,Surat,Gujarat,Textile Dyeing & Processing,Sludge,Textile,8992.66,6.95,237.72,302.96,4081.35,247.01,3796.61,558.72,66.81,29.78,Organic Contaminants,72.07,61.65,90.0,41.69,2.43,47.89,69.61,62.03,323.22,27.72,50.16,2781586.99,Eco Packaging Sheets,Medium,UltraTech EcoBuild,Low,Low Recovery Potential,77.31,23.3,2025-10-13
SEC-287-1,Surat EcoTex Dyeing Pvt Ltd,Surat,Gujarat,Textile Dyeing & Processing,Printing Dye Sludge,Textile,12380.8,6.28,928.84,30.84,6091.22,618.14,3732.93,315.9,41.56,57.37,Organic Contaminants,69.4,63.44,61.25,11.26,8.78,78.47,55.46,95.32,187.59,39.62,43.75,3767790.53,Industrial Pigments,High,UltraTech EcoBuild,Medium,Moderately Recoverable,66.73,20.3,2025-10-14
SEC-287-2,Surat EcoTex Dyeing Pvt Ltd,Surat,Gujarat,Textile Dyeing & Processing,Printing Dye Sludge,Textile,980.65,8.22,466.9,434.69,5658.07,525.49,7072.8,252.78,51.34,50.56,Color Pigments,63.03,58.54,57.28,18.22,9.4,46.43,67.77,36.63,19.49,89.43,50.23,2929763.23,Eco Bricks,Medium,EcoPack India,High,Low Recovery Potential,78.93,25.5,2025-10-14
SEC-287-3,Surat EcoTex Dyeing Pvt Ltd,Surat,Gujarat,Textile Dyeing & Processing,Printing Dye Sludge,Mixed,6052.41,8.05,754.24,103.02,8697.28,307.08,3230.66,599.54,41.21,30.76,Oil Residue,96.91,93.42,74.09,56.95,9.08,90.78,75.37,33.9,435.63,38.27,54.41,2495066.17,Thermal Insulation Boards,Emerging,GreenBuild Gujarat,Low,Needs Advanced Treatment,91.79,18.7,2025-10-14
SEC-287-4,Surat EcoTex Dyeing Pvt Ltd,Surat,Gujarat,Textile Dyeing & Processing,Textile Dye Waste,Polymer,11471.05,8.27,1313.56,66.84,5310.44,408.68,7155.28,498.33,50.38,30.93,Heavy Metals,40.28,44.53,41.83,55.82,1.98,52.1,52.27,42.46,293.64,50.49,10.97,679019.99,Eco Bricks,Emerging,GreenBuild Gujarat,High,Low Recovery Potential,81.68,20.3,2025-10-14
SEC-288-1,Surat EcoTex Dyeing Pvt Ltd,Surat,Gujarat,Textile Dyeing & Processing,Textile Dye Waste,Mixed,13956.29,5.7,745.42,501.93,903.78,140.46,700.23,342.29,15.95,43.85,Low Contamination,73.08,71.13,51.96,64.18,8.73,94.53,73.59,31.24,133.68,70.39,13.49,4020649.77,Thermal Insulation Boards,High,UltraTech EcoBuild,Medium,Moderately Recoverable,65.88,18.1,2025-10-15
SEC-288-2,Surat EcoTex Dyeing Pvt Ltd,Surat,Gujarat,Textile Dyeing & Processing,Sludge,Mixed,4713.51,5.28,385.98,630.43,8412.47,490.43,2655.0,226.03,69.7,46.52,Organic Contaminants,51.17,55.64,42.71,27.74,4.09,73.49,35.61,97.83,89.48,64.26,55.67,3767365.44,Industrial Pigments,Very High,GreenBuild Gujarat,Low,Low Recovery Potential,50.55,14.7,2025-10-15
SEC-288-3,Surat EcoTex Dyeing Pvt Ltd,Surat,Gujarat,Textile Dyeing & Processing,Sludge,Polymer,4243.67,7.3,704.25,343.04,5151.98,388.49,4060.5,240.84,38.34,36.49,Low Contamination,68.05,68.74,45.41,20.46,2.76,46.51,24.56,77.18,388.65,64.07,5.97,2407972.45,Eco Bricks,Medium,GreenBuild Gujarat,Medium,Moderately Recoverable,60.41,8.7,2025-10-15
SEC-289-1,Surat EcoTex Dyeing Pvt Ltd,Surat,Gujarat,Textile Dyeing & Processing,Printing Dye Sludge,Polymer,14406.65,8.18,1069.21,40.19,1039.21,450.51,1395.74,370.08,51.78,53.71,Oil Residue,79.02,83.66,83.27,50.08,5.34,67.33,25.04,74.0,172.74,58.84,49.78,675997.87,Acoustic Insulation Panels,Very High,EcoPack India,Low,Needs Advanced Treatment,82.61,29.2,2025-10-16
SEC-289-2,Surat EcoTex Dyeing Pvt Ltd,Surat,Gujarat,Textile Dyeing & Processing,Fabric Fiber Residue,Mixed,4518.77,6.2,892.57,635.99,2102.03,499.81,4546.01,555.75,55.0,47.56,Oil Residue,91.93,87.91,79.33,24.29,7.3,66.44,27.44,79.52,260.75,37.11,12.32,104621.07,Thermal Insulation Boards,High,Reliance Circular Ventures,Low,Moderately Recoverable,62.86,21.0,2025-10-16
SEC-289-3,Surat EcoTex Dyeing Pvt Ltd,Surat,Gujarat,Textile Dyeing & Processing,Textile Dye Waste,Chemical,3119.63,8.48,1268.19,287.66,5005.02,123.18,2371.35,113.13,4.36,32.45,Low Contamination,68.7,55.48,89.32,39.21,3.22,85.02,10.77,81.19,177.73,68.16,48.2,3990758.25,Thermal Insulation Boards,Emerging,GreenBuild Gujarat,High,Low Recovery Potential,68.0,22.2,2025-10-16
SEC-289-4,Surat EcoTex Dyeing Pvt Ltd,Surat,Gujarat,Textile Dyeing & Processing,Textile Dye Waste,Mixed,4038.14,5.41,1079.01,442.46,6406.34,568.2,5913.42,147.77,67.33,49.44,Low Contamination,54.95,57.93,73.54,18.09,2.42,52.4,44.89,56.09,109.04,55.93,28.56,1063845.19,Thermal Insulation Boards,High,Reliance Circular Ventures,High,Low Recovery Potential,68.36,25.3,2025-10-16
SEC-289-5,Surat EcoTex Dyeing Pvt Ltd,Surat,Gujarat,Textile Dyeing & Processing,Printing Dye Sludge,Polymer,10250.6,6.37,1060.61,431.66,5031.03,479.99,2661.25,38.58,32.76,32.58,Chromium,71.48,58.81,27.1,12.93,3.71,95.22,25.31,71.07,280.7,60.96,14.35,1736040.15,Eco Bricks,Very High,Reliance Circular Ventures,Low,Moderately Recoverable,41.47,24.1,2025-10-16
SEC-290-1,Surat EcoTex Dyeing Pvt Ltd,Surat,Gujarat,Textile Dyeing & Processing,Printing Dye Sludge,Mixed,7680.25,7.82,525.26,125.25,7901.44,372.97,967.3,403.96,33.34,56.39,Heavy Metals,87.32,70.92,87.44,25.37,4.79,68.29,18.32,74.42,416.68,87.67,21.85,1279625.9,Industrial Pigments,Emerging,Reliance Circular Ventures,High,Moderately Recoverable,66.75,5.7,2025-10-17
SEC-290-2,Surat EcoTex Dyeing Pvt Ltd,Surat,Gujarat,Textile Dyeing & Processing,Textile Dye Waste,Polymer,3303.62,6.31,205.58,357.14,8407.41,459.97,3620.99,507.4,31.14,37.86,Heavy Metals,97.19,87.35,87.61,33.71,9.87,93.02,64.41,52.64,216.82,28.22,44.33,3487582.71,Eco Packaging Sheets,Emerging,JSW Green Materials,Medium,Highly Recoverable,75.45,11.2,2025-10-17
SEC-290-3,Surat EcoTex Dyeing Pvt Ltd,Surat,Gujarat,Textile Dyeing & Processing,Fabric Fiber Residue,Polymer,11108.83,6.08,836.16,399.32,7708.97,329.72,3271.29,140.29,29.29,52.14,Organic Contaminants,52.92,53.62,64.14,22.68,8.53,57.86,23.29,78.27,412.51,26.51,16.29,1233871.28,Industrial Pigments,Very High,JSW Green Materials,High,Moderately Recoverable,55.6,18.9,2025-10-17
SEC-291-1,Surat EcoTex Dyeing Pvt Ltd,Surat,Gujarat,Textile Dyeing & Processing,Sludge,Textile,10160.95,6.07,538.07,407.64,4020.97,104.19,7409.81,449.95,9.42,48.61,Low Contamination,68.15,71.78,62.68,27.15,1.42,82.19,77.61,53.51,208.06,70.25,47.11,776444.86,Compressed Construction Blocks,High,UltraTech EcoBuild,Low,Moderately Recoverable,43.66,27.2,2025-10-18
SEC-291-2,Surat EcoTex Dyeing Pvt Ltd,Surat,Gujarat,Textile Dyeing & Processing,Sludge,Chemical,773.87,5.87,360.74,384.46,4801.16,142.67,6053.17,565.98,55.47,29.86,Oil Residue,48.63,43.84,71.27,58.97,7.15,56.63,36.12,78.51,376.11,28.38,47.73,2079040.39,Industrial Pigments,High,JSW Green Materials,High,Needs Advanced Treatment,92.29,10.2,2025-10-18
SEC-292-1,Surat EcoTex Dyeing Pvt Ltd,Surat,Gujarat,Textile Dyeing & Processing,Sludge,Textile,2635.98,6.74,817.65,577.26,5757.74,205.61,4256.06,40.71,27.58,25.48,Organic Contaminants,79.42,64.56,49.51,40.47,7.45,45.58,20.6,52.04,445.32,54.41,21.5,1442275.53,Acoustic Insulation Panels,Medium,Reliance Circular Ventures,Low,Low Recovery Potential,94.07,17.8,2025-10-19
SEC-292-2,Surat EcoTex Dyeing Pvt Ltd,Surat,Gujarat,Textile Dyeing & Processing,Fabric Fiber Residue,Mixed,8639.66,8.04,1322.14,559.19,8778.91,273.65,3476.39,442.97,12.74,25.34,Heavy Metals,42.46,44.16,47.98,25.96,2.12,64.81,60.1,86.21,35.24,90.62,38.05,185542.78,Acoustic Insulation Panels,High,EcoPack India,Medium,Moderately Recoverable,47.27,16.0,2025-10-19
SEC-292-3,Surat EcoTex Dyeing Pvt Ltd,Surat,Gujarat,Textile Dyeing & Processing,Printing Dye Sludge,Textile,11921.79,7.45,1010.49,294.84,6959.05,417.66,2012.86,351.55,41.92,47.4,Heavy Metals,75.89,64.75,28.88,12.87,1.32,96.56,56.1,42.55,287.06,54.24,62.57,3283067.03,Acoustic Insulation Panels,Very High,EcoPack India,Low,Moderately Recoverable,42.4,20.3,2025-10-19
SEC-292-4,Surat EcoTex Dyeing Pvt Ltd,Surat,Gujarat,Textile Dyeing & Processing,Printing Dye Sludge,Mixed,6088.36,7.51,486.64,294.97,1589.84,562.59,1156.15,188.36,4.93,54.86,Heavy Metals,73.37,68.21,67.36,13.23,4.86,57.39,41.16,95.29,5.47,23.5,44.8,684783.09,Compressed Construction Blocks,High,Reliance Circular Ventures,Medium,Moderately Recoverable,84.7,27.5,2025-10-19
SEC-292-5,Surat EcoTex Dyeing Pvt Ltd,Surat,Gujarat,Textile Dyeing & Processing,Sludge,Textile,3268.69,7.47,259.53,151.85,8441.58,578.97,8142.57,217.7,11.3,32.31,Oil Residue,95.47,85.32,43.67,15.25,7.18,67.6,67.59,69.15,415.84,48.2,19.19,3048970.2,Acoustic Insulation Panels,Emerging,Reliance Circular Ventures,Low,Moderately Recoverable,83.03,27.9,2025-10-19
SEC-293-1,Surat EcoTex Dyeing Pvt Ltd,Surat,Gujarat,Textile Dyeing & Processing,Chemical Effluent,Mixed,13212.58,7.27,791.38,119.08,3095.61,584.7,4777.97,345.4,46.54,31.22,Heavy Metals,95.33,80.4,41.13,12.01,4.31,55.8,46.38,30.94,321.48,64.89,48.33,132074.86,Industrial Pigments,Very High,GreenBuild Gujarat,Medium,Low Recovery Potential,78.83,12.1,2025-10-20
SEC-293-2,Surat EcoTex Dyeing Pvt Ltd,Surat,Gujarat,Textile Dyeing & Processing,Fabric Fiber Residue,Mixed,12982.79,7.51,841.74,622.0,5068.65,310.34,7357.84,141.29,20.83,25.63,Chromium,97.57,106.37,88.63,47.75,8.85,66.11,45.18,32.36,20.51,54.43,36.61,3611440.22,Compressed Construction Blocks,Emerging,GreenBuild Gujarat,Low,Low Recovery Potential,73.4,21.9,2025-10-20
SEC-293-3,Surat EcoTex Dyeing Pvt Ltd,Surat,Gujarat,Textile Dyeing & Processing,Fabric Fiber Residue,Mixed,10865.04,6.82,650.92,655.28,629.7,617.94,2746.21,80.74,41.28,57.33,Organic Contaminants,64.37,68.6,69.2,55.51,4.04,81.28,49.25,72.95,18.72,32.15,59.56,484447.07,Eco Packaging Sheets,Very High,JSW Green Materials,Medium,Low Recovery Potential,69.79,7.1,2025-10-20
SEC-293-4,Surat EcoTex Dyeing Pvt Ltd,Surat,Gujarat,Textile Dyeing & Processing,Textile Dye Waste,Textile,11123.13,5.31,921.41,243.79,1419.54,606.11,470.8,423.85,12.7,55.3,Chromium,79.41,65.35,82.45,53.42,2.36,50.03,67.93,88.42,154.14,80.05,10.26,2629487.12,Thermal Insulation Boards,Very High,EcoPack India,Low,Highly Recoverable,76.96,24.2,2025-10-20
SEC-293-5,Surat EcoTex Dyeing Pvt Ltd,Surat,Gujarat,Textile Dyeing & Processing,Sludge,Textile,3886.55,8.04,160.0,382.47,3657.06,369.03,2108.23,467.05,3.02,35.45,Heavy Metals,96.45,82.18,41.04,46.02,4.43,66.41,68.77,39.16,113.45,24.9,11.26,4111414.74,Industrial Pigments,Very High,JSW Green Materials,Medium,Highly Recoverable,38.97,29.0,2025-10-20
SEC-294-1,Surat EcoTex Dyeing Pvt Ltd,Surat,Gujarat,Textile Dyeing & Processing,Textile Dye Waste,Mixed,12992.03,6.29,755.33,354.81,2545.53,218.68,8090.96,288.93,44.12,30.72,Color Pigments,95.15,84.05,74.77,38.35,5.13,62.06,64.35,46.66,44.77,84.94,10.61,3219705.74,Eco Bricks,Emerging,EcoPack India,Low,Low Recovery Potential,86.3,11.9,2025-10-21
SEC-294-2,Surat EcoTex Dyeing Pvt Ltd,Surat,Gujarat,Textile Dyeing & Processing,Fabric Fiber Residue,Mixed,11060.34,8.36,1027.44,663.18,3895.89,48.63,2627.63,527.39,45.51,38.86,Organic Contaminants,68.6,56.27,80.23,23.45,9.29,94.57,35.53,54.33,148.73,36.47,39.91,3583522.01,Thermal Insulation Boards,Medium,GreenBuild Gujarat,Low,Highly Recoverable,45.18,13.4,2025-10-21
SEC-295-1,Surat EcoTex Dyeing Pvt Ltd,Surat,Gujarat,Textile Dyeing & Processing,Printing Dye Sludge,Polymer,5064.37,7.19,1247.46,245.02,6551.71,436.51,678.99,329.56,32.03,40.14,Low Contamination,86.78,70.37,36.66,11.78,8.25,91.92,14.14,54.35,284.51,70.06,40.52,1846542.71,Thermal Insulation Boards,Medium,EcoPack India,Medium,Low Recovery Potential,41.55,18.2,2025-10-22
SEC-295-2,Surat EcoTex Dyeing Pvt Ltd,Surat,Gujarat,Textile Dyeing & Processing,Printing Dye Sludge,Textile,1394.24,7.75,1028.27,261.25,4055.35,234.27,6344.48,414.22,28.88,53.97,Oil Residue,54.28,52.14,65.64,17.14,8.06,71.47,24.65,88.79,221.55,71.18,43.14,4487137.32,Eco Bricks,High,GreenBuild Gujarat,High,Low Recovery Potential,74.44,10.2,2025-10-22
SEC-296-1,Surat EcoTex Dyeing Pvt Ltd,Surat,Gujarat,Textile Dyeing & Processing,Textile Dye Waste,Textile,7389.59,7.34,1053.18,179.77,6809.85,336.5,4206.2,78.32,40.62,51.44,Color Pigments,41.31,37.9,47.46,23.45,1.3,51.08,59.51,31.79,155.55,15.92,46.92,3319320.23,Thermal Insulation Boards,High,JSW Green Materials,High,Highly Recoverable,96.27,6.4,2025-10-23
SEC-296-2,Surat EcoTex Dyeing Pvt Ltd,Surat,Gujarat,Textile Dyeing & Processing,Sludge,Mixed,4638.14,7.23,819.46,342.1,3785.35,260.98,2450.86,491.85,52.76,50.7,Heavy Metals,46.43,41.36,71.6,39.2,2.97,64.25,77.88,77.72,131.43,95.27,56.05,3575821.28,Eco Bricks,High,UltraTech EcoBuild,High,Needs Advanced Treatment,77.78,4.2,2025-10-23
SEC-296-3,Surat EcoTex Dyeing Pvt Ltd,Surat,Gujarat,Textile Dyeing & Processing,Printing Dye Sludge,Chemical,7049.14,8.31,1193.08,99.81,3744.19,304.97,4931.34,210.29,49.13,28.61,Oil Residue,66.52,73.06,92.4,34.39,3.82,95.09,27.97,76.79,14.66,43.05,31.87,3289907.33,Eco Packaging Sheets,High,Reliance Circular Ventures,High,Highly Recoverable,82.95,26.0,2025-10-23
SEC-296-4,Surat EcoTex Dyeing Pvt Ltd,Surat,Gujarat,Textile Dyeing & Processing,Fabric Fiber Residue,Mixed,7399.7,8.5,417.74,693.72,3161.72,328.41,3638.47,11.27,7.06,38.89,Low Contamination,71.16,74.82,30.67,56.16,3.95,90.76,68.75,41.74,64.09,29.74,35.94,2744347.29,Eco Packaging Sheets,Medium,UltraTech EcoBuild,Medium,Moderately Recoverable,77.67,18.7,2025-10-23
SEC-297-1,Surat EcoTex Dyeing Pvt Ltd,Surat,Gujarat,Textile Dyeing & Processing,Printing Dye Sludge,Mixed,13838.86,7.16,795.93,109.21,1360.42,556.93,2578.85,410.97,43.74,50.34,Low Contamination,95.59,94.48,51.54,48.85,7.16,89.23,13.39,65.17,225.17,60.2,47.54,4235384.44,Eco Packaging Sheets,Emerging,Reliance Circular Ventures,High,Moderately Recoverable,80.75,14.8,2025-10-24
SEC-297-2,Surat EcoTex Dyeing Pvt Ltd,Surat,Gujarat,Textile Dyeing & Processing,Textile Dye Waste,Mixed,10153.4,5.42,1212.91,438.4,5565.2,280.86,1485.53,72.93,10.92,31.73,Chromium,95.0,81.0,48.53,40.08,3.63,49.37,68.47,93.62,83.67,20.05,60.54,664875.97,Thermal Insulation Boards,Emerging,JSW Green Materials,Low,Needs Advanced Treatment,41.54,11.9,2025-10-24
SEC-297-3,Surat EcoTex Dyeing Pvt Ltd,Surat,Gujarat,Textile Dyeing & Processing,Fabric Fiber Residue,Textile,9091.71,6.5,1146.48,225.94,3908.88,218.02,330.2,571.04,42.71,48.64,Low Contamination,83.71,91.19,86.7,22.71,7.81,71.54,16.82,30.31,38.77,92.59,63.77,3409174.61,Eco Bricks,High,GreenBuild Gujarat,High,Needs Advanced Treatment,73.02,18.2,2025-10-24
SEC-297-4,Surat EcoTex Dyeing Pvt Ltd,Surat,Gujarat,Textile Dyeing & Processing,Sludge,Textile,8753.98,8.69,1082.6,532.73,2720.64,85.17,5439.76,59.71,58.08,51.69,Color Pigments,68.28,75.45,28.08,14.84,3.47,63.14,35.05,80.57,274.66,80.68,27.08,3891645.29,Eco Packaging Sheets,Emerging,JSW Green Materials,High,Needs Advanced Treatment,95.22,25.5,2025-10-24
SEC-297-5,Surat EcoTex Dyeing Pvt Ltd,Surat,Gujarat,Textile Dyeing & Processing,Printing Dye Sludge,Chemical,3410.53,5.85,146.55,518.25,1997.25,185.09,747.26,97.84,51.96,39.47,Color Pigments,87.22,73.02,43.18,30.74,5.96,61.9,59.9,38.71,407.01,90.28,38.42,379103.21,Industrial Pigments,High,GreenBuild Gujarat,Medium,Needs Advanced Treatment,58.79,22.8,2025-10-24
SEC-298-1,Surat EcoTex Dyeing Pvt Ltd,Surat,Gujarat,Textile Dyeing & Processing,Fabric Fiber Residue,Mixed,6496.8,7.85,523.95,224.64,2958.55,128.19,2617.96,307.23,38.72,53.71,Low Contamination,43.3,35.99,63.82,51.53,4.94,49.87,29.05,79.95,248.06,58.84,45.64,3446248.52,Eco Bricks,Emerging,JSW Green Materials,Low,Needs Advanced Treatment,51.51,17.4,2025-10-25
SEC-298-2,Surat EcoTex Dyeing Pvt Ltd,Surat,Gujarat,Textile Dyeing & Processing,Sludge,Chemical,6601.28,8.13,914.49,107.45,7498.2,545.56,5149.35,532.47,44.45,26.04,Heavy Metals,58.15,51.43,52.56,48.53,4.51,90.82,51.17,40.51,18.64,52.32,22.6,791254.2,Eco Bricks,Very High,Reliance Circular Ventures,Low,Needs Advanced Treatment,47.97,15.9,2025-10-25
SEC-298-3,Surat EcoTex Dyeing Pvt Ltd,Surat,Gujarat,Textile Dyeing & Processing,Sludge,Textile,2986.43,6.18,1232.27,618.92,7084.08,597.81,3470.52,571.22,13.68,45.57,Low Contamination,88.85,73.83,88.37,45.41,2.77,74.0,41.42,35.84,110.23,75.77,13.3,2904302.0,Acoustic Insulation Panels,Emerging,GreenBuild Gujarat,Low,Low Recovery Potential,91.71,27.5,2025-10-25
SEC-299-1,Surat EcoTex Dyeing Pvt Ltd,Surat,Gujarat,Textile Dyeing & Processing,Chemical Effluent,Chemical,11759.11,6.87,1075.41,243.84,3787.15,643.11,1228.05,63.71,6.83,46.32,Oil Residue,41.25,45.37,46.39,21.49,1.26,55.46,74.04,33.71,231.19,84.55,42.76,2195809.39,Thermal Insulation Boards,High,UltraTech EcoBuild,Medium,Highly Recoverable,46.09,27.0,2025-10-26
SEC-299-2,Surat EcoTex Dyeing Pvt Ltd,Surat,Gujarat,Textile Dyeing & Processing,Sludge,Mixed,1061.63,8.2,345.06,489.82,8193.46,429.36,5628.98,558.12,12.3,40.48,Organic Contaminants,77.64,72.83,76.29,20.61,6.28,96.3,56.64,70.54,194.19,25.3,14.65,3850963.67,Industrial Pigments,Emerging,JSW Green Materials,Low,Low Recovery Potential,41.27,4.2,2025-10-26
SEC-299-3,Surat EcoTex Dyeing Pvt Ltd,Surat,Gujarat,Textile Dyeing & Processing,Fabric Fiber Residue,Mixed,3892.9,7.64,556.49,580.39,2363.72,34.51,1580.0,67.41,34.07,41.25,Organic Contaminants,89.6,99.55,85.53,60.59,4.57,60.82,12.14,88.0,423.5,75.58,22.87,3053441.54,Acoustic Insulation Panels,Very High,JSW Green Materials,High,Moderately Recoverable,84.38,28.3,2025-10-26
SEC-299-4,Surat EcoTex Dyeing Pvt Ltd,Surat,Gujarat,Textile Dyeing & Processing,Fabric Fiber Residue,Chemical,14358.86,6.74,449.85,298.89,5472.05,131.24,6916.33,488.29,4.98,46.47,Oil Residue,67.71,54.45,35.19,32.53,2.19,71.96,39.77,89.34,128.32,27.82,35.15,1507529.51,Thermal Insulation Boards,Medium,Reliance Circular Ventures,Medium,Low Recovery Potential,51.49,13.6,2025-10-26
SEC-299-5,Surat EcoTex Dyeing Pvt Ltd,Surat,Gujarat,Textile Dyeing & Processing,Textile Dye Waste,Polymer,4600.14,5.98,480.84,463.94,4342.07,400.39,8499.07,449.71,62.63,46.48,Low Contamination,78.63,63.14,43.66,13.67,9.72,97.66,26.53,75.24,161.56,22.46,28.44,2068431.75,Industrial Pigments,Very High,JSW Green Materials,Low,Needs Advanced Treatment,67.11,28.9,2025-10-26
SEC-300-1,Surat EcoTex Dyeing Pvt Ltd,Surat,Gujarat,Textile Dyeing & Processing,Textile Dye Waste,Textile,1149.88,7.98,649.81,465.88,3685.41,475.87,5461.54,166.98,13.94,46.72,Color Pigments,50.33,52.14,70.94,39.23,9.67,49.11,36.7,56.45,234.3,78.81,24.08,2896509.34,Eco Packaging Sheets,Very High,Reliance Circular Ventures,High,Needs Advanced Treatment,96.19,9.9,2025-10-27
SEC-300-2,Surat EcoTex Dyeing Pvt Ltd,Surat,Gujarat,Textile Dyeing & Processing,Printing Dye Sludge,Textile,7005.25,5.31,573.91,218.06,3411.7,34.46,3608.85,453.73,7.07,54.85,Chromium,80.11,85.74,25.32,60.31,6.19,84.44,76.53,74.51,70.6,74.57,14.42,2282887.46,Acoustic Insulation Panels,High,EcoPack India,Low,Moderately Recoverable,97.77,20.1,2025-10-27
SEC-300-3,Surat EcoTex Dyeing Pvt Ltd,Surat,Gujarat,Textile Dyeing & Processing,Textile Dye Waste,Polymer,1942.74,5.33,569.63,52.91,3423.95,426.58,7949.95,84.05,50.88,27.39,Heavy Metals,66.77,58.47,33.64,16.69,2.65,90.84,46.6,41.49,320.06,68.53,8.37,3484094.51,Industrial Pigments,Medium,GreenBuild Gujarat,Low,Needs Advanced Treatment,85.17,20.0,2025-10-27
SEC-300-4,Surat EcoTex Dyeing Pvt Ltd,Surat,Gujarat,Textile Dyeing & Processing,Fabric Fiber Residue,Mixed,6004.53,8.29,946.26,385.41,500.01,568.11,5889.73,130.51,47.34,44.03,Heavy Metals,78.8,84.83,93.55,11.34,8.47,57.47,40.33,33.73,85.88,65.35,13.88,3239785.31,Compressed Construction Blocks,Medium,Reliance Circular Ventures,Medium,Low Recovery Potential,92.17,19.0,2025-10-27
SEC-301-1,Surat EcoTex Dyeing Pvt Ltd,Surat,Gujarat,Textile Dyeing & Processing,Textile Dye Waste,Chemical,6025.74,6.81,1200.4,648.18,1521.68,583.0,429.67,552.65,57.9,50.49,Organic Contaminants,46.3,47.77,31.42,33.68,1.36,84.59,44.99,78.04,37.16,62.78,62.83,3260037.66,Eco Bricks,Medium,JSW Green Materials,Medium,Needs Advanced Treatment,52.83,15.2,2025-10-28
SEC-301-2,Surat EcoTex Dyeing Pvt Ltd,Surat,Gujarat,Textile Dyeing & Processing,Printing Dye Sludge,Mixed,4440.35,6.26,1365.43,410.45,5681.08,589.0,2799.84,499.75,2.6,34.62,Heavy Metals,90.52,87.22,61.37,45.81,5.22,70.58,18.15,49.24,143.03,80.82,8.21,2595382.82,Thermal Insulation Boards,Emerging,Reliance Circular Ventures,High,Highly Recoverable,74.59,13.5,2025-10-28
SEC-301-3,Surat EcoTex Dyeing Pvt Ltd,Surat,Gujarat,Textile Dyeing & Processing,Chemical Effluent,Mixed,10006.76,6.31,1071.84,487.35,6195.89,560.65,2346.57,217.18,21.38,34.52,Chromium,69.88,78.2,31.78,52.36,9.59,55.81,21.02,65.0,291.02,39.67,20.9,1582790.96,Acoustic Insulation Panels,Medium,EcoPack India,Low,Highly Recoverable,45.43,28.2,2025-10-28
SEC-301-4,Surat EcoTex Dyeing Pvt Ltd,Surat,Gujarat,Textile Dyeing & Processing,Chemical Effluent,Textile,2813.37,7.76,219.26,455.23,4844.0,361.45,6307.1,295.59,9.52,32.61,Oil Residue,56.62,54.52,31.45,40.53,5.31,97.03,25.28,38.61,339.97,25.55,18.02,572657.2,Acoustic Insulation Panels,High,JSW Green Materials,High,Highly Recoverable,86.73,28.2,2025-10-28
SEC-302-1,Surat EcoTex Dyeing Pvt Ltd,Surat,Gujarat,Textile Dyeing & Processing,Textile Dye Waste,Polymer,4189.56,6.67,736.35,648.92,5995.5,230.13,4013.38,481.87,5.55,32.6,Color Pigments,74.89,83.15,45.74,44.54,4.67,54.12,43.86,60.21,48.58,58.71,23.35,3638540.67,Eco Packaging Sheets,High,GreenBuild Gujarat,High,Highly Recoverable,36.46,15.0,2025-10-29
SEC-302-2,Surat EcoTex Dyeing Pvt Ltd,Surat,Gujarat,Textile Dyeing & Processing,Sludge,Polymer,1010.81,8.39,955.51,192.59,676.41,340.95,1714.96,433.62,32.87,31.64,Color Pigments,46.41,48.01,82.45,40.74,8.52,87.05,62.63,42.4,247.74,39.03,22.93,1437612.16,Acoustic Insulation Panels,Medium,JSW Green Materials,Medium,Moderately Recoverable,47.46,8.6,2025-10-29
SEC-302-3,Surat EcoTex Dyeing Pvt Ltd,Surat,Gujarat,Textile Dyeing & Processing,Sludge,Mixed,3666.49,8.56,799.49,451.98,6108.65,496.63,5960.69,190.29,43.72,55.07,Chromium,80.8,80.37,66.8,59.67,2.15,46.7,35.06,67.0,126.31,52.76,10.61,1170965.23,Thermal Insulation Boards,High,Reliance Circular Ventures,High,Low Recovery Potential,97.18,8.5,2025-10-29
SEC-302-4,Surat EcoTex Dyeing Pvt Ltd,Surat,Gujarat,Textile Dyeing & Processing,Printing Dye Sludge,Mixed,12582.45,7.44,300.79,123.79,3196.71,106.28,3802.86,244.01,10.71,53.35,Chromium,66.3,73.12,54.18,59.95,5.48,94.51,33.46,64.47,407.15,49.3,6.14,3755813.93,Industrial Pigments,Medium,JSW Green Materials,Medium,Highly Recoverable,91.16,24.4,2025-10-29
SEC-302-5,Surat EcoTex Dyeing Pvt Ltd,Surat,Gujarat,Textile Dyeing & Processing,Sludge,Chemical,10388.91,7.58,406.83,680.87,5727.42,452.78,4568.71,454.59,69.09,24.61,Color Pigments,42.63,34.23,84.35,53.29,7.71,65.21,46.9,87.63,428.11,78.47,21.81,3858208.38,Thermal Insulation Boards,Very High,JSW Green Materials,Low,Moderately Recoverable,56.81,11.2,2025-10-29
SEC-303-1,Surat EcoTex Dyeing Pvt Ltd,Surat,Gujarat,Textile Dyeing & Processing,Printing Dye Sludge,Polymer,13371.75,6.43,556.99,285.68,6273.26,524.8,3614.73,37.82,44.4,47.97,Organic Contaminants,61.51,55.11,56.63,14.06,6.45,50.98,55.09,72.45,256.3,59.51,46.53,3013425.77,Industrial Pigments,Very High,JSW Green Materials,Low,Low Recovery Potential,90.96,22.7,2025-10-30
SEC-303-2,Surat EcoTex Dyeing Pvt Ltd,Surat,Gujarat,Textile Dyeing & Processing,Textile Dye Waste,Chemical,7158.95,7.39,1382.99,52.97,7152.81,523.85,2002.56,98.57,67.68,31.82,Chromium,75.35,78.97,83.83,47.09,9.95,58.29,64.96,61.41,431.46,35.62,24.47,2093811.8,Thermal Insulation Boards,Very High,UltraTech EcoBuild,Low,Highly Recoverable,61.23,15.3,2025-10-30
SEC-304-1,Surat EcoTex Dyeing Pvt Ltd,Surat,Gujarat,Textile Dyeing & Processing,Printing Dye Sludge,Chemical,13140.66,5.63,481.81,655.62,2742.81,58.04,7418.89,569.09,38.32,44.45,Low Contamination,76.11,76.17,40.47,62.15,4.04,65.72,37.01,55.56,109.55,89.16,5.02,1885407.46,Compressed Construction Blocks,Emerging,GreenBuild Gujarat,Medium,Low Recovery Potential,55.55,18.7,2025-10-31
SEC-304-2,Surat EcoTex Dyeing Pvt Ltd,Surat,Gujarat,Textile Dyeing & Processing,Sludge,Mixed,14479.62,7.35,922.05,236.11,5523.25,182.5,5680.71,342.87,28.73,39.36,Chromium,57.24,61.12,61.21,27.31,6.58,55.49,51.02,59.46,135.58,31.96,60.14,1049332.32,Eco Bricks,Medium,Reliance Circular Ventures,Medium,Moderately Recoverable,70.82,20.6,2025-10-31
SEC-304-3,Surat EcoTex Dyeing Pvt Ltd,Surat,Gujarat,Textile Dyeing & Processing,Fabric Fiber Residue,Chemical,4243.88,7.45,528.72,598.0,4968.57,475.33,7991.26,507.78,62.96,51.99,Organic Contaminants,43.24,35.59,86.28,42.46,5.17,71.09,21.62,74.74,407.91,70.75,43.38,790717.43,Industrial Pigments,Emerging,EcoPack India,Low,Highly Recoverable,87.09,11.3,2025-10-31
SEC-305-1,Surat EcoTex Dyeing Pvt Ltd,Surat,Gujarat,Textile Dyeing & Processing,Sludge,Chemical,11514.95,7.44,637.42,321.5,8501.04,550.36,2788.59,188.7,46.38,50.37,Oil Residue,94.24,101.29,37.02,19.09,6.73,52.48,45.53,56.16,215.47,84.91,26.61,1524854.88,Compressed Construction Blocks,High,UltraTech EcoBuild,Medium,Needs Advanced Treatment,60.74,14.1,2025-11-01
SEC-305-2,Surat EcoTex Dyeing Pvt Ltd,Surat,Gujarat,Textile Dyeing & Processing,Chemical Effluent,Chemical,6747.95,5.25,843.51,310.53,6432.42,249.32,1150.69,576.79,13.86,28.81,Heavy Metals,50.09,40.79,42.28,26.27,2.04,52.53,26.78,58.27,238.95,53.19,63.61,2607726.14,Compressed Construction Blocks,Very High,JSW Green Materials,High,Needs Advanced Treatment,69.17,5.6,2025-11-01
SEC-305-3,Surat EcoTex Dyeing Pvt Ltd,Surat,Gujarat,Textile Dyeing & Processing,Printing Dye Sludge,Polymer,4597.86,5.43,924.64,79.18,7889.34,416.19,7738.53,350.43,46.35,55.29,Low Contamination,57.46,48.24,73.71,25.17,5.54,88.32,23.84,88.07,279.7,71.64,17.11,4498714.23,Acoustic Insulation Panels,High,JSW Green Materials,High,Low Recovery Potential,78.78,25.6,2025-11-01
SEC-305-4,Surat EcoTex Dyeing Pvt Ltd,Surat,Gujarat,Textile Dyeing & Processing,Sludge,Polymer,14275.83,5.39,181.42,323.39,7045.66,480.44,4843.03,89.05,69.71,36.99,Oil Residue,72.64,62.52,67.52,38.59,7.66,82.1,48.92,57.22,114.07,66.38,39.52,3011980.44,Thermal Insulation Boards,Medium,JSW Green Materials,Medium,Needs Advanced Treatment,49.05,6.2,2025-11-01
SEC-306-1,Surat EcoTex Dyeing Pvt Ltd,Surat,Gujarat,Textile Dyeing & Processing,Chemical Effluent,Mixed,12584.34,7.15,808.32,206.42,7803.51,422.36,597.8,256.37,19.14,28.79,Organic Contaminants,75.13,69.16,66.77,46.19,1.01,80.25,71.72,80.48,20.78,34.06,53.98,2134051.52,Industrial Pigments,Very High,Reliance Circular Ventures,High,Needs Advanced Treatment,91.29,9.7,2025-11-02
SEC-306-2,Surat EcoTex Dyeing Pvt Ltd,Surat,Gujarat,Textile Dyeing & Processing,Printing Dye Sludge,Textile,10874.62,6.74,581.78,575.97,2334.67,166.9,3562.32,301.07,5.94,50.84,Oil Residue,68.6,75.76,27.11,29.86,8.32,63.33,27.89,56.92,211.34,34.23,19.01,950057.12,Industrial Pigments,Very High,EcoPack India,High,Moderately Recoverable,63.91,10.5,2025-11-02
SEC-306-3,Surat EcoTex Dyeing Pvt Ltd,Surat,Gujarat,Textile Dyeing & Processing,Printing Dye Sludge,Textile,4448.55,5.41,1022.85,346.81,4316.97,333.82,6166.82,86.35,58.83,32.42,Oil Residue,63.45,66.77,56.25,12.62,9.14,66.87,62.58,83.47,27.65,29.94,28.39,1270795.73,Acoustic Insulation Panels,Emerging,UltraTech EcoBuild,High,Moderately Recoverable,66.14,5.8,2025-11-02
SEC-307-1,Surat EcoTex Dyeing Pvt Ltd,Surat,Gujarat,Textile Dyeing & Processing,Chemical Effluent,Chemical,5443.01,5.82,1031.4,511.15,700.21,620.4,4040.18,146.11,21.53,36.11,Low Contamination,82.52,75.88,91.76,21.65,4.28,50.73,68.73,49.46,398.25,43.7,9.27,694343.83,Compressed Construction Blocks,Medium,EcoPack India,Low,Highly Recoverable,80.4,10.4,2025-11-03
SEC-307-2,Surat EcoTex Dyeing Pvt Ltd,Surat,Gujarat,Textile Dyeing & Processing,Textile Dye Waste,Polymer,7275.85,5.78,845.81,55.54,5526.07,232.64,6457.61,408.44,31.09,35.88,Low Contamination,57.28,51.43,30.41,44.13,7.57,47.72,18.46,84.25,376.31,78.64,7.69,2399613.89,Acoustic Insulation Panels,High,JSW Green Materials,Low,Moderately Recoverable,55.69,8.5,2025-11-03
SEC-308-1,Surat EcoTex Dyeing Pvt Ltd,Surat,Gujarat,Textile Dyeing & Processing,Chemical Effluent,Chemical,12011.89,7.71,683.64,228.18,3920.52,183.49,2981.06,243.67,43.42,54.65,Chromium,43.88,35.45,53.97,32.25,3.23,92.96,55.46,52.41,350.45,34.63,57.45,2689623.29,Acoustic Insulation Panels,Very High,JSW Green Materials,High,Moderately Recoverable,36.56,26.5,2025-11-04
SEC-308-2,Surat EcoTex Dyeing Pvt Ltd,Surat,Gujarat,Textile Dyeing & Processing,Printing Dye Sludge,Textile,10842.55,7.75,655.24,583.4,1772.02,247.05,8321.74,224.22,53.03,35.5,Organic Contaminants,42.05,34.93,85.34,10.51,9.64,92.16,38.3,42.5,381.69,30.71,51.06,1441385.33,Eco Bricks,Medium,Reliance Circular Ventures,High,Needs Advanced Treatment,56.42,29.4,2025-11-04
SEC-308-3,Surat EcoTex Dyeing Pvt Ltd,Surat,Gujarat,Textile Dyeing & Processing,Chemical Effluent,Mixed,3781.47,8.04,1063.22,523.14,7746.2,560.53,6000.23,551.59,54.28,29.5,Organic Contaminants,41.45,36.31,51.54,48.49,3.15,61.36,57.1,66.76,200.49,19.26,16.53,3599305.55,Eco Packaging Sheets,Medium,Reliance Circular Ventures,High,Low Recovery Potential,36.0,5.8,2025-11-04
SEC-308-4,Surat EcoTex Dyeing Pvt Ltd,Surat,Gujarat,Textile Dyeing & Processing,Chemical Effluent,Textile,1793.48,6.5,414.28,354.48,7538.21,155.91,1631.09,447.64,53.09,43.09,Oil Residue,41.86,44.33,51.87,54.44,8.1,78.02,32.84,33.94,150.85,44.56,17.83,4330779.28,Eco Bricks,High,Reliance Circular Ventures,Medium,Highly Recoverable,75.63,29.4,2025-11-04
SEC-308-5,Surat EcoTex Dyeing Pvt Ltd,Surat,Gujarat,Textile Dyeing & Processing,Printing Dye Sludge,Mixed,4131.63,8.36,1052.17,405.82,1204.62,274.36,3828.57,185.67,24.67,26.92,Color Pigments,60.67,62.42,94.96,12.82,2.08,81.63,25.55,43.73,397.3,59.12,58.13,236438.0,Industrial Pigments,Medium,UltraTech EcoBuild,Low,Moderately Recoverable,95.34,16.7,2025-11-04
SEC-309-1,Surat EcoTex Dyeing Pvt Ltd,Surat,Gujarat,Textile Dyeing & Processing,Chemical Effluent,Chemical,5733.84,6.41,341.71,245.04,6422.51,225.52,6345.93,462.32,67.19,54.32,Heavy Metals,47.78,43.27,73.11,19.15,4.23,54.2,19.3,42.2,235.39,52.06,61.26,2263688.53,Compressed Construction Blocks,Emerging,JSW Green Materials,High,Low Recovery Potential,37.53,10.7,2025-11-05
SEC-309-2,Surat EcoTex Dyeing Pvt Ltd,Surat,Gujarat,Textile Dyeing & Processing,Sludge,Textile,3285.79,7.39,341.16,193.91,7634.95,281.02,7608.28,292.78,23.78,51.66,Organic Contaminants,41.76,38.98,93.16,21.46,3.56,86.57,12.87,41.13,312.23,41.24,15.57,774995.48,Eco Packaging Sheets,Medium,JSW Green Materials,High,Low Recovery Potential,56.97,11.1,2025-11-05
SEC-309-3,Surat EcoTex Dyeing Pvt Ltd,Surat,Gujarat,Textile Dyeing & Processing,Textile Dye Waste,Chemical,1777.25,7.59,132.51,451.7,6479.03,282.68,1490.39,78.64,67.92,55.26,Color Pigments,81.96,91.29,54.66,41.82,5.12,79.73,48.8,38.68,274.71,55.93,18.13,846880.51,Acoustic Insulation Panels,Very High,EcoPack India,Low,Moderately Recoverable,81.74,10.8,2025-11-05
SEC-309-4,Surat EcoTex Dyeing Pvt Ltd,Surat,Gujarat,Textile Dyeing & Processing,Printing Dye Sludge,Textile,6973.32,8.24,158.48,393.91,2162.61,254.91,7365.15,374.49,36.37,52.51,Heavy Metals,47.24,46.45,79.61,23.77,7.82,89.5,67.06,49.9,389.1,23.87,29.48,2639549.75,Thermal Insulation Boards,Very High,EcoPack India,High,Low Recovery Potential,51.81,21.8,2025-11-05
SEC-309-5,Surat EcoTex Dyeing Pvt Ltd,Surat,Gujarat,Textile Dyeing & Processing,Sludge,Polymer,6984.93,7.3,248.69,611.33,2886.1,505.3,5307.05,450.59,34.4,26.75,Low Contamination,50.88,45.19,64.98,34.19,3.85,95.84,58.79,97.09,313.58,53.49,50.15,1570515.84,Industrial Pigments,Emerging,GreenBuild Gujarat,Low,Highly Recoverable,59.5,12.4,2025-11-05
SEC-310-1,Surat EcoTex Dyeing Pvt Ltd,Surat,Gujarat,Textile Dyeing & Processing,Chemical Effluent,Textile,7209.65,8.68,845.46,574.67,8934.23,313.73,5090.65,441.8,12.76,35.93,Heavy Metals,61.26,56.88,71.54,39.83,7.91,58.07,24.6,97.28,65.31,42.38,60.81,1176916.11,Eco Bricks,Very High,EcoPack India,Low,Low Recovery Potential,59.3,16.8,2025-11-06
SEC-310-2,Surat EcoTex Dyeing Pvt Ltd,Surat,Gujarat,Textile Dyeing & Processing,Printing Dye Sludge,Mixed,7980.27,6.38,422.44,264.72,8670.49,295.32,5016.44,110.95,50.89,51.82,Low Contamination,92.91,86.28,69.84,50.95,5.29,70.88,42.53,97.26,192.48,46.3,31.67,112225.68,Eco Packaging Sheets,Emerging,Reliance Circular Ventures,High,Moderately Recoverable,69.23,10.2,2025-11-06
SEC-310-3,Surat EcoTex Dyeing Pvt Ltd,Surat,Gujarat,Textile Dyeing & Processing,Sludge,Polymer,4061.3,6.55,573.3,621.57,5172.65,550.67,8211.67,254.11,65.24,42.0,Low Contamination,61.29,62.75,63.96,60.02,5.79,49.9,15.44,80.43,174.3,66.94,20.44,3456513.09,Industrial Pigments,Medium,UltraTech EcoBuild,Low,Needs Advanced Treatment,76.36,13.3,2025-11-06
SEC-311-1,Surat EcoTex Dyeing Pvt Ltd,Surat,Gujarat,Textile Dyeing & Processing,Textile Dye Waste,Mixed,11264.03,7.65,644.15,262.83,8912.47,349.25,4686.72,354.19,25.81,31.23,Color Pigments,94.67,96.29,47.51,61.5,4.34,86.14,62.46,73.58,112.38,56.91,23.96,1168439.34,Industrial Pigments,Very High,EcoPack India,Medium,Highly Recoverable,39.73,5.6,2025-11-07
SEC-311-2,Surat EcoTex Dyeing Pvt Ltd,Surat,Gujarat,Textile Dyeing & Processing,Sludge,Textile,3997.39,8.16,818.1,138.04,6150.73,258.36,1939.54,591.6,23.48,37.08,Heavy Metals,79.16,82.81,35.89,60.68,1.92,59.02,54.51,90.44,394.59,52.05,56.5,1453780.13,Industrial Pigments,Medium,EcoPack India,High,Needs Advanced Treatment,36.37,18.6,2025-11-07
SEC-311-3,Surat EcoTex Dyeing Pvt Ltd,Surat,Gujarat,Textile Dyeing & Processing,Sludge,Chemical,10022.47,5.23,1000.91,276.97,2646.15,499.02,8000.33,42.31,32.51,43.27,Organic Contaminants,44.21,38.03,71.66,46.55,7.8,93.44,74.85,33.08,240.59,74.45,48.83,3117711.65,Compressed Construction Blocks,Medium,UltraTech EcoBuild,Medium,Moderately Recoverable,64.42,20.7,2025-11-07
SEC-311-4,Surat EcoTex Dyeing Pvt Ltd,Surat,Gujarat,Textile Dyeing & Processing,Sludge,Textile,14797.73,8.51,1265.11,427.02,6396.41,432.81,3944.06,203.2,2.13,25.11,Oil Residue,56.12,47.68,73.48,27.88,2.77,47.95,25.21,55.58,264.88,85.13,51.64,1922943.37,Thermal Insulation Boards,High,UltraTech EcoBuild,High,Low Recovery Potential,94.05,6.3,2025-11-07
SEC-311-5,Surat EcoTex Dyeing Pvt Ltd,Surat,Gujarat,Textile Dyeing & Processing,Printing Dye Sludge,Polymer,3482.05,5.6,1096.86,698.05,6511.09,413.86,3234.33,350.92,55.35,46.36,Organic Contaminants,73.7,73.03,92.49,14.96,6.68,92.42,66.79,50.26,155.82,76.33,52.05,4035736.16,Eco Packaging Sheets,High,JSW Green Materials,High,Moderately Recoverable,49.36,27.4,2025-11-07
SEC-312-1,Surat EcoTex Dyeing Pvt Ltd,Surat,Gujarat,Textile Dyeing & Processing,Fabric Fiber Residue,Chemical,4272.77,8.56,815.47,312.21,2401.74,566.21,6590.28,74.19,7.03,30.76,Low Contamination,70.52,68.8,92.79,52.4,7.74,75.16,60.55,47.91,163.6,29.32,45.26,2135965.79,Eco Packaging Sheets,High,UltraTech EcoBuild,Medium,Low Recovery Potential,88.43,13.7,2025-11-08
SEC-312-2,Surat EcoTex Dyeing Pvt Ltd,Surat,Gujarat,Textile Dyeing & Processing,Chemical Effluent,Mixed,2069.63,7.89,1231.92,584.35,8478.11,224.97,8364.72,28.42,46.4,32.42,Oil Residue,64.82,71.4,67.45,61.03,6.36,82.42,33.26,43.94,5.5,24.72,6.98,718047.45,Thermal Insulation Boards,Medium,EcoPack India,Low,Needs Advanced Treatment,65.68,17.5,2025-11-08
SEC-312-3,Surat EcoTex Dyeing Pvt Ltd,Surat,Gujarat,Textile Dyeing & Processing,Fabric Fiber Residue,Chemical,8348.03,8.38,1336.19,385.39,8963.0,206.54,1300.9,435.74,59.84,32.95,Low Contamination,53.34,48.9,91.45,60.72,1.68,79.84,19.74,50.68,378.6,83.83,16.1,2384436.02,Eco Packaging Sheets,Emerging,JSW Green Materials,High,Needs Advanced Treatment,40.34,28.1,2025-11-08
SEC-312-4,Surat EcoTex Dyeing Pvt Ltd,Surat,Gujarat,Textile Dyeing & Processing,Printing Dye Sludge,Textile,4892.05,7.09,1330.39,324.32,4732.28,94.9,8055.06,447.88,56.68,51.42,Color Pigments,68.08,68.99,74.55,47.06,5.71,52.0,26.15,88.9,29.88,24.34,46.91,806706.01,Acoustic Insulation Panels,Emerging,Reliance Circular Ventures,High,Moderately Recoverable,41.81,17.7,2025-11-08
SEC-312-5,Surat EcoTex Dyeing Pvt Ltd,Surat,Gujarat,Textile Dyeing & Processing,Fabric Fiber Residue,Polymer,8362.82,8.07,1025.16,101.61,2581.18,118.66,5500.65,260.43,5.77,50.65,Color Pigments,77.75,68.49,51.37,38.2,2.44,56.32,10.9,47.34,183.09,70.82,39.9,1334410.68,Eco Bricks,High,EcoPack India,Low,Moderately Recoverable,86.0,17.8,2025-11-08
SEC-313-1,Surat EcoTex Dyeing Pvt Ltd,Surat,Gujarat,Textile Dyeing & Processing,Chemical Effluent,Polymer,5746.86,5.33,964.52,333.67,8219.66,75.26,3102.24,149.76,45.28,41.41,Heavy Metals,52.63,46.06,82.15,64.34,8.38,65.21,38.85,44.6,281.82,88.44,42.43,2834660.32,Acoustic Insulation Panels,Emerging,JSW Green Materials,High,Low Recovery Potential,53.63,18.4,2025-11-09
SEC-313-2,Surat EcoTex Dyeing Pvt Ltd,Surat,Gujarat,Textile Dyeing & Processing,Textile Dye Waste,Textile,7878.1,6.84,471.04,636.55,7665.34,478.8,5853.6,237.86,45.4,52.54,Color Pigments,95.62,92.04,56.81,55.97,3.58,85.45,47.57,78.84,421.41,36.84,42.67,4492559.69,Eco Packaging Sheets,Emerging,UltraTech EcoBuild,Low,Highly Recoverable,76.93,13.8,2025-11-09
SEC-313-3,Surat EcoTex Dyeing Pvt Ltd,Surat,Gujarat,Textile Dyeing & Processing,Chemical Effluent,Mixed,6455.72,5.57,334.36,607.48,5753.77,631.93,4061.98,274.61,2.4,36.36,Color Pigments,63.53,52.83,72.28,16.39,7.25,52.04,66.08,59.85,156.39,30.19,56.31,301371.25,Thermal Insulation Boards,Medium,EcoPack India,Medium,Moderately Recoverable,38.58,5.6,2025-11-09
SEC-313-4,Surat EcoTex Dyeing Pvt Ltd,Surat,Gujarat,Textile Dyeing & Processing,Printing Dye Sludge,Chemical,12399.46,7.78,467.59,373.44,1077.78,100.13,3102.87,175.21,37.54,31.09,Heavy Metals,92.48,97.89,71.51,17.39,5.33,92.97,11.32,66.81,260.79,20.24,31.19,4247515.13,Acoustic Insulation Panels,Medium,EcoPack India,Low,Moderately Recoverable,65.93,21.6,2025-11-09
SEC-314-1,Surat EcoTex Dyeing Pvt Ltd,Surat,Gujarat,Textile Dyeing & Processing,Fabric Fiber Residue,Polymer,6927.19,6.65,288.54,289.98,3455.66,582.72,4104.69,282.06,48.61,30.71,Low Contamination,67.11,60.28,31.39,37.21,9.62,94.02,56.13,97.74,90.55,91.98,6.09,3788131.41,Eco Bricks,Medium,UltraTech EcoBuild,Low,Needs Advanced Treatment,68.51,25.4,2025-11-10
SEC-314-2,Surat EcoTex Dyeing Pvt Ltd,Surat,Gujarat,Textile Dyeing & Processing,Sludge,Chemical,8917.74,5.52,301.81,366.82,7707.51,443.51,2855.86,168.55,54.95,47.85,Oil Residue,55.36,61.12,76.67,45.75,6.2,87.72,45.67,67.79,277.96,67.09,33.58,657688.41,Compressed Construction Blocks,Very High,UltraTech EcoBuild,Low,Needs Advanced Treatment,90.16,8.4,2025-11-10
SEC-314-3,Surat EcoTex Dyeing Pvt Ltd,Surat,Gujarat,Textile Dyeing & Processing,Printing Dye Sludge,Textile,2196.01,7.24,531.73,464.62,6467.9,633.2,5454.65,125.31,38.34,53.66,Organic Contaminants,90.28,100.85,29.65,36.9,7.21,68.5,39.9,58.11,433.99,56.65,27.94,3120080.28,Acoustic Insulation Panels,Emerging,JSW Green Materials,High,Highly Recoverable,47.4,20.1,2025-11-10
SEC-315-1,Surat EcoTex Dyeing Pvt Ltd,Surat,Gujarat,Textile Dyeing & Processing,Sludge,Textile,5703.94,7.07,1295.3,180.71,5446.19,605.82,6232.04,208.68,64.8,41.13,Chromium,75.93,61.61,65.27,35.43,3.54,55.3,50.94,73.13,127.09,53.74,26.56,2461740.3,Eco Packaging Sheets,Emerging,GreenBuild Gujarat,Low,Needs Advanced Treatment,80.3,13.7,2025-11-11
SEC-315-2,Surat EcoTex Dyeing Pvt Ltd,Surat,Gujarat,Textile Dyeing & Processing,Printing Dye Sludge,Textile,9329.54,8.47,120.58,256.54,6314.46,373.02,435.4,159.61,12.94,33.48,Chromium,59.25,50.51,69.39,51.26,1.49,65.29,12.1,41.1,410.59,82.77,55.7,3457039.55,Compressed Construction Blocks,Medium,Reliance Circular Ventures,Low,Needs Advanced Treatment,68.02,8.3,2025-11-11
SEC-315-3,Surat EcoTex Dyeing Pvt Ltd,Surat,Gujarat,Textile Dyeing & Processing,Printing Dye Sludge,Textile,5449.33,6.15,1231.76,650.22,6243.35,210.33,5313.49,21.3,5.05,33.58,Chromium,94.06,104.05,42.87,63.03,7.68,46.91,37.95,90.41,247.47,68.68,51.42,275461.5,Eco Packaging Sheets,High,EcoPack India,Low,Highly Recoverable,42.61,11.3,2025-11-11
SEC-316-1,Surat EcoTex Dyeing Pvt Ltd,Surat,Gujarat,Textile Dyeing & Processing,Printing Dye Sludge,Textile,12682.12,6.0,1367.46,68.0,2959.0,362.2,763.95,302.76,15.56,55.56,Organic Contaminants,86.23,96.35,46.36,38.84,4.61,87.05,10.95,48.55,320.79,70.96,36.21,2392568.91,Acoustic Insulation Panels,Very High,UltraTech EcoBuild,Medium,Needs Advanced Treatment,87.6,15.2,2025-11-12
SEC-316-2,Surat EcoTex Dyeing Pvt Ltd,Surat,Gujarat,Textile Dyeing & Processing,Sludge,Mixed,3678.55,8.15,963.38,221.0,3797.99,54.51,6581.56,330.21,52.4,29.77,Color Pigments,59.82,53.87,59.14,54.66,7.7,53.43,42.96,87.29,256.69,16.35,38.06,3948263.5,Acoustic Insulation Panels,Medium,UltraTech EcoBuild,Low,Moderately Recoverable,94.73,11.9,2025-11-12
SEC-316-3,Surat EcoTex Dyeing Pvt Ltd,Surat,Gujarat,Textile Dyeing & Processing,Sludge,Textile,4303.35,6.57,465.62,36.4,1873.95,129.84,6752.58,352.62,58.63,33.56,Color Pigments,85.3,84.46,32.35,26.55,8.32,46.42,58.6,65.58,317.66,83.9,25.01,178085.11,Compressed Construction Blocks,High,JSW Green Materials,High,Needs Advanced Treatment,89.41,18.6,2025-11-12
SEC-316-4,Surat EcoTex Dyeing Pvt Ltd,Surat,Gujarat,Textile Dyeing & Processing,Printing Dye Sludge,Chemical,14220.23,5.46,767.93,618.01,976.17,299.49,8007.33,66.36,64.04,33.18,Color Pigments,87.97,87.93,37.62,18.98,6.85,47.01,30.1,68.69,15.75,21.41,34.11,1229523.36,Industrial Pigments,High,JSW Green Materials,High,Low Recovery Potential,94.39,19.4,2025-11-12
SEC-317-1,Surat EcoTex Dyeing Pvt Ltd,Surat,Gujarat,Textile Dyeing & Processing,Fabric Fiber Residue,Textile,12127.87,7.96,1181.36,86.88,3168.57,387.92,3989.27,337.17,13.75,27.29,Heavy Metals,76.66,61.4,66.81,41.22,2.89,60.51,45.93,39.2,398.99,95.77,44.0,1663234.24,Acoustic Insulation Panels,Very High,Reliance Circular Ventures,High,Low Recovery Potential,85.93,16.4,2025-11-13
SEC-317-2,Surat EcoTex Dyeing Pvt Ltd,Surat,Gujarat,Textile Dyeing & Processing,Textile Dye Waste,Textile,5834.19,8.17,1287.47,237.2,3732.86,277.09,8153.18,289.71,52.22,42.94,Organic Contaminants,87.84,95.98,47.93,16.06,5.03,70.38,25.75,70.45,447.09,54.12,58.82,732088.79,Eco Bricks,Very High,GreenBuild Gujarat,Medium,Low Recovery Potential,70.74,10.9,2025-11-13
SEC-318-1,Surat EcoTex Dyeing Pvt Ltd,Surat,Gujarat,Textile Dyeing & Processing,Chemical Effluent,Textile,879.38,7.77,673.16,36.95,2616.92,264.26,7612.86,579.55,39.5,38.56,Heavy Metals,69.02,77.07,34.34,60.79,6.91,80.37,48.96,53.48,107.31,95.74,26.84,3778934.81,Compressed Construction Blocks,High,UltraTech EcoBuild,Medium,Highly Recoverable,71.97,21.1,2025-11-14
SEC-318-2,Surat EcoTex Dyeing Pvt Ltd,Surat,Gujarat,Textile Dyeing & Processing,Chemical Effluent,Chemical,1238.91,8.3,579.25,365.4,3147.81,80.99,5275.63,293.08,37.88,51.86,Oil Residue,56.08,46.08,75.23,31.2,7.87,57.71,77.52,48.3,442.9,40.31,43.36,4337943.92,Eco Packaging Sheets,Medium,EcoPack India,Low,Low Recovery Potential,87.29,28.8,2025-11-14
SEC-318-3,Surat EcoTex Dyeing Pvt Ltd,Surat,Gujarat,Textile Dyeing & Processing,Fabric Fiber Residue,Mixed,12843.93,6.36,795.85,606.37,1323.88,648.05,4819.74,17.58,63.26,27.02,Color Pigments,70.8,58.34,81.21,15.18,1.68,52.57,47.62,76.6,51.41,93.97,19.64,552392.83,Eco Packaging Sheets,Very High,UltraTech EcoBuild,High,Moderately Recoverable,55.63,6.8,2025-11-14
SEC-318-4,Surat EcoTex Dyeing Pvt Ltd,Surat,Gujarat,Textile Dyeing & Processing,Chemical Effluent,Textile,7802.89,7.42,141.1,488.99,6401.44,399.85,7343.41,41.72,38.64,36.6,Low Contamination,91.56,83.45,62.04,17.83,3.56,68.73,22.34,57.21,34.77,59.34,13.12,3025949.11,Industrial Pigments,Medium,Reliance Circular Ventures,Medium,Highly Recoverable,54.05,19.0,2025-11-14
SEC-318-5,Surat EcoTex Dyeing Pvt Ltd,Surat,Gujarat,Textile Dyeing & Processing,Chemical Effluent,Textile,12466.38,8.4,1198.27,535.73,3775.94,645.12,3978.82,320.31,41.1,33.16,Organic Contaminants,54.42,54.22,94.81,40.12,4.35,45.54,71.39,37.55,323.03,18.49,9.32,1539345.54,Thermal Insulation Boards,High,JSW Green Materials,Low,Low Recovery Potential,45.65,27.2,2025-11-14
SEC-319-1,Surat EcoTex Dyeing Pvt Ltd,Surat,Gujarat,Textile Dyeing & Processing,Fabric Fiber Residue,Chemical,13544.31,7.91,223.64,424.99,3612.12,254.07,7694.29,500.96,40.48,44.12,Organic Contaminants,60.82,64.85,58.71,37.59,2.55,50.55,20.11,48.28,334.67,74.32,42.27,4027513.11,Eco Bricks,Emerging,GreenBuild Gujarat,Low,Needs Advanced Treatment,90.02,19.9,2025-11-15
SEC-319-2,Surat EcoTex Dyeing Pvt Ltd,Surat,Gujarat,Textile Dyeing & Processing,Textile Dye Waste,Chemical,8325.5,7.35,863.63,566.63,2119.51,153.17,3982.54,299.79,8.94,57.61,Oil Residue,92.75,88.06,33.19,35.88,5.7,57.49,75.65,63.69,34.17,95.3,37.98,2744836.9,Thermal Insulation Boards,Very High,Reliance Circular Ventures,Low,Moderately Recoverable,60.47,7.8,2025-11-15
SEC-319-3,Surat EcoTex Dyeing Pvt Ltd,Surat,Gujarat,Textile Dyeing & Processing,Fabric Fiber Residue,Polymer,14847.13,8.43,1028.43,390.85,5191.63,613.0,1354.36,259.88,53.07,40.38,Organic Contaminants,65.11,55.06,55.5,44.31,5.41,50.75,44.91,53.38,347.89,48.29,57.67,2635018.16,Thermal Insulation Boards,High,GreenBuild Gujarat,Medium,Low Recovery Potential,83.26,27.1,2025-11-15
SEC-319-4,Surat EcoTex Dyeing Pvt Ltd,Surat,Gujarat,Textile Dyeing & Processing,Fabric Fiber Residue,Mixed,14036.79,7.83,705.3,229.83,6674.88,639.41,5852.19,93.13,5.67,44.46,Organic Contaminants,86.13,94.81,37.04,18.43,8.64,52.22,66.31,33.86,379.34,57.18,50.84,1470552.49,Eco Packaging Sheets,Medium,UltraTech EcoBuild,Low,Needs Advanced Treatment,72.2,25.5,2025-11-15
SEC-320-1,Surat EcoTex Dyeing Pvt Ltd,Surat,Gujarat,Textile Dyeing & Processing,Chemical Effluent,Chemical,6650.8,7.3,1297.48,617.29,468.69,518.71,4441.65,73.97,51.55,42.78,Color Pigments,93.8,80.45,36.94,28.5,9.67,61.26,31.33,81.46,179.09,66.49,27.16,478601.32,Compressed Construction Blocks,High,EcoPack India,Low,Highly Recoverable,51.66,26.5,2025-11-16
SEC-320-2,Surat EcoTex Dyeing Pvt Ltd,Surat,Gujarat,Textile Dyeing & Processing,Textile Dye Waste,Mixed,13832.99,6.48,1111.6,449.45,3428.79,536.72,463.8,575.75,34.2,34.79,Low Contamination,69.93,63.54,87.01,61.37,5.43,51.05,51.9,60.27,239.58,94.28,12.14,1914842.37,Thermal Insulation Boards,Medium,UltraTech EcoBuild,High,Highly Recoverable,51.05,15.6,2025-11-16
SEC-320-3,Surat EcoTex Dyeing Pvt Ltd,Surat,Gujarat,Textile Dyeing & Processing,Chemical Effluent,Mixed,8416.34,7.82,911.01,346.07,8378.81,351.68,3353.35,26.72,25.59,34.39,Chromium,64.32,71.34,35.21,59.22,6.28,91.32,73.23,43.81,209.64,45.01,55.48,1654693.48,Thermal Insulation Boards,High,UltraTech EcoBuild,High,Low Recovery Potential,58.7,13.5,2025-11-16
SEC-320-4,Surat EcoTex Dyeing Pvt Ltd,Surat,Gujarat,Textile Dyeing & Processing,Sludge,Polymer,8425.92,5.96,140.9,92.37,2413.01,336.72,1052.14,203.65,34.84,57.7,Color Pigments,60.94,56.59,87.22,36.47,2.31,78.47,62.42,94.85,412.73,17.94,24.96,1117823.43,Eco Bricks,Very High,EcoPack India,High,Moderately Recoverable,42.84,18.2,2025-11-16
SEC-320-5,Surat EcoTex Dyeing Pvt Ltd,Surat,Gujarat,Textile Dyeing & Processing,Chemical Effluent,Chemical,2949.11,5.23,821.06,413.58,6817.29,273.06,1386.01,164.1,27.35,37.79,Oil Residue,40.17,36.59,84.84,18.0,6.64,84.58,63.78,52.46,237.39,59.44,12.44,798064.81,Industrial Pigments,High,GreenBuild Gujarat,High,Moderately Recoverable,89.34,15.3,2025-11-16
SEC-321-1,Surat EcoTex Dyeing Pvt Ltd,Surat,Gujarat,Textile Dyeing & Processing,Fabric Fiber Residue,Polymer,12280.79,6.19,521.06,577.48,6850.24,355.49,7900.01,170.74,12.59,26.5,Chromium,42.76,43.47,49.43,52.96,8.89,75.98,41.76,42.27,237.03,83.3,64.9,994283.73,Compressed Construction Blocks,Very High,UltraTech EcoBuild,Low,Low Recovery Potential,47.27,6.0,2025-11-17
SEC-321-2,Surat EcoTex Dyeing Pvt Ltd,Surat,Gujarat,Textile Dyeing & Processing,Printing Dye Sludge,Textile,11869.89,6.24,1014.54,411.67,5444.06,34.02,5567.98,43.92,49.41,31.12,Color Pigments,55.82,60.31,39.16,47.06,7.3,92.33,66.95,36.06,399.36,68.62,28.61,405898.0,Acoustic Insulation Panels,Medium,GreenBuild Gujarat,High,Low Recovery Potential,47.79,16.5,2025-11-17
SEC-321-3,Surat EcoTex Dyeing Pvt Ltd,Surat,Gujarat,Textile Dyeing & Processing,Printing Dye Sludge,Polymer,11362.27,7.3,234.9,315.13,6281.57,615.83,1316.41,155.33,43.78,42.46,Color Pigments,53.68,55.95,62.02,27.24,6.22,93.13,61.08,93.03,385.41,51.58,18.56,1171887.41,Compressed Construction Blocks,Very High,GreenBuild Gujarat,Medium,Needs Advanced Treatment,41.67,14.8,2025-11-17
SEC-321-4,Surat EcoTex Dyeing Pvt Ltd,Surat,Gujarat,Textile Dyeing & Processing,Printing Dye Sludge,Mixed,9376.13,5.72,160.47,290.38,1962.7,169.32,5120.32,373.85,14.95,42.23,Organic Contaminants,58.55,57.34,89.33,28.35,8.99,65.48,64.92,47.66,370.11,30.57,38.46,2878536.58,Eco Bricks,Very High,Reliance Circular Ventures,Medium,Moderately Recoverable,70.59,11.8,2025-11-17
SEC-322-1,Surat EcoTex Dyeing Pvt Ltd,Surat,Gujarat,Textile Dyeing & Processing,Printing Dye Sludge,Textile,7824.37,8.06,1017.36,194.61,2828.43,118.49,7123.15,10.12,16.57,33.78,Organic Contaminants,83.15,73.19,42.87,20.46,6.83,58.12,76.32,75.29,257.07,92.47,45.5,903117.83,Eco Bricks,High,Reliance Circular Ventures,Low,Highly Recoverable,55.75,19.2,2025-11-18
SEC-322-2,Surat EcoTex Dyeing Pvt Ltd,Surat,Gujarat,Textile Dyeing & Processing,Chemical Effluent,Chemical,10565.84,7.42,861.51,550.36,6473.19,386.44,8119.64,118.52,55.76,45.73,Color Pigments,91.4,73.54,56.83,35.31,2.85,96.6,15.43,49.11,157.62,21.37,20.99,2802053.81,Acoustic Insulation Panels,Emerging,GreenBuild Gujarat,Low,Moderately Recoverable,57.6,15.7,2025-11-18
SEC-323-1,Surat EcoTex Dyeing Pvt Ltd,Surat,Gujarat,Textile Dyeing & Processing,Chemical Effluent,Chemical,2436.41,6.7,1275.03,373.93,7064.23,459.09,5688.81,582.78,53.99,26.57,Chromium,64.74,61.47,83.77,20.5,2.9,80.13,52.24,96.29,314.7,60.69,42.73,3291741.16,Thermal Insulation Boards,High,GreenBuild Gujarat,Medium,Needs Advanced Treatment,37.55,5.8,2025-11-19
SEC-323-2,Surat EcoTex Dyeing Pvt Ltd,Surat,Gujarat,Textile Dyeing & Processing,Fabric Fiber Residue,Polymer,11871.48,7.21,523.38,361.61,3805.2,634.83,1412.97,481.45,54.07,53.79,Chromium,56.09,46.19,84.95,21.47,3.1,66.71,46.94,66.72,226.43,56.01,11.56,3811223.22,Industrial Pigments,High,JSW Green Materials,High,Highly Recoverable,74.4,16.9,2025-11-19
SEC-323-3,Surat EcoTex Dyeing Pvt Ltd,Surat,Gujarat,Textile Dyeing & Processing,Printing Dye Sludge,Polymer,7260.67,7.32,1237.74,612.06,2326.61,467.78,4441.41,229.58,6.89,44.3,Low Contamination,48.21,47.95,58.04,35.88,3.72,70.87,55.37,57.63,388.73,90.29,59.97,4301021.18,Eco Packaging Sheets,Medium,Reliance Circular Ventures,High,Moderately Recoverable,62.84,4.7,2025-11-19
SEC-323-4,Surat EcoTex Dyeing Pvt Ltd,Surat,Gujarat,Textile Dyeing & Processing,Textile Dye Waste,Textile,4447.53,7.66,185.29,306.01,7949.91,504.15,809.89,493.95,68.02,38.27,Heavy Metals,87.33,94.03,89.93,28.44,7.18,58.39,22.98,77.04,244.27,18.4,28.53,3260626.88,Industrial Pigments,Emerging,GreenBuild Gujarat,Medium,Moderately Recoverable,44.15,23.6,2025-11-19
SEC-323-5,Surat EcoTex Dyeing Pvt Ltd,Surat,Gujarat,Textile Dyeing & Processing,Sludge,Chemical,1694.71,8.14,788.71,56.31,2518.6,69.05,4482.97,201.91,8.38,40.13,Chromium,48.13,46.1,77.56,16.75,9.98,79.17,44.56,70.5,6.21,91.74,44.24,1206179.13,Eco Bricks,Medium,GreenBuild Gujarat,Medium,Low Recovery Potential,83.01,25.7,2025-11-19
SEC-324-1,Surat EcoTex Dyeing Pvt Ltd,Surat,Gujarat,Textile Dyeing & Processing,Chemical Effluent,Mixed,2937.74,6.75,650.56,313.48,3412.03,549.78,7933.63,487.05,59.06,41.94,Organic Contaminants,68.09,66.74,48.46,60.65,4.16,90.39,15.42,92.87,312.37,90.77,30.57,2661945.91,Thermal Insulation Boards,High,JSW Green Materials,High,Needs Advanced Treatment,51.45,16.3,2025-11-20
SEC-324-2,Surat EcoTex Dyeing Pvt Ltd,Surat,Gujarat,Textile Dyeing & Processing,Printing Dye Sludge,Chemical,12151.49,8.62,526.63,482.18,8679.08,104.82,2441.03,310.59,61.33,35.42,Oil Residue,42.13,46.32,71.23,45.77,5.94,91.42,11.17,76.95,199.22,89.88,32.24,2723633.89,Thermal Insulation Boards,High,JSW Green Materials,Low,Moderately Recoverable,57.32,4.8,2025-11-20
SEC-325-1,Surat EcoTex Dyeing Pvt Ltd,Surat,Gujarat,Textile Dyeing & Processing,Fabric Fiber Residue,Polymer,11085.25,5.21,781.33,329.13,5863.5,357.56,7949.89,358.87,44.78,34.81,Color Pigments,83.67,76.34,85.08,57.2,3.84,65.05,45.45,94.05,199.66,73.79,45.63,1640445.86,Eco Packaging Sheets,Very High,UltraTech EcoBuild,High,Highly Recoverable,76.36,23.8,2025-11-21
SEC-325-2,Surat EcoTex Dyeing Pvt Ltd,Surat,Gujarat,Textile Dyeing & Processing,Fabric Fiber Residue,Textile,14774.25,5.75,1069.21,437.27,4503.29,24.79,6530.37,122.76,12.59,30.83,Chromium,91.93,90.04,43.0,58.7,7.56,89.99,55.9,58.2,360.42,84.48,29.67,3722838.54,Acoustic Insulation Panels,High,JSW Green Materials,High,Needs Advanced Treatment,36.83,23.0,2025-11-21
SEC-325-3,Surat EcoTex Dyeing Pvt Ltd,Surat,Gujarat,Textile Dyeing & Processing,Fabric Fiber Residue,Mixed,1128.7,6.0,851.79,685.52,3638.86,390.66,3820.89,517.53,40.91,46.17,Heavy Metals,46.12,47.7,49.38,54.29,7.89,54.54,67.88,85.5,185.28,17.68,43.43,1005424.93,Eco Bricks,Medium,UltraTech EcoBuild,Low,Highly Recoverable,91.92,13.3,2025-11-21
SEC-325-4,Surat EcoTex Dyeing Pvt Ltd,Surat,Gujarat,Textile Dyeing & Processing,Textile Dye Waste,Polymer,1761.75,6.76,301.83,110.9,2307.22,297.95,5151.94,573.61,52.45,42.29,Chromium,49.2,51.4,47.27,48.5,7.56,93.63,65.33,59.33,372.66,56.38,21.55,125435.92,Acoustic Insulation Panels,Very High,GreenBuild Gujarat,Low,Needs Advanced Treatment,45.07,5.1,2025-11-21
SEC-325-5,Surat EcoTex Dyeing Pvt Ltd,Surat,Gujarat,Textile Dyeing & Processing,Chemical Effluent,Textile,8510.76,5.93,190.21,519.39,7796.42,225.27,1485.24,538.49,28.7,39.91,Chromium,44.36,46.91,42.57,16.0,1.72,76.71,71.32,70.58,444.02,43.03,27.45,132063.33,Thermal Insulation Boards,Medium,EcoPack India,High,Moderately Recoverable,71.75,25.9,2025-11-21
SEC-326-1,Surat EcoTex Dyeing Pvt Ltd,Surat,Gujarat,Textile Dyeing & Processing,Printing Dye Sludge,Mixed,7805.95,8.22,1047.04,114.57,4700.7,114.07,7111.93,593.35,60.22,31.25,Chromium,71.76,74.03,68.25,22.69,9.87,84.24,21.44,83.95,74.86,89.32,12.87,4220853.53,Compressed Construction Blocks,High,Reliance Circular Ventures,Low,Needs Advanced Treatment,76.74,6.7,2025-11-22
SEC-326-2,Surat EcoTex Dyeing Pvt Ltd,Surat,Gujarat,Textile Dyeing & Processing,Fabric Fiber Residue,Textile,1162.68,6.36,576.99,190.45,3337.31,369.65,4918.99,215.31,69.93,39.65,Low Contamination,68.31,67.88,83.47,56.06,2.51,52.37,12.8,78.42,293.26,16.61,28.69,157041.76,Eco Bricks,Very High,GreenBuild Gujarat,High,Moderately Recoverable,40.13,7.9,2025-11-22
SEC-326-3,Surat EcoTex Dyeing Pvt Ltd,Surat,Gujarat,Textile Dyeing & Processing,Fabric Fiber Residue,Chemical,5029.1,7.28,1038.59,214.38,6637.76,277.45,1463.16,496.73,2.9,43.54,Oil Residue,46.81,38.15,53.41,34.5,6.65,61.89,25.42,92.88,338.21,29.33,22.2,1390736.18,Compressed Construction Blocks,Medium,EcoPack India,Medium,Moderately Recoverable,91.07,19.1,2025-11-22
SEC-327-1,Surat EcoTex Dyeing Pvt Ltd,Surat,Gujarat,Textile Dyeing & Processing,Sludge,Chemical,11499.67,7.11,784.78,177.43,5375.05,294.93,4296.9,332.55,22.53,45.87,Color Pigments,89.67,86.92,85.69,12.01,7.32,87.84,41.53,96.11,278.49,20.34,55.73,1584189.32,Eco Packaging Sheets,Emerging,GreenBuild Gujarat,Low,Needs Advanced Treatment,63.34,12.2,2025-11-23
SEC-327-2,Surat EcoTex Dyeing Pvt Ltd,Surat,Gujarat,Textile Dyeing & Processing,Chemical Effluent,Mixed,1773.36,5.82,345.32,487.15,630.59,290.93,4614.96,288.56,26.69,48.11,Organic Contaminants,72.21,80.79,33.79,15.01,8.83,52.89,38.24,81.65,365.58,83.19,13.03,1380886.92,Compressed Construction Blocks,Very High,Reliance Circular Ventures,High,Needs Advanced Treatment,80.76,19.9,2025-11-23
SEC-327-3,Surat EcoTex Dyeing Pvt Ltd,Surat,Gujarat,Textile Dyeing & Processing,Printing Dye Sludge,Polymer,13250.3,7.01,813.28,353.36,653.06,124.96,583.04,587.81,51.98,43.01,Oil Residue,93.93,98.38,50.94,27.08,4.01,84.23,46.84,75.13,177.1,20.54,12.34,1635789.36,Eco Packaging Sheets,High,JSW Green Materials,Medium,Highly Recoverable,54.61,28.6,2025-11-23
SEC-328-1,Surat EcoTex Dyeing Pvt Ltd,Surat,Gujarat,Textile Dyeing & Processing,Textile Dye Waste,Mixed,944.6,5.64,1161.25,359.7,3787.43,408.84,4174.67,412.44,22.96,55.33,Chromium,66.62,57.28,57.36,46.87,7.01,92.01,38.02,54.87,49.27,79.72,18.73,1359236.2,Eco Packaging Sheets,Emerging,Reliance Circular Ventures,High,Highly Recoverable,52.14,17.0,2025-11-24
SEC-328-2,Surat EcoTex Dyeing Pvt Ltd,Surat,Gujarat,Textile Dyeing & Processing,Fabric Fiber Residue,Textile,12779.02,8.17,932.09,66.4,7567.08,394.09,3219.51,101.48,14.14,42.65,Oil Residue,87.07,80.17,91.33,28.16,8.04,96.74,63.03,88.29,334.76,85.02,41.09,646002.18,Acoustic Insulation Panels,Medium,JSW Green Materials,Medium,Low Recovery Potential,80.67,16.6,2025-11-24
SEC-328-3,Surat EcoTex Dyeing Pvt Ltd,Surat,Gujarat,Textile Dyeing & Processing,Sludge,Polymer,13284.12,6.12,720.86,411.85,3076.02,53.74,6303.38,405.58,65.91,38.39,Low Contamination,65.58,63.22,30.62,12.19,6.76,84.67,41.57,30.81,201.23,15.62,18.11,2862342.75,Thermal Insulation Boards,High,JSW Green Materials,High,Moderately Recoverable,62.91,15.6,2025-11-24
SEC-329-1,Surat EcoTex Dyeing Pvt Ltd,Surat,Gujarat,Textile Dyeing & Processing,Chemical Effluent,Polymer,3001.02,7.52,962.23,609.32,3996.81,344.5,4674.19,152.85,12.69,51.45,Oil Residue,69.38,61.74,31.05,19.53,3.18,90.27,43.34,63.48,409.65,37.3,18.95,2425806.63,Thermal Insulation Boards,Emerging,Reliance Circular Ventures,Low,Moderately Recoverable,38.8,15.0,2025-11-25
SEC-329-2,Surat EcoTex Dyeing Pvt Ltd,Surat,Gujarat,Textile Dyeing & Processing,Sludge,Textile,9114.89,7.39,983.33,322.08,1781.71,468.14,5998.67,389.61,26.71,56.53,Color Pigments,59.55,52.91,86.83,17.49,3.5,54.64,49.89,89.58,140.34,92.98,53.5,227520.35,Eco Packaging Sheets,High,JSW Green Materials,Medium,Highly Recoverable,65.13,9.2,2025-11-25
SEC-329-3,Surat EcoTex Dyeing Pvt Ltd,Surat,Gujarat,Textile Dyeing & Processing,Textile Dye Waste,Textile,14138.56,8.6,821.55,571.69,5332.24,440.01,333.24,90.76,22.91,38.88,Color Pigments,97.89,99.41,64.46,46.8,8.7,75.08,68.36,31.22,423.84,41.35,59.76,1561853.84,Industrial Pigments,Emerging,UltraTech EcoBuild,High,Highly Recoverable,81.24,11.4,2025-11-25
SEC-329-4,Surat EcoTex Dyeing Pvt Ltd,Surat,Gujarat,Textile Dyeing & Processing,Chemical Effluent,Mixed,6503.22,7.62,793.49,410.06,8086.63,213.4,5655.28,580.83,59.26,36.89,Oil Residue,84.65,90.92,91.2,14.12,1.01,72.83,24.34,36.12,276.85,21.15,57.42,1692812.09,Thermal Insulation Boards,Medium,Reliance Circular Ventures,Medium,Highly Recoverable,56.81,28.7,2025-11-25
SEC-330-1,Surat EcoTex Dyeing Pvt Ltd,Surat,Gujarat,Textile Dyeing & Processing,Chemical Effluent,Polymer,3611.19,8.28,1026.93,451.38,7825.8,396.61,3741.63,413.4,69.6,38.27,Chromium,71.08,74.12,26.94,10.06,1.34,63.36,32.49,81.45,266.3,20.24,43.03,2647070.9,Thermal Insulation Boards,Emerging,GreenBuild Gujarat,High,Moderately Recoverable,77.92,20.3,2025-11-26
SEC-330-2,Surat EcoTex Dyeing Pvt Ltd,Surat,Gujarat,Textile Dyeing & Processing,Printing Dye Sludge,Polymer,8518.54,7.58,1296.36,152.83,7545.27,163.99,5773.91,75.1,65.38,32.23,Heavy Metals,73.44,76.65,38.57,11.63,4.69,71.73,71.22,95.91,211.19,53.85,23.55,2544103.75,Thermal Insulation Boards,Very High,UltraTech EcoBuild,Medium,Needs Advanced Treatment,91.27,6.1,2025-11-26
SEC-330-3,Surat EcoTex Dyeing Pvt Ltd,Surat,Gujarat,Textile Dyeing & Processing,Textile Dye Waste,Chemical,3341.96,8.14,128.18,103.24,2373.44,641.47,7261.66,280.43,10.21,24.82,Oil Residue,42.79,44.6,81.92,49.45,4.5,59.82,70.47,90.51,375.03,71.37,33.07,1298690.59,Compressed Construction Blocks,Medium,GreenBuild Gujarat,Low,Moderately Recoverable,61.28,27.6,2025-11-26
SEC-330-4,Surat EcoTex Dyeing Pvt Ltd,Surat,Gujarat,Textile Dyeing & Processing,Chemical Effluent,Polymer,10136.05,8.28,158.36,369.43,5714.55,366.54,6083.26,591.55,2.38,34.57,Oil Residue,45.7,36.72,90.97,26.36,6.65,86.02,70.67,67.61,142.54,20.68,53.51,744888.98,Compressed Construction Blocks,Medium,JSW Green Materials,Medium,Low Recovery Potential,65.56,14.4,2025-11-26
SEC-331-1,Surat EcoTex Dyeing Pvt Ltd,Surat,Gujarat,Textile Dyeing & Processing,Textile Dye Waste,Polymer,10556.12,7.45,1361.79,518.99,1690.93,189.19,5215.04,193.81,13.82,38.12,Low Contamination,66.31,53.82,61.17,54.49,1.48,67.82,51.92,41.25,213.82,89.77,13.59,2901405.23,Industrial Pigments,High,UltraTech EcoBuild,Medium,Moderately Recoverable,52.42,27.6,2025-11-27
SEC-331-2,Surat EcoTex Dyeing Pvt Ltd,Surat,Gujarat,Textile Dyeing & Processing,Printing Dye Sludge,Mixed,1986.13,5.91,765.24,83.17,4057.93,38.35,2458.6,239.92,65.37,43.11,Heavy Metals,52.39,42.71,40.81,43.72,4.63,81.69,18.9,96.0,220.32,34.92,39.71,1969307.63,Compressed Construction Blocks,Very High,JSW Green Materials,Low,Moderately Recoverable,47.95,25.5,2025-11-27
SEC-331-3,Surat EcoTex Dyeing Pvt Ltd,Surat,Gujarat,Textile Dyeing & Processing,Textile Dye Waste,Mixed,14795.95,6.4,1088.9,402.9,6122.59,201.69,3501.33,433.54,30.87,41.27,Low Contamination,94.12,100.1,43.68,19.18,6.05,64.58,15.24,52.05,16.95,95.43,43.16,3152401.5,Compressed Construction Blocks,Medium,Reliance Circular Ventures,High,Needs Advanced Treatment,69.85,8.3,2025-11-27
SEC-331-4,Surat EcoTex Dyeing Pvt Ltd,Surat,Gujarat,Textile Dyeing & Processing,Textile Dye Waste,Mixed,11289.0,6.17,558.69,379.2,8099.09,585.9,2456.39,362.54,3.23,32.41,Heavy Metals,56.27,46.43,43.75,53.33,8.17,62.7,10.89,51.25,259.69,61.38,33.47,3766483.33,Compressed Construction Blocks,Medium,EcoPack India,High,Needs Advanced Treatment,74.07,16.9,2025-11-27
SEC-331-5,Surat EcoTex Dyeing Pvt Ltd,Surat,Gujarat,Textile Dyeing & Processing,Printing Dye Sludge,Textile,1372.5,5.62,261.24,235.69,686.36,365.12,6267.93,211.14,23.84,47.58,Low Contamination,55.99,46.26,43.66,22.03,3.16,83.14,28.15,92.45,340.64,86.68,36.97,3389013.05,Acoustic Insulation Panels,Medium,GreenBuild Gujarat,High,Low Recovery Potential,47.41,6.0,2025-11-27
SEC-332-1,Surat EcoTex Dyeing Pvt Ltd,Surat,Gujarat,Textile Dyeing & Processing,Chemical Effluent,Textile,4333.67,7.26,272.57,229.42,1403.65,159.79,1244.76,79.67,5.47,34.16,Heavy Metals,64.96,61.1,30.55,39.02,8.12,53.89,63.92,74.66,407.35,61.89,48.63,3335002.94,Industrial Pigments,High,GreenBuild Gujarat,High,Low Recovery Potential,76.04,16.3,2025-11-28
SEC-332-2,Surat EcoTex Dyeing Pvt Ltd,Surat,Gujarat,Textile Dyeing & Processing,Sludge,Chemical,6554.2,8.66,1330.97,295.97,4024.21,410.91,7695.08,460.11,57.26,55.35,Chromium,87.62,74.9,54.91,42.56,8.6,89.49,24.94,60.34,234.99,58.9,33.89,636812.47,Eco Packaging Sheets,High,Reliance Circular Ventures,High,Low Recovery Potential,68.41,23.1,2025-11-28
SEC-332-3,Surat EcoTex Dyeing Pvt Ltd,Surat,Gujarat,Textile Dyeing & Processing,Chemical Effluent,Chemical,7261.35,6.49,151.0,650.04,5820.31,222.71,783.26,414.66,50.93,42.48,Color Pigments,46.42,48.71,32.59,32.04,8.84,83.59,12.54,57.93,237.73,59.73,54.87,2597343.24,Acoustic Insulation Panels,Emerging,UltraTech EcoBuild,Medium,Moderately Recoverable,75.81,17.2,2025-11-28
SEC-332-4,Surat EcoTex Dyeing Pvt Ltd,Surat,Gujarat,Textile Dyeing & Processing,Fabric Fiber Residue,Textile,8199.23,6.5,401.83,80.96,8872.29,532.34,8177.98,352.14,11.72,55.56,Oil Residue,96.06,89.64,33.59,51.26,4.51,73.32,16.89,30.9,269.63,42.98,25.5,4397962.13,Industrial Pigments,Emerging,UltraTech EcoBuild,High,Highly Recoverable,96.38,12.2,2025-11-28
SEC-333-1,Surat EcoTex Dyeing Pvt Ltd,Surat,Gujarat,Textile Dyeing & Processing,Textile Dye Waste,Textile,14162.86,6.03,1071.95,58.59,2362.67,380.92,5650.58,91.24,40.14,50.79,Organic Contaminants,62.44,66.58,51.58,17.16,4.23,51.79,65.2,96.74,208.54,38.01,21.91,1935891.27,Thermal Insulation Boards,Very High,JSW Green Materials,Medium,Needs Advanced Treatment,65.55,20.5,2025-11-29
SEC-333-2,Surat EcoTex Dyeing Pvt Ltd,Surat,Gujarat,Textile Dyeing & Processing,Sludge,Textile,11109.31,7.86,1121.93,124.94,4193.11,285.92,894.61,96.37,2.81,36.85,Organic Contaminants,52.32,54.19,57.44,19.37,1.62,78.61,18.1,48.46,383.15,34.63,53.09,3686150.12,Thermal Insulation Boards,High,UltraTech EcoBuild,Medium,Highly Recoverable,43.63,13.6,2025-11-29
SEC-334-1,Surat EcoTex Dyeing Pvt Ltd,Surat,Gujarat,Textile Dyeing & Processing,Fabric Fiber Residue,Mixed,1022.0,5.87,1239.7,596.14,6555.96,240.95,6423.49,163.77,21.13,48.34,Color Pigments,97.03,81.37,82.41,61.81,2.32,45.61,41.13,93.03,343.08,57.45,37.15,989465.44,Industrial Pigments,High,JSW Green Materials,Medium,Low Recovery Potential,95.27,29.1,2025-11-30
SEC-334-2,Surat EcoTex Dyeing Pvt Ltd,Surat,Gujarat,Textile Dyeing & Processing,Fabric Fiber Residue,Textile,10592.01,7.76,477.55,502.83,5952.46,426.01,3815.85,345.42,30.88,27.46,Chromium,75.02,75.37,39.22,60.41,1.65,88.25,32.69,75.99,332.37,95.54,25.72,2158991.81,Compressed Construction Blocks,Very High,Reliance Circular Ventures,Low,Low Recovery Potential,83.53,16.0,2025-11-30
SEC-334-3,Surat EcoTex Dyeing Pvt Ltd,Surat,Gujarat,Textile Dyeing & Processing,Chemical Effluent,Textile,6265.59,8.0,1174.35,185.86,6246.55,497.1,4760.53,440.29,40.39,56.22,Oil Residue,89.13,75.39,87.21,18.27,5.36,58.63,36.07,58.38,14.3,18.53,12.74,1494854.21,Eco Bricks,Emerging,JSW Green Materials,Low,Highly Recoverable,53.88,25.7,2025-11-30
SEC-334-4,Surat EcoTex Dyeing Pvt Ltd,Surat,Gujarat,Textile Dyeing & Processing,Chemical Effluent,Mixed,9688.11,7.87,1112.39,413.64,5396.88,99.28,4970.26,591.22,38.87,33.33,Heavy Metals,69.68,56.38,76.89,16.16,1.08,93.02,27.83,76.48,218.1,69.28,40.65,2376070.65,Compressed Construction Blocks,Very High,EcoPack India,Low,Needs Advanced Treatment,86.55,11.2,2025-11-30
SEC-334-5,Surat EcoTex Dyeing Pvt Ltd,Surat,Gujarat,Textile Dyeing & Processing,Textile Dye Waste,Chemical,13404.0,6.13,919.14,501.05,3834.79,525.64,5776.04,262.73,9.46,29.27,Oil Residue,68.07,62.35,39.21,14.58,9.45,66.72,61.76,98.78,377.07,44.66,14.12,202866.56,Eco Packaging Sheets,Emerging,GreenBuild Gujarat,Low,Highly Recoverable,96.94,15.8,2025-11-30
SEC-335-1,Surat EcoTex Dyeing Pvt Ltd,Surat,Gujarat,Textile Dyeing & Processing,Chemical Effluent,Chemical,4958.73,8.24,976.45,510.6,3756.74,184.76,2372.39,438.26,55.76,29.27,Low Contamination,84.58,83.61,43.88,61.61,6.63,94.93,12.55,96.34,139.01,56.76,22.4,1885412.8,Eco Bricks,Very High,EcoPack India,High,Moderately Recoverable,39.43,9.7,2025-12-01
SEC-335-2,Surat EcoTex Dyeing Pvt Ltd,Surat,Gujarat,Textile Dyeing & Processing,Sludge,Textile,8376.88,6.72,887.68,465.23,2745.17,79.22,2870.9,14.51,44.44,28.5,Chromium,96.53,84.39,39.55,19.32,2.02,69.21,61.73,54.05,10.56,87.78,17.52,3921241.73,Compressed Construction Blocks,High,EcoPack India,Low,Low Recovery Potential,59.39,4.4,2025-12-01
SEC-336-1,Surat EcoTex Dyeing Pvt Ltd,Surat,Gujarat,Textile Dyeing & Processing,Chemical Effluent,Chemical,4080.12,8.29,1269.75,472.22,7826.81,499.02,5739.97,50.83,29.46,34.79,Low Contamination,83.22,80.26,37.65,34.01,9.92,96.52,23.26,64.79,163.13,72.04,21.37,4388002.58,Eco Packaging Sheets,Medium,Reliance Circular Ventures,Low,Moderately Recoverable,80.41,9.6,2025-12-02
SEC-336-2,Surat EcoTex Dyeing Pvt Ltd,Surat,Gujarat,Textile Dyeing & Processing,Textile Dye Waste,Chemical,8415.63,8.4,651.17,79.88,8579.07,629.99,2431.35,380.0,26.28,47.11,Low Contamination,67.9,75.93,40.92,46.74,7.5,56.33,58.4,66.61,255.74,71.38,47.64,1448773.99,Eco Packaging Sheets,Very High,GreenBuild Gujarat,Medium,Needs Advanced Treatment,59.72,20.2,2025-12-02
SEC-337-1,Surat EcoTex Dyeing Pvt Ltd,Surat,Gujarat,Textile Dyeing & Processing,Printing Dye Sludge,Textile,8436.06,8.62,383.3,351.18,4530.09,473.82,8179.31,388.71,41.95,49.55,Low Contamination,69.28,68.77,44.13,32.69,8.56,87.94,35.89,85.75,295.28,67.2,47.47,2731340.49,Thermal Insulation Boards,Emerging,JSW Green Materials,Medium,Moderately Recoverable,59.35,10.0,2025-12-03
SEC-337-2,Surat EcoTex Dyeing Pvt Ltd,Surat,Gujarat,Textile Dyeing & Processing,Textile Dye Waste,Mixed,1997.57,7.35,770.86,576.14,4955.75,37.18,4811.72,239.84,7.0,51.05,Organic Contaminants,82.6,82.04,54.84,30.96,5.21,94.59,64.17,76.5,358.61,82.41,64.04,3111139.49,Acoustic Insulation Panels,Very High,Reliance Circular Ventures,High,Highly Recoverable,84.09,4.3,2025-12-03
SEC-337-3,Surat EcoTex Dyeing Pvt Ltd,Surat,Gujarat,Textile Dyeing & Processing,Printing Dye Sludge,Polymer,12340.58,6.4,961.35,605.54,8394.29,461.3,8272.68,227.85,29.09,56.2,Chromium,53.02,53.86,36.4,11.65,8.63,90.39,59.33,39.43,249.29,86.99,51.16,806059.77,Eco Bricks,Emerging,EcoPack India,Low,Highly Recoverable,90.32,9.2,2025-12-03
SEC-338-1,Surat EcoTex Dyeing Pvt Ltd,Surat,Gujarat,Textile Dyeing & Processing,Chemical Effluent,Mixed,11353.69,5.34,1383.31,542.65,2808.32,469.61,1026.58,292.58,8.26,51.07,Heavy Metals,87.86,93.9,84.23,60.45,3.21,80.21,18.68,98.01,356.01,24.44,34.97,1676330.76,Eco Packaging Sheets,Emerging,UltraTech EcoBuild,Medium,Moderately Recoverable,54.06,5.0,2025-12-04
SEC-338-2,Surat EcoTex Dyeing Pvt Ltd,Surat,Gujarat,Textile Dyeing & Processing,Sludge,Polymer,1453.04,5.32,1057.25,257.65,1141.1,322.79,3169.5,183.34,24.56,40.25,Oil Residue,43.67,43.03,39.61,38.17,8.33,93.34,58.17,55.81,204.47,54.1,46.2,2782182.26,Compressed Construction Blocks,Emerging,EcoPack India,High,Highly Recoverable,73.07,16.7,2025-12-04
SEC-338-3,Surat EcoTex Dyeing Pvt Ltd,Surat,Gujarat,Textile Dyeing & Processing,Sludge,Mixed,12560.37,7.8,1138.54,564.87,8876.81,139.46,1529.68,238.51,38.72,41.03,Organic Contaminants,84.01,88.87,85.57,33.36,9.15,48.81,56.4,66.92,335.51,82.99,11.02,89883.82,Eco Packaging Sheets,Medium,UltraTech EcoBuild,High,Needs Advanced Treatment,66.59,16.9,2025-12-04
SEC-339-1,Surat EcoTex Dyeing Pvt Ltd,Surat,Gujarat,Textile Dyeing & Processing,Textile Dye Waste,Textile,14883.3,8.24,210.03,173.14,7161.95,154.45,3950.89,389.42,54.0,46.52,Heavy Metals,91.1,84.95,86.44,12.42,2.13,76.28,18.33,90.17,300.78,69.6,60.14,1629636.25,Industrial Pigments,High,GreenBuild Gujarat,Low,Moderately Recoverable,78.67,28.5,2025-12-05
SEC-339-2,Surat EcoTex Dyeing Pvt Ltd,Surat,Gujarat,Textile Dyeing & Processing,Fabric Fiber Residue,Chemical,570.3,7.35,1218.0,532.07,2490.24,566.41,3758.24,19.53,38.52,51.0,Low Contamination,66.54,59.12,81.83,15.7,5.84,97.5,65.32,82.01,158.95,19.32,16.29,3439063.08,Eco Bricks,Medium,EcoPack India,High,Low Recovery Potential,57.3,23.4,2025-12-05
SEC-339-3,Surat EcoTex Dyeing Pvt Ltd,Surat,Gujarat,Textile Dyeing & Processing,Chemical Effluent,Textile,11130.82,5.29,1050.97,264.04,4531.09,576.18,2712.44,51.85,56.76,33.58,Heavy Metals,72.31,67.02,38.1,28.17,1.65,82.35,66.39,51.33,22.76,37.66,14.04,4322439.91,Thermal Insulation Boards,Medium,EcoPack India,Medium,Highly Recoverable,62.11,16.8,2025-12-05
SEC-340-1,Surat EcoTex Dyeing Pvt Ltd,Surat,Gujarat,Textile Dyeing & Processing,Sludge,Mixed,5688.34,6.3,1156.34,434.05,5851.03,54.91,3502.4,266.34,36.21,47.68,Organic Contaminants,74.24,74.62,90.6,29.54,8.54,63.35,26.93,80.64,62.78,18.57,22.37,976266.58,Thermal Insulation Boards,Very High,JSW Green Materials,Medium,Needs Advanced Treatment,91.29,25.1,2025-12-06
SEC-340-2,Surat EcoTex Dyeing Pvt Ltd,Surat,Gujarat,Textile Dyeing & Processing,Chemical Effluent,Polymer,3852.94,6.84,1378.44,385.01,8251.14,176.77,6163.76,549.85,15.04,35.49,Chromium,90.77,101.13,94.74,57.44,2.59,75.71,18.07,63.99,385.56,79.2,40.29,795791.92,Acoustic Insulation Panels,Very High,UltraTech EcoBuild,Medium,Moderately Recoverable,97.02,10.7,2025-12-06
SEC-340-3,Surat EcoTex Dyeing Pvt Ltd,Surat,Gujarat,Textile Dyeing & Processing,Chemical Effluent,Chemical,7894.71,8.02,892.47,476.0,1884.21,52.05,3428.84,518.93,28.21,38.51,Color Pigments,61.98,68.94,76.65,15.88,1.76,67.87,36.17,30.92,17.81,17.96,64.04,2659285.63,Compressed Construction Blocks,Very High,UltraTech EcoBuild,Medium,Needs Advanced Treatment,66.15,6.9,2025-12-06
SEC-340-4,Surat EcoTex Dyeing Pvt Ltd,Surat,Gujarat,Textile Dyeing & Processing,Chemical Effluent,Mixed,8882.41,7.29,324.14,682.03,1551.78,439.32,2105.02,592.42,58.0,41.45,Heavy Metals,53.49,52.32,53.77,59.71,5.01,48.83,66.0,44.88,159.23,57.63,29.13,1134580.32,Acoustic Insulation Panels,High,UltraTech EcoBuild,Low,Moderately Recoverable,78.83,5.2,2025-12-06
SEC-340-5,Surat EcoTex Dyeing Pvt Ltd,Surat,Gujarat,Textile Dyeing & Processing,Sludge,Textile,13633.88,6.96,947.55,271.82,4275.55,533.7,318.98,423.47,60.07,42.63,Color Pigments,65.7,53.98,62.13,51.95,9.18,47.35,61.64,76.83,201.48,30.82,25.65,3806039.41,Acoustic Insulation Panels,Emerging,UltraTech EcoBuild,High,Moderately Recoverable,81.04,12.5,2025-12-06
SEC-341-1,Surat EcoTex Dyeing Pvt Ltd,Surat,Gujarat,Textile Dyeing & Processing,Fabric Fiber Residue,Mixed,2660.36,8.24,1053.23,343.55,8119.68,57.61,4854.77,82.28,58.37,25.82,Color Pigments,52.65,54.23,81.44,24.81,9.76,64.05,50.92,38.7,136.3,83.5,7.17,2884635.13,Eco Bricks,High,JSW Green Materials,High,Low Recovery Potential,90.34,13.8,2025-12-07
SEC-341-2,Surat EcoTex Dyeing Pvt Ltd,Surat,Gujarat,Textile Dyeing & Processing,Fabric Fiber Residue,Textile,7528.11,5.99,953.76,478.91,5473.3,35.0,2834.36,259.82,3.17,29.86,Chromium,49.45,44.68,26.22,45.82,2.18,87.23,64.55,57.42,155.43,86.0,10.34,3210915.15,Acoustic Insulation Panels,Medium,JSW Green Materials,Medium,Highly Recoverable,58.38,28.5,2025-12-07
SEC-341-3,Surat EcoTex Dyeing Pvt Ltd,Surat,Gujarat,Textile Dyeing & Processing,Printing Dye Sludge,Chemical,5225.67,6.68,1272.75,604.56,3519.47,320.52,6900.23,486.03,32.52,48.24,Chromium,85.05,91.94,71.2,29.28,5.39,80.38,61.71,67.14,389.33,63.04,9.08,3024051.54,Eco Bricks,Medium,Reliance Circular Ventures,Low,Moderately Recoverable,56.19,14.8,2025-12-07
SEC-342-1,Surat EcoTex Dyeing Pvt Ltd,Surat,Gujarat,Textile Dyeing & Processing,Printing Dye Sludge,Textile,1649.92,5.88,761.42,532.91,6365.9,509.0,1345.96,519.28,56.09,57.8,Organic Contaminants,51.84,44.67,35.9,38.46,3.37,80.96,24.87,31.32,55.62,62.64,57.52,250536.28,Thermal Insulation Boards,High,Reliance Circular Ventures,High,Low Recovery Potential,75.65,15.1,2025-12-08
SEC-342-2,Surat EcoTex Dyeing Pvt Ltd,Surat,Gujarat,Textile Dyeing & Processing,Textile Dye Waste,Textile,1302.44,6.14,700.45,511.25,5124.9,413.73,5840.01,589.93,11.65,54.86,Oil Residue,85.5,92.44,28.38,58.86,3.03,82.72,63.12,65.7,342.14,28.83,31.45,2762449.91,Thermal Insulation Boards,High,JSW Green Materials,Medium,Needs Advanced Treatment,80.62,11.1,2025-12-08
SEC-342-3,Surat EcoTex Dyeing Pvt Ltd,Surat,Gujarat,Textile Dyeing & Processing,Printing Dye Sludge,Mixed,2743.61,8.4,133.48,672.66,910.54,499.97,5057.83,161.08,65.75,44.6,Oil Residue,51.69,54.09,53.57,25.64,6.92,67.97,36.36,70.01,382.92,49.59,61.91,688535.93,Eco Packaging Sheets,Medium,GreenBuild Gujarat,Medium,Highly Recoverable,90.39,10.8,2025-12-08
SEC-343-1,Surat EcoTex Dyeing Pvt Ltd,Surat,Gujarat,Textile Dyeing & Processing,Sludge,Textile,4855.73,6.3,278.55,136.44,1690.39,427.79,6926.61,361.1,22.45,40.34,Heavy Metals,84.95,89.03,81.46,17.1,1.71,78.77,38.75,65.79,143.88,16.68,44.85,1144710.89,Industrial Pigments,Very High,JSW Green Materials,Medium,Highly Recoverable,47.27,12.4,2025-12-09
SEC-343-2,Surat EcoTex Dyeing Pvt Ltd,Surat,Gujarat,Textile Dyeing & Processing,Fabric Fiber Residue,Textile,9520.75,5.84,1396.67,342.23,7914.42,614.38,7625.13,148.06,59.11,27.09,Chromium,46.61,37.29,65.75,48.91,5.21,82.22,75.95,55.83,352.37,52.95,48.4,1296451.48,Eco Packaging Sheets,Emerging,JSW Green Materials,High,Needs Advanced Treatment,77.56,6.6,2025-12-09
SEC-343-3,Surat EcoTex Dyeing Pvt Ltd,Surat,Gujarat,Textile Dyeing & Processing,Printing Dye Sludge,Polymer,5190.4,8.07,932.3,238.03,4283.77,160.69,5608.16,426.17,40.69,35.04,Organic Contaminants,71.73,74.28,92.33,25.79,8.38,53.12,54.43,94.56,257.02,30.96,21.01,3023762.41,Eco Bricks,High,JSW Green Materials,Low,Moderately Recoverable,37.62,4.4,2025-12-09
SEC-344-1,Surat EcoTex Dyeing Pvt Ltd,Surat,Gujarat,Textile Dyeing & Processing,Chemical Effluent,Polymer,13086.94,8.54,1077.6,203.38,1799.22,605.9,2530.96,19.05,51.23,24.65,Low Contamination,92.14,95.74,74.72,54.45,2.69,59.86,70.86,33.3,289.41,63.21,48.56,1955931.81,Eco Packaging Sheets,Emerging,UltraTech EcoBuild,Medium,Highly Recoverable,50.09,20.8,2025-12-10
SEC-344-2,Surat EcoTex Dyeing Pvt Ltd,Surat,Gujarat,Textile Dyeing & Processing,Sludge,Mixed,7375.07,6.91,1113.42,283.08,7598.34,256.82,1237.61,56.44,45.93,53.73,Color Pigments,40.81,39.31,91.22,21.43,9.19,65.08,22.71,83.5,110.72,22.33,39.7,911057.94,Eco Packaging Sheets,Medium,Reliance Circular Ventures,High,Needs Advanced Treatment,67.74,29.9,2025-12-10
SEC-344-3,Surat EcoTex Dyeing Pvt Ltd,Surat,Gujarat,Textile Dyeing & Processing,Chemical Effluent,Chemical,5412.76,6.22,1030.63,178.22,4751.82,346.06,8227.25,129.8,6.64,29.15,Oil Residue,81.92,89.43,38.69,47.02,4.74,57.22,41.33,80.59,380.25,17.97,29.09,1940412.91,Acoustic Insulation Panels,Medium,Reliance Circular Ventures,High,Moderately Recoverable,65.84,28.2,2025-12-10
SEC-344-4,Surat EcoTex Dyeing Pvt Ltd,Surat,Gujarat,Textile Dyeing & Processing,Printing Dye Sludge,Mixed,13109.65,7.62,307.95,540.06,5784.27,605.7,1967.97,521.27,26.77,48.43,Oil Residue,42.65,37.92,91.87,40.93,5.47,61.57,47.67,57.67,113.94,81.91,56.18,2914823.35,Acoustic Insulation Panels,Emerging,UltraTech EcoBuild,Low,Needs Advanced Treatment,53.21,20.1,2025-12-10
SEC-344-5,Surat EcoTex Dyeing Pvt Ltd,Surat,Gujarat,Textile Dyeing & Processing,Sludge,Chemical,12399.65,6.82,144.19,410.94,6504.89,338.14,4857.15,439.27,52.44,27.73,Heavy Metals,71.78,64.34,74.51,36.43,3.99,55.94,72.62,65.14,39.34,51.65,5.88,695646.51,Eco Bricks,Emerging,JSW Green Materials,High,Moderately Recoverable,75.4,13.0,2025-12-10
SEC-345-1,Surat EcoTex Dyeing Pvt Ltd,Surat,Gujarat,Textile Dyeing & Processing,Sludge,Mixed,4062.55,8.12,741.5,303.82,4386.82,297.83,8013.88,475.01,7.46,27.21,Color Pigments,89.95,82.71,49.27,18.79,2.09,85.88,62.69,58.92,272.94,38.7,47.79,1747549.02,Thermal Insulation Boards,Emerging,JSW Green Materials,Medium,Needs Advanced Treatment,37.73,21.8,2025-12-11
SEC-345-2,Surat EcoTex Dyeing Pvt Ltd,Surat,Gujarat,Textile Dyeing & Processing,Printing Dye Sludge,Polymer,7952.1,6.79,521.75,689.23,6668.96,381.14,1961.03,383.56,49.36,25.98,Heavy Metals,88.71,87.65,41.15,20.35,5.17,76.25,35.33,87.52,92.6,96.18,23.89,1407913.2,Thermal Insulation Boards,Very High,GreenBuild Gujarat,High,Highly Recoverable,73.68,26.5,2025-12-11
SEC-345-3,Surat EcoTex Dyeing Pvt Ltd,Surat,Gujarat,Textile Dyeing & Processing,Printing Dye Sludge,Chemical,2698.31,7.29,199.83,207.19,7527.01,62.21,5253.17,559.51,68.11,25.32,Low Contamination,89.88,73.33,41.58,17.98,5.84,77.46,64.11,71.13,297.35,19.52,60.19,2120195.06,Compressed Construction Blocks,Emerging,EcoPack India,High,Needs Advanced Treatment,52.89,24.5,2025-12-11
SEC-346-1,Surat EcoTex Dyeing Pvt Ltd,Surat,Gujarat,Textile Dyeing & Processing,Fabric Fiber Residue,Polymer,6361.9,7.32,1389.43,525.39,590.33,93.73,6991.01,49.48,26.83,45.67,Chromium,56.99,56.84,80.34,16.63,4.46,65.16,43.56,70.39,271.96,16.17,15.18,4283542.38,Thermal Insulation Boards,Very High,GreenBuild Gujarat,Medium,Needs Advanced Treatment,57.24,27.3,2025-12-12
SEC-346-2,Surat EcoTex Dyeing Pvt Ltd,Surat,Gujarat,Textile Dyeing & Processing,Textile Dye Waste,Mixed,7582.91,7.2,402.03,502.27,4698.04,576.46,2054.92,471.78,69.07,54.16,Color Pigments,86.97,96.72,61.94,39.61,6.58,90.48,58.94,78.89,429.45,75.05,6.99,2862915.19,Eco Packaging Sheets,Very High,Reliance Circular Ventures,Medium,Low Recovery Potential,45.58,24.1,2025-12-12
SEC-346-3,Surat EcoTex Dyeing Pvt Ltd,Surat,Gujarat,Textile Dyeing & Processing,Textile Dye Waste,Chemical,3470.87,6.61,1097.63,314.53,3044.88,510.03,4647.2,406.2,30.95,55.63,Oil Residue,90.05,92.54,77.84,10.47,5.61,90.73,11.92,91.91,386.47,51.83,18.59,1706563.99,Eco Bricks,High,UltraTech EcoBuild,High,Low Recovery Potential,94.9,8.4,2025-12-12
SEC-346-4,Surat EcoTex Dyeing Pvt Ltd,Surat,Gujarat,Textile Dyeing & Processing,Textile Dye Waste,Polymer,1751.06,6.17,1062.48,98.04,5994.86,616.9,2864.5,163.15,41.04,56.09,Low Contamination,79.47,78.54,50.58,45.08,9.35,69.35,72.63,43.93,444.52,34.36,33.19,3449417.45,Industrial Pigments,High,UltraTech EcoBuild,Medium,Low Recovery Potential,89.16,28.4,2025-12-12
SEC-347-1,Surat EcoTex Dyeing Pvt Ltd,Surat,Gujarat,Textile Dyeing & Processing,Chemical Effluent,Mixed,14718.19,8.13,286.22,630.13,6545.47,647.35,5513.3,459.41,28.73,42.86,Heavy Metals,95.06,94.56,28.58,19.85,4.06,53.11,61.55,38.33,278.92,63.3,37.45,1683265.06,Compressed Construction Blocks,Emerging,JSW Green Materials,High,Low Recovery Potential,44.99,29.5,2025-12-13
SEC-347-2,Surat EcoTex Dyeing Pvt Ltd,Surat,Gujarat,Textile Dyeing & Processing,Sludge,Mixed,8242.09,5.3,498.86,605.24,2559.58,255.11,7728.72,164.93,6.5,36.52,Organic Contaminants,51.85,45.06,79.08,15.38,1.21,57.39,28.59,70.08,371.83,68.08,24.19,1529232.8,Thermal Insulation Boards,High,Reliance Circular Ventures,High,Low Recovery Potential,52.85,10.9,2025-12-13
SEC-347-3,Surat EcoTex Dyeing Pvt Ltd,Surat,Gujarat,Textile Dyeing & Processing,Sludge,Chemical,2249.07,6.02,648.8,660.19,4050.86,129.58,4641.77,203.31,48.32,42.58,Low Contamination,90.83,81.38,52.32,55.12,5.31,73.5,39.86,67.92,87.04,47.63,30.46,199773.12,Acoustic Insulation Panels,High,EcoPack India,High,Low Recovery Potential,53.62,7.0,2025-12-13
SEC-347-4,Surat EcoTex Dyeing Pvt Ltd,Surat,Gujarat,Textile Dyeing & Processing,Fabric Fiber Residue,Textile,12978.17,6.71,878.5,315.21,7009.06,287.27,2085.32,522.18,35.39,39.34,Color Pigments,66.24,65.25,38.42,57.22,9.51,87.87,29.8,70.63,274.39,51.4,37.12,1856136.7,Compressed Construction Blocks,Medium,UltraTech EcoBuild,High,Needs Advanced Treatment,44.85,22.2,2025-12-13
SEC-347-5,Surat EcoTex Dyeing Pvt Ltd,Surat,Gujarat,Textile Dyeing & Processing,Fabric Fiber Residue,Polymer,10037.58,5.53,819.15,440.78,2621.2,81.88,3221.47,147.16,42.24,26.39,Low Contamination,69.04,56.73,46.33,56.34,4.68,71.56,30.41,42.67,144.46,87.68,42.09,3616231.05,Compressed Construction Blocks,High,Reliance Circular Ventures,Medium,Low Recovery Potential,68.46,5.1,2025-12-13
SEC-348-1,Surat EcoTex Dyeing Pvt Ltd,Surat,Gujarat,Textile Dyeing & Processing,Textile Dye Waste,Textile,1041.04,7.03,1139.43,222.1,1141.69,518.7,3586.72,118.4,4.3,28.24,Chromium,68.1,68.85,38.83,23.8,1.5,97.72,70.59,68.15,107.31,52.94,27.53,1417833.55,Thermal Insulation Boards,Emerging,UltraTech EcoBuild,Low,Moderately Recoverable,45.87,10.4,2025-12-14
SEC-348-2,Surat EcoTex Dyeing Pvt Ltd,Surat,Gujarat,Textile Dyeing & Processing,Fabric Fiber Residue,Chemical,9350.0,7.13,233.09,43.29,4513.91,122.32,508.61,505.47,20.89,56.5,Heavy Metals,52.16,50.52,59.19,60.86,9.0,66.58,77.36,49.99,33.68,57.17,54.24,3473935.24,Acoustic Insulation Panels,High,JSW Green Materials,High,Moderately Recoverable,91.19,21.0,2025-12-14
SEC-348-3,Surat EcoTex Dyeing Pvt Ltd,Surat,Gujarat,Textile Dyeing & Processing,Sludge,Textile,14892.06,7.74,826.71,116.56,1199.86,89.85,5458.69,337.75,2.85,57.94,Organic Contaminants,84.78,84.54,48.14,30.92,1.66,90.66,36.7,85.78,250.64,20.84,44.85,3551321.1,Thermal Insulation Boards,Emerging,JSW Green Materials,Medium,Moderately Recoverable,63.75,6.3,2025-12-14
SEC-348-4,Surat EcoTex Dyeing Pvt Ltd,Surat,Gujarat,Textile Dyeing & Processing,Printing Dye Sludge,Chemical,12498.42,8.51,1210.03,193.36,3773.25,354.11,6334.47,358.94,2.82,55.41,Chromium,54.48,45.69,36.68,20.54,4.64,65.08,23.7,76.92,201.0,27.22,8.95,2493562.1,Acoustic Insulation Panels,Emerging,GreenBuild Gujarat,Medium,Moderately Recoverable,54.1,13.3,2025-12-14
SEC-349-1,Surat EcoTex Dyeing Pvt Ltd,Surat,Gujarat,Textile Dyeing & Processing,Textile Dye Waste,Mixed,3193.2,5.89,381.9,497.6,4097.98,59.2,2805.91,28.59,6.42,55.64,Organic Contaminants,92.06,93.08,91.0,34.02,7.41,96.28,66.73,56.6,363.78,35.01,19.91,3904347.39,Thermal Insulation Boards,Very High,UltraTech EcoBuild,Low,Low Recovery Potential,38.65,12.0,2025-12-15
SEC-349-2,Surat EcoTex Dyeing Pvt Ltd,Surat,Gujarat,Textile Dyeing & Processing,Printing Dye Sludge,Mixed,10739.67,8.4,1200.06,562.79,8339.41,85.91,7903.06,234.44,15.73,48.45,Oil Residue,73.77,72.15,62.01,33.15,5.68,77.75,69.38,49.12,201.19,69.51,61.52,614515.71,Thermal Insulation Boards,Very High,EcoPack India,High,Moderately Recoverable,38.37,24.2,2025-12-15
SEC-349-3,Surat EcoTex Dyeing Pvt Ltd,Surat,Gujarat,Textile Dyeing & Processing,Printing Dye Sludge,Chemical,5240.3,6.19,1005.0,226.06,1856.56,23.71,3280.53,271.82,39.73,42.85,Low Contamination,67.12,54.22,69.15,15.61,9.09,48.63,70.82,86.81,14.77,74.8,9.82,2128216.99,Eco Packaging Sheets,Medium,JSW Green Materials,Low,Needs Advanced Treatment,73.43,7.3,2025-12-15
SEC-349-4,Surat EcoTex Dyeing Pvt Ltd,Surat,Gujarat,Textile Dyeing & Processing,Textile Dye Waste,Polymer,5624.06,7.76,848.81,547.74,6047.3,128.5,2415.15,122.95,37.84,41.54,Chromium,83.14,92.58,41.8,27.22,3.2,66.57,78.1,33.21,285.85,76.29,42.69,1287213.04,Industrial Pigments,High,GreenBuild Gujarat,Medium,Low Recovery Potential,93.42,25.2,2025-12-15
SEC-350-1,Surat EcoTex Dyeing Pvt Ltd,Surat,Gujarat,Textile Dyeing & Processing,Fabric Fiber Residue,Chemical,5695.84,7.25,1356.39,123.46,1850.14,372.76,2394.83,63.9,24.22,30.3,Heavy Metals,58.78,50.98,81.21,57.56,7.41,83.77,45.53,37.06,26.24,45.72,42.12,4029877.59,Eco Bricks,High,Reliance Circular Ventures,High,Needs Advanced Treatment,61.81,23.8,2025-12-16
SEC-350-2,Surat EcoTex Dyeing Pvt Ltd,Surat,Gujarat,Textile Dyeing & Processing,Sludge,Textile,6010.58,7.81,489.21,697.74,4248.68,412.27,2487.0,11.43,54.62,36.13,Low Contamination,75.49,77.46,83.05,15.85,4.01,72.85,79.71,38.87,342.3,88.55,37.02,3303855.71,Eco Bricks,Very High,Reliance Circular Ventures,Low,Low Recovery Potential,36.31,12.5,2025-12-16
SEC-350-3,Surat EcoTex Dyeing Pvt Ltd,Surat,Gujarat,Textile Dyeing & Processing,Fabric Fiber Residue,Chemical,11345.59,5.79,925.39,524.79,8121.94,236.47,7105.02,396.21,34.68,41.07,Chromium,92.89,84.13,74.75,47.2,4.74,75.59,27.17,40.87,426.73,75.75,19.95,3346437.57,Thermal Insulation Boards,Very High,JSW Green Materials,Low,Moderately Recoverable,60.18,18.9,2025-12-16
SEC-351-1,Surat EcoTex Dyeing Pvt Ltd,Surat,Gujarat,Textile Dyeing & Processing,Textile Dye Waste,Textile,7868.68,7.86,342.18,517.99,5010.41,198.03,5947.12,553.11,11.46,46.95,Color Pigments,73.74,63.4,66.19,41.54,9.89,83.65,32.8,45.34,22.51,81.27,43.56,2472236.39,Industrial Pigments,High,EcoPack India,High,Highly Recoverable,67.4,21.9,2025-12-17
SEC-351-2,Surat EcoTex Dyeing Pvt Ltd,Surat,Gujarat,Textile Dyeing & Processing,Sludge,Polymer,10162.27,7.92,856.48,103.21,4443.74,26.82,2057.77,461.09,22.77,44.2,Color Pigments,89.3,73.34,49.81,32.72,8.24,52.14,53.55,79.45,212.13,22.63,63.16,2646849.49,Industrial Pigments,High,UltraTech EcoBuild,Medium,Needs Advanced Treatment,36.81,4.4,2025-12-17
SEC-352-1,Surat EcoTex Dyeing Pvt Ltd,Surat,Gujarat,Textile Dyeing & Processing,Textile Dye Waste,Mixed,11365.85,7.76,1382.99,289.59,474.02,448.02,7047.19,535.36,24.4,55.03,Color Pigments,57.97,54.35,26.3,38.39,8.73,84.5,61.84,94.33,424.96,48.32,23.99,326229.9,Industrial Pigments,Emerging,EcoPack India,High,Needs Advanced Treatment,93.86,16.5,2025-12-18
SEC-352-2,Surat EcoTex Dyeing Pvt Ltd,Surat,Gujarat,Textile Dyeing & Processing,Printing Dye Sludge,Textile,12476.86,8.28,120.69,441.2,1984.25,405.74,7728.12,11.72,6.67,27.82,Color Pigments,48.28,48.63,66.63,27.56,8.63,68.46,57.52,75.8,74.63,48.68,32.05,1619972.34,Eco Bricks,Very High,EcoPack India,Low,Moderately Recoverable,78.15,20.9,2025-12-18
SEC-353-1,Surat EcoTex Dyeing Pvt Ltd,Surat,Gujarat,Textile Dyeing & Processing,Chemical Effluent,Textile,5906.02,8.39,1101.13,234.88,4343.02,184.66,553.81,120.05,58.92,42.44,Low Contamination,40.88,34.05,35.82,47.92,8.5,85.33,35.91,74.17,46.58,78.14,14.68,1440242.1,Industrial Pigments,Medium,JSW Green Materials,Medium,Moderately Recoverable,39.49,15.6,2025-12-19
SEC-353-2,Surat EcoTex Dyeing Pvt Ltd,Surat,Gujarat,Textile Dyeing & Processing,Fabric Fiber Residue,Mixed,8091.02,6.02,661.05,267.2,8988.26,595.29,2756.3,378.77,24.05,40.73,Oil Residue,58.35,57.03,58.83,55.03,3.89,51.8,30.37,55.74,135.95,91.89,35.64,2434242.11,Industrial Pigments,High,EcoPack India,High,Moderately Recoverable,58.27,6.7,2025-12-19
SEC-354-1,Surat EcoTex Dyeing Pvt Ltd,Surat,Gujarat,Textile Dyeing & Processing,Textile Dye Waste,Chemical,1217.33,8.15,1136.53,229.95,3375.61,381.46,5241.09,425.83,21.84,45.32,Organic Contaminants,60.51,67.26,41.4,39.81,6.17,74.46,20.0,92.88,349.37,59.68,25.41,4491081.31,Compressed Construction Blocks,High,Reliance Circular Ventures,Medium,Low Recovery Potential,66.49,14.6,2025-12-20
SEC-354-2,Surat EcoTex Dyeing Pvt Ltd,Surat,Gujarat,Textile Dyeing & Processing,Sludge,Textile,5574.1,6.51,563.72,697.62,5590.08,152.95,426.13,378.48,26.09,24.95,Oil Residue,93.57,77.72,48.68,61.24,4.32,79.49,22.73,44.86,259.47,23.5,14.57,2294004.17,Industrial Pigments,Very High,Reliance Circular Ventures,High,Low Recovery Potential,60.87,18.3,2025-12-20
SEC-354-3,Surat EcoTex Dyeing Pvt Ltd,Surat,Gujarat,Textile Dyeing & Processing,Printing Dye Sludge,Polymer,12647.43,8.14,200.48,562.37,3020.54,28.74,2839.95,556.18,3.79,36.74,Oil Residue,91.59,102.4,78.59,15.6,1.93,66.46,71.33,31.84,36.45,24.19,18.45,635211.6,Acoustic Insulation Panels,High,Reliance Circular Ventures,Medium,Needs Advanced Treatment,69.33,12.1,2025-12-20
SEC-354-4,Surat EcoTex Dyeing Pvt Ltd,Surat,Gujarat,Textile Dyeing & Processing,Textile Dye Waste,Polymer,14211.03,6.24,1194.57,638.83,8734.12,496.62,7046.8,456.56,39.58,26.54,Color Pigments,74.46,74.98,28.24,24.2,1.29,79.57,55.14,31.67,282.05,63.05,25.25,2389223.64,Industrial Pigments,High,GreenBuild Gujarat,Low,Highly Recoverable,43.82,4.7,2025-12-20
SEC-354-5,Surat EcoTex Dyeing Pvt Ltd,Surat,Gujarat,Textile Dyeing & Processing,Sludge,Chemical,13774.15,6.2,783.66,243.67,7034.59,194.32,8499.03,302.83,49.76,40.71,Oil Residue,58.16,54.69,83.07,17.15,4.67,59.15,17.52,75.76,154.78,26.14,64.56,3675126.57,Acoustic Insulation Panels,Medium,Reliance Circular Ventures,Medium,Low Recovery Potential,84.11,23.4,2025-12-20
SEC-355-1,Surat EcoTex Dyeing Pvt Ltd,Surat,Gujarat,Textile Dyeing & Processing,Printing Dye Sludge,Textile,11456.23,6.45,234.7,672.34,8640.26,615.22,1904.03,47.03,14.87,24.49,Color Pigments,59.67,48.23,33.37,62.01,3.6,55.82,65.92,73.1,62.69,95.97,11.25,732044.73,Eco Bricks,Very High,JSW Green Materials,Medium,Highly Recoverable,87.92,12.4,2025-12-21
SEC-355-2,Surat EcoTex Dyeing Pvt Ltd,Surat,Gujarat,Textile Dyeing & Processing,Sludge,Textile,3054.46,7.75,510.0,324.1,4865.71,597.29,3261.89,219.35,63.96,57.46,Color Pigments,65.53,56.46,88.65,30.34,6.42,67.86,31.73,60.31,165.43,21.88,7.47,1279430.65,Thermal Insulation Boards,Medium,JSW Green Materials,High,Moderately Recoverable,71.87,25.3,2025-12-21
SEC-355-3,Surat EcoTex Dyeing Pvt Ltd,Surat,Gujarat,Textile Dyeing & Processing,Textile Dye Waste,Polymer,10574.24,7.25,544.78,271.82,5604.42,161.22,3743.21,111.34,27.92,54.95,Oil Residue,75.68,65.01,94.11,35.64,2.09,48.86,50.76,74.25,120.12,69.54,34.84,2131096.79,Thermal Insulation Boards,Emerging,Reliance Circular Ventures,High,Needs Advanced Treatment,45.89,10.6,2025-12-21
SEC-356-1,Surat EcoTex Dyeing Pvt Ltd,Surat,Gujarat,Textile Dyeing & Processing,Textile Dye Waste,Textile,13776.06,8.35,1087.7,255.08,3632.65,125.43,7090.22,86.55,5.94,27.71,Organic Contaminants,55.96,49.93,26.22,14.23,6.02,82.02,25.57,31.46,295.31,79.22,10.15,584796.82,Industrial Pigments,Very High,GreenBuild Gujarat,Low,Moderately Recoverable,40.57,26.2,2025-12-22
SEC-356-2,Surat EcoTex Dyeing Pvt Ltd,Surat,Gujarat,Textile Dyeing & Processing,Sludge,Mixed,5428.16,5.21,1281.19,335.96,4755.32,583.16,5565.16,341.35,5.7,55.24,Chromium,55.18,55.61,49.42,11.82,9.54,52.03,43.21,97.61,216.2,82.2,58.66,174006.73,Acoustic Insulation Panels,Medium,UltraTech EcoBuild,Low,Needs Advanced Treatment,66.46,7.6,2025-12-22
SEC-357-1,Surat EcoTex Dyeing Pvt Ltd,Surat,Gujarat,Textile Dyeing & Processing,Printing Dye Sludge,Chemical,3234.58,6.18,1167.38,33.95,3507.59,206.67,3591.43,453.55,32.1,45.94,Chromium,91.01,82.83,94.18,22.73,4.92,90.04,28.02,94.95,106.79,61.11,49.77,4172495.56,Eco Packaging Sheets,High,GreenBuild Gujarat,Medium,Needs Advanced Treatment,65.16,27.1,2025-12-23
SEC-357-2,Surat EcoTex Dyeing Pvt Ltd,Surat,Gujarat,Textile Dyeing & Processing,Printing Dye Sludge,Mixed,14377.35,7.05,889.21,166.42,869.07,354.32,5826.64,251.53,11.2,52.75,Oil Residue,69.72,67.71,25.62,55.5,2.73,79.67,12.26,44.8,29.55,72.89,8.24,4160277.48,Compressed Construction Blocks,Medium,Reliance Circular Ventures,Medium,Moderately Recoverable,91.04,20.0,2025-12-23
SEC-357-3,Surat EcoTex Dyeing Pvt Ltd,Surat,Gujarat,Textile Dyeing & Processing,Printing Dye Sludge,Textile,9947.77,8.3,1303.34,496.72,763.8,184.41,2381.18,449.44,53.45,41.26,Color Pigments,77.18,78.56,42.92,25.54,4.29,80.0,72.24,36.49,108.36,72.14,46.31,3701762.67,Thermal Insulation Boards,Emerging,UltraTech EcoBuild,Low,Highly Recoverable,48.19,5.0,2025-12-23
SEC-357-4,Surat EcoTex Dyeing Pvt Ltd,Surat,Gujarat,Textile Dyeing & Processing,Chemical Effluent,Mixed,14769.92,5.66,176.51,454.62,1562.65,147.85,680.11,117.01,9.26,45.58,Organic Contaminants,43.51,43.2,57.14,12.3,1.64,91.6,33.74,41.97,322.14,61.41,58.44,2468886.01,Compressed Construction Blocks,Emerging,EcoPack India,Medium,Low Recovery Potential,51.64,13.9,2025-12-23
SEC-357-5,Surat EcoTex Dyeing Pvt Ltd,Surat,Gujarat,Textile Dyeing & Processing,Textile Dye Waste,Mixed,2862.49,6.75,441.53,622.76,1654.72,533.48,6581.69,442.36,49.54,54.0,Organic Contaminants,50.57,49.03,52.79,33.91,6.75,91.75,28.99,63.83,285.24,35.26,50.52,1632277.75,Industrial Pigments,Emerging,JSW Green Materials,Medium,Moderately Recoverable,58.83,20.1,2025-12-23
SEC-358-1,Surat EcoTex Dyeing Pvt Ltd,Surat,Gujarat,Textile Dyeing & Processing,Printing Dye Sludge,Chemical,1846.45,5.87,961.9,604.36,2219.64,167.55,477.03,250.13,33.75,29.26,Color Pigments,49.47,47.68,72.57,18.02,7.58,97.99,25.26,61.07,374.68,74.63,63.07,3592034.17,Eco Packaging Sheets,High,UltraTech EcoBuild,Low,Moderately Recoverable,54.65,10.3,2025-12-24
SEC-358-2,Surat EcoTex Dyeing Pvt Ltd,Surat,Gujarat,Textile Dyeing & Processing,Sludge,Mixed,1489.41,5.98,741.72,342.91,4806.56,231.07,8471.43,359.13,35.06,38.58,Low Contamination,88.44,83.35,88.52,58.68,4.31,85.94,26.32,57.75,384.7,39.33,44.21,168694.19,Compressed Construction Blocks,High,Reliance Circular Ventures,Low,Needs Advanced Treatment,58.51,23.2,2025-12-24
SEC-358-3,Surat EcoTex Dyeing Pvt Ltd,Surat,Gujarat,Textile Dyeing & Processing,Textile Dye Waste,Polymer,3101.79,8.28,1032.35,368.68,1961.99,93.96,8031.84,258.74,25.01,30.46,Organic Contaminants,59.18,56.89,84.49,18.53,7.55,89.73,74.41,78.13,223.51,51.7,38.33,2616914.57,Eco Packaging Sheets,Medium,EcoPack India,Medium,Highly Recoverable,68.11,21.2,2025-12-24
SEC-359-1,Surat EcoTex Dyeing Pvt Ltd,Surat,Gujarat,Textile Dyeing & Processing,Fabric Fiber Residue,Chemical,7630.04,6.29,495.59,248.35,8393.27,531.03,2814.69,427.53,51.74,33.34,Heavy Metals,93.15,98.07,72.02,64.58,7.03,90.73,56.24,76.61,428.85,51.58,44.24,3972672.6,Eco Packaging Sheets,Emerging,UltraTech EcoBuild,Low,Low Recovery Potential,78.03,23.3,2025-12-25
SEC-359-2,Surat EcoTex Dyeing Pvt Ltd,Surat,Gujarat,Textile Dyeing & Processing,Textile Dye Waste,Mixed,14892.52,7.04,996.74,546.54,2574.56,91.29,544.6,418.16,35.22,40.86,Organic Contaminants,71.11,65.39,50.12,53.31,1.17,63.13,21.5,36.38,216.19,42.71,59.28,211759.81,Industrial Pigments,Medium,Reliance Circular Ventures,Medium,Moderately Recoverable,46.76,24.8,2025-12-25
SEC-360-1,Surat EcoTex Dyeing Pvt Ltd,Surat,Gujarat,Textile Dyeing & Processing,Fabric Fiber Residue,Textile,10568.38,7.34,210.6,285.22,1311.84,103.0,1384.87,589.49,65.23,38.71,Low Contamination,42.45,41.47,88.64,32.67,8.45,57.62,35.2,73.71,259.33,61.3,59.52,745702.96,Eco Packaging Sheets,Very High,Reliance Circular Ventures,High,Highly Recoverable,52.31,24.0,2025-12-26
SEC-360-2,Surat EcoTex Dyeing Pvt Ltd,Surat,Gujarat,Textile Dyeing & Processing,Fabric Fiber Residue,Mixed,11060.44,8.69,257.97,678.98,3728.91,388.31,8247.69,154.75,8.26,30.46,Chromium,40.48,32.85,87.43,64.72,2.66,54.78,22.48,83.7,106.23,55.8,63.14,3558201.44,Eco Packaging Sheets,Emerging,Reliance Circular Ventures,Medium,Low Recovery Potential,58.64,20.3,2025-12-26
SEC-360-3,Surat EcoTex Dyeing Pvt Ltd,Surat,Gujarat,Textile Dyeing & Processing,Fabric Fiber Residue,Mixed,13785.79,7.88,498.01,195.83,1204.79,582.33,5497.87,265.64,2.71,40.45,Chromium,54.54,47.78,92.99,15.9,2.15,78.81,53.06,76.31,288.07,90.66,48.52,4181594.89,Industrial Pigments,Very High,Reliance Circular Ventures,Low,Low Recovery Potential,82.93,17.1,2025-12-26
SEC-361-1,Surat EcoTex Dyeing Pvt Ltd,Surat,Gujarat,Textile Dyeing & Processing,Fabric Fiber Residue,Mixed,6461.77,6.92,1180.48,595.76,4522.49,202.38,761.64,303.22,43.05,52.88,Heavy Metals,66.71,69.4,88.54,21.72,2.76,84.21,32.55,84.78,111.38,35.98,5.44,3400969.07,Eco Packaging Sheets,Medium,UltraTech EcoBuild,High,Moderately Recoverable,79.64,13.7,2025-12-27
SEC-361-2,Surat EcoTex Dyeing Pvt Ltd,Surat,Gujarat,Textile Dyeing & Processing,Textile Dye Waste,Textile,6193.23,7.57,1144.53,530.39,3218.87,353.32,5659.28,394.4,50.36,49.32,Organic Contaminants,70.63,77.55,41.32,56.62,4.99,57.8,18.33,98.42,149.84,79.1,32.77,1801552.38,Industrial Pigments,Medium,GreenBuild Gujarat,Low,Low Recovery Potential,75.62,16.0,2025-12-27
SEC-361-3,Surat EcoTex Dyeing Pvt Ltd,Surat,Gujarat,Textile Dyeing & Processing,Sludge,Chemical,7091.31,7.96,333.26,499.54,5063.44,47.4,4891.38,587.78,32.11,33.68,Low Contamination,70.46,69.52,93.9,28.23,3.52,77.37,33.77,58.75,383.79,71.71,23.21,1732674.64,Eco Packaging Sheets,Very High,EcoPack India,Low,Moderately Recoverable,44.47,14.8,2025-12-27
SEC-361-4,Surat EcoTex Dyeing Pvt Ltd,Surat,Gujarat,Textile Dyeing & Processing,Textile Dye Waste,Polymer,11741.14,8.29,890.11,444.69,1447.19,620.03,7102.67,423.67,41.48,48.14,Organic Contaminants,54.59,49.22,43.68,25.14,5.03,81.95,77.0,89.14,447.46,24.15,58.13,2554057.37,Compressed Construction Blocks,High,EcoPack India,High,Low Recovery Potential,76.78,16.6,2025-12-27
SEC-361-5,Surat EcoTex Dyeing Pvt Ltd,Surat,Gujarat,Textile Dyeing & Processing,Printing Dye Sludge,Textile,9759.95,6.09,1396.77,546.7,6852.9,648.2,7934.78,374.39,3.07,50.56,Chromium,72.19,58.18,70.18,40.88,8.02,89.28,43.63,97.02,425.85,35.36,63.71,1244965.11,Acoustic Insulation Panels,Medium,Reliance Circular Ventures,Low,Needs Advanced Treatment,73.95,28.1,2025-12-27
SEC-362-1,Surat EcoTex Dyeing Pvt Ltd,Surat,Gujarat,Textile Dyeing & Processing,Printing Dye Sludge,Textile,1933.89,6.84,941.8,504.21,4618.24,98.02,753.91,70.72,2.59,51.08,Oil Residue,90.42,77.18,85.98,63.74,5.71,70.73,78.72,96.59,189.52,34.17,22.3,294920.21,Acoustic Insulation Panels,High,Reliance Circular Ventures,Low,Low Recovery Potential,90.26,16.8,2025-12-28
SEC-362-2,Surat EcoTex Dyeing Pvt Ltd,Surat,Gujarat,Textile Dyeing & Processing,Textile Dye Waste,Mixed,11740.23,5.58,592.85,358.89,4109.24,639.72,3488.85,277.1,63.9,54.17,Oil Residue,64.99,61.12,33.04,33.0,1.92,80.83,40.91,65.53,64.87,94.98,55.54,2272930.57,Industrial Pigments,Emerging,JSW Green Materials,Low,Low Recovery Potential,95.38,21.4,2025-12-28
SEC-362-3,Surat EcoTex Dyeing Pvt Ltd,Surat,Gujarat,Textile Dyeing & Processing,Chemical Effluent,Chemical,10528.69,7.68,168.13,662.27,1908.15,71.63,3694.37,28.37,16.94,55.12,Heavy Metals,86.23,73.86,27.41,39.68,2.63,77.71,75.46,75.23,263.29,70.37,50.35,2865640.01,Compressed Construction Blocks,Emerging,UltraTech EcoBuild,High,Highly Recoverable,82.08,19.9,2025-12-28
SEC-362-4,Surat EcoTex Dyeing Pvt Ltd,Surat,Gujarat,Textile Dyeing & Processing,Textile Dye Waste,Mixed,11494.7,8.16,610.5,524.99,6590.92,193.66,6132.56,109.35,35.39,55.92,Chromium,41.26,34.8,75.16,15.87,1.25,74.15,18.44,80.05,270.84,22.26,59.53,762574.85,Thermal Insulation Boards,Very High,EcoPack India,Medium,Moderately Recoverable,91.94,12.0,2025-12-28
SEC-363-1,Surat EcoTex Dyeing Pvt Ltd,Surat,Gujarat,Textile Dyeing & Processing,Printing Dye Sludge,Polymer,13924.82,5.71,701.94,43.48,5518.22,312.32,4376.23,41.69,14.28,51.88,Heavy Metals,94.86,103.76,39.6,33.93,3.9,95.04,41.77,94.54,242.68,71.52,63.96,401192.96,Compressed Construction Blocks,High,GreenBuild Gujarat,Low,Highly Recoverable,80.14,17.4,2025-12-29
SEC-363-2,Surat EcoTex Dyeing Pvt Ltd,Surat,Gujarat,Textile Dyeing & Processing,Chemical Effluent,Chemical,11638.28,6.45,1093.08,414.54,4104.59,512.51,1623.87,49.59,66.8,51.42,Oil Residue,97.16,104.45,51.2,23.14,1.89,47.19,29.89,90.05,447.05,49.16,44.36,4300422.56,Eco Packaging Sheets,High,Reliance Circular Ventures,Low,Low Recovery Potential,72.88,7.5,2025-12-29
SEC-364-1,Surat EcoTex Dyeing Pvt Ltd,Surat,Gujarat,Textile Dyeing & Processing,Sludge,Mixed,14281.34,7.72,629.78,494.66,8888.9,250.28,8073.4,409.53,23.93,38.79,Low Contamination,97.67,93.65,83.65,23.08,2.06,77.71,25.32,67.85,219.75,81.11,29.92,1365910.07,Eco Packaging Sheets,Emerging,GreenBuild Gujarat,Low,Moderately Recoverable,57.23,26.6,2025-12-30
SEC-364-2,Surat EcoTex Dyeing Pvt Ltd,Surat,Gujarat,Textile Dyeing & Processing,Chemical Effluent,Textile,1160.07,7.42,1160.56,259.48,8145.48,522.23,2292.1,230.53,21.0,26.33,Low Contamination,59.01,58.54,28.17,43.4,1.19,92.73,26.91,97.0,204.45,64.22,53.47,2726866.41,Industrial Pigments,High,JSW Green Materials,High,Low Recovery Potential,78.62,13.1,2025-12-30
SEC-364-3,Surat EcoTex Dyeing Pvt Ltd,Surat,Gujarat,Textile Dyeing & Processing,Chemical Effluent,Chemical,14713.28,6.74,304.23,431.08,8822.82,341.74,2921.94,221.36,37.24,44.47,Organic Contaminants,47.69,48.78,33.33,23.94,9.76,56.05,27.4,40.03,38.85,61.49,42.28,1066291.91,Acoustic Insulation Panels,High,JSW Green Materials,Low,Low Recovery Potential,85.55,10.8,2025-12-30
SEC-364-4,Surat EcoTex Dyeing Pvt Ltd,Surat,Gujarat,Textile Dyeing & Processing,Printing Dye Sludge,Mixed,694.77,6.02,193.58,641.65,7699.01,648.13,4470.56,571.72,60.12,56.96,Color Pigments,66.93,60.11,67.9,55.48,9.43,82.33,16.08,88.39,135.36,73.04,55.18,2652348.7,Industrial Pigments,Very High,EcoPack India,Medium,Highly Recoverable,79.28,9.1,2025-12-30
SEC-365-1,Surat EcoTex Dyeing Pvt Ltd,Surat,Gujarat,Textile Dyeing & Processing,Textile Dye Waste,Chemical,4961.69,8.37,339.47,328.53,8431.39,514.69,7562.01,142.39,56.14,48.24,Chromium,77.63,82.87,44.89,54.75,3.85,92.75,14.73,74.92,449.94,87.71,8.83,4489323.83,Eco Packaging Sheets,Medium,Reliance Circular Ventures,High,Low Recovery Potential,46.69,19.2,2025-12-31
SEC-365-2,Surat EcoTex Dyeing Pvt Ltd,Surat,Gujarat,Textile Dyeing & Processing,Sludge,Textile,12340.3,8.29,538.29,404.39,6822.49,83.06,672.18,542.83,12.11,38.76,Oil Residue,71.58,69.52,25.75,26.88,2.06,71.2,67.89,71.22,164.15,33.09,41.82,150502.06,Compressed Construction Blocks,Emerging,EcoPack India,Low,Low Recovery Potential,91.55,20.2,2025-12-31
SEC-365-3,Surat EcoTex Dyeing Pvt Ltd,Surat,Gujarat,Textile Dyeing & Processing,Textile Dye Waste,Chemical,11499.01,5.43,202.22,42.58,5093.6,62.95,3248.13,512.94,43.57,46.41,Organic Contaminants,85.45,71.49,68.44,12.19,7.97,66.47,22.76,79.32,241.46,73.23,44.91,2827983.03,Eco Bricks,Medium,Reliance Circular Ventures,Low,Low Recovery Potential,90.51,9.4,2025-12-31
SEC-365-4,Surat EcoTex Dyeing Pvt Ltd,Surat,Gujarat,Textile Dyeing & Processing,Fabric Fiber Residue,Textile,9352.43,7.09,396.37,369.52,4065.39,420.81,4744.92,542.51,33.31,53.39,Heavy Metals,52.55,49.75,71.77,60.33,1.86,56.36,58.98,38.73,434.1,16.36,58.74,2619972.67,Compressed Construction Blocks,High,GreenBuild Gujarat,High,Needs Advanced Treatment,59.09,12.5,2025-12-31
SEC-365-5,Surat EcoTex Dyeing Pvt Ltd,Surat,Gujarat,Textile Dyeing & Processing,Printing Dye Sludge,Polymer,13078.31,7.3,1300.38,152.87,8919.06,645.5,3564.09,503.15,20.85,26.37,Organic Contaminants,41.8,34.12,76.0,62.65,3.18,59.08,61.95,56.15,48.18,34.21,20.84,2141150.49,Acoustic Insulation Panels,High,GreenBuild Gujarat,Low,Moderately Recoverable,57.09,21.6,2025-12-31
