batch_id,factory_name,city,waste_type,material_category,quantity_kg,contaminants,pH,COD_mg_L,BOD_mg_L,TDS_mg_L,turbidity_NTU,conductivity_uS_cm,dye_concentration_ppm,sludge_percentage,temperature_C,recyclability_score,recovery_feasibility_score,profitability_score,predicted_roi_percent,estimated_market_value_inr,recommended_product,recommended_buyer,upload_date
RW-10000,Griffith Group,Tiruppur,Sludge,Textile,976.79,Organic Contaminants,5.42,675.41,158.28,1730.32,140.53,3873.5,13.39,41.89,40.45,71.53,76.04,31.94,17.62,11518.32,Insulation Boards,GreenBuild Industries,2024-08-18
RW-10001,Johnson-Flores,Ahmedabad,Textile Dye Waste,Chemical,579.56,Heavy Metals,5.09,472.62,13.73,3771.79,75.47,301.59,43.72,59.97,29.14,71.71,70.87,51.82,55.57,439416.96,Industrial Pigments,EcoPack Solutions,2024-10-31
RW-10002,"Bell, Jones and Johnson",Kanpur,Chemical Effluent,Polymer,2252.97,Organic Contaminants,4.52,299.53,156.12,4724.34,5.53,3278.84,39.01,47.57,35.32,92.15,82.89,87.17,30.55,356899.26,Acoustic Panels,CircularTex Pvt Ltd,2025-11-12
RW-10003,Brennan-Ball,Jaipur,Chemical Effluent,Polymer,3057.28,Organic Contaminants,6.4,81.66,156.45,1626.09,85.51,954.2,198.06,38.54,22.5,67.33,49.13,32.93,13.42,330765.07,Industrial Pigments,UrbanEco Materials,2025-10-03
RW-10004,Moyer-Ward,Ahmedabad,Chemical Effluent,Chemical,424.45,High TDS,8.71,591.44,119.57,572.2,140.72,3622.43,164.42,25.0,46.56,54.26,59.37,88.44,40.88,19006.6,Eco Packaging,SustainFab Industries,2024-08-07
RW-10005,"Wilson, Ballard and Robinson",Surat,Fabric Scraps,Polymer,4909.96,Lead,6.95,171.69,264.58,3987.65,288.97,583.52,157.43,29.98,31.57,74.63,65.77,20.75,41.58,285909.0,Eco Bricks,UrbanEco Materials,2026-03-23
RW-10006,Lawrence Ltd,Ahmedabad,Chemical Effluent,Organic,3107.03,Color Pigments,8.82,152.04,373.39,1733.81,16.74,2166.14,79.37,37.81,20.16,62.66,52.5,73.24,5.11,425976.24,Recycled Fiber Sheets,SustainFab Industries,2024-06-03
RW-10007,"Lee, Fisher and Lawrence",Kanpur,Chemical Effluent,Polymer,609.83,Oil Residue,4.67,289.35,326.13,3143.32,152.76,140.16,65.55,26.37,22.74,83.2,66.24,93.02,34.59,316815.1,Industrial Pigments,EcoPack Solutions,2026-02-01
RW-10008,Young-Sparks,Ludhiana,Sludge,Polymer,4624.62,Sulfide,6.11,626.41,263.9,1850.57,41.77,3865.96,103.66,44.29,27.62,72.62,55.7,39.15,15.01,73778.75,Acoustic Panels,CircularTex Pvt Ltd,2025-05-03
RW-10009,"Munoz, Walters and Garcia",Ahmedabad,Polyester Fiber Scrap,Polymer,2062.56,Chromium,5.89,866.07,65.01,1289.36,194.61,2993.79,63.98,5.7,24.83,61.76,64.71,90.81,8.24,319513.91,Eco Packaging,EcoPack Solutions,2025-03-28
RW-10010,"Espinoza, Mckenzie and Mayo",Coimbatore,Textile Dye Waste,Mixed,3538.31,Color Pigments,7.5,341.74,288.79,465.32,239.64,2082.42,56.74,58.57,24.49,37.88,28.23,93.65,57.98,94526.02,Recycled Fiber Sheets,SustainFab Industries,2024-11-30
RW-10011,"Nunez, Black and Chen",Coimbatore,Synthetic Fiber Residue,Organic,3327.48,Color Pigments,6.84,883.38,352.92,3033.51,232.2,1980.95,132.67,15.04,30.23,71.77,55.49,87.81,37.46,393686.93,Insulation Boards,GreenBuild Industries,2025-04-21
RW-10012,Anderson PLC,Surat,Cotton Wastewater,Organic,2751.84,Low Contamination,5.72,75.14,218.71,2102.41,270.91,3656.06,62.16,14.33,24.49,78.39,57.95,46.21,18.65,371889.85,Industrial Pigments,EcoPack Solutions,2025-07-28
RW-10013,Moore LLC,Mumbai,Synthetic Fiber Residue,Chemical,1497.81,Low Contamination,4.66,747.38,345.63,3139.69,295.33,2603.58,57.86,31.56,51.07,84.43,69.73,55.09,57.82,254142.19,Acoustic Panels,UrbanEco Materials,2025-12-24
RW-10014,"Sanford, Smith and Ferguson",Kanpur,Industrial Wastewater,Organic,3007.95,Sulfide,5.53,394.2,353.92,1351.87,97.45,1046.37,87.65,39.34,40.4,54.18,49.25,75.55,24.93,220926.01,Recycled Fiber Sheets,SustainFab Industries,2024-07-31
RW-10015,"Johnston, Mckee and Chan",Kanpur,Polyester Fiber Scrap,Organic,4150.64,Heavy Metals,7.75,396.49,321.92,3000.22,158.23,533.78,84.55,47.82,49.67,35.12,30.94,62.54,23.3,279017.07,Recycled Fiber Sheets,GreenBuild Industries,2024-09-12
RW-10016,"Higgins, Clark and Smith",Tiruppur,Cotton Wastewater,Polymer,3359.4,Sulfide,7.02,785.87,257.68,1888.59,100.98,3393.62,28.05,49.49,26.75,74.82,57.57,76.94,55.35,142975.26,Recycled Fiber Sheets,SustainFab Industries,2024-10-09
RW-10017,Gonzalez-Williams,Ahmedabad,Mixed Textile Waste,Chemical,1968.12,Heavy Metals,5.18,498.05,96.11,4265.61,231.96,1464.26,136.25,17.54,46.92,73.89,72.51,51.23,38.5,145671.98,Insulation Boards,EcoPack Solutions,2024-08-30
RW-10018,"Cummings, Dunlap and Owens",Coimbatore,Chemical Effluent,Chemical,4192.58,Sulfide,7.8,251.98,386.27,2499.21,290.93,2165.7,24.51,12.94,21.71,30.22,31.7,52.54,42.26,162530.75,Recycled Fiber Sheets,EcoPack Solutions,2025-05-24
RW-10019,Arnold-Hayes,Jaipur,Polyester Fiber Scrap,Organic,1876.17,Sulfide,7.16,279.44,351.99,3753.09,93.51,1239.99,133.92,3.82,51.55,57.86,41.05,92.26,14.82,425339.57,Acoustic Panels,RenewLoop Manufacturing,2025-08-21
RW-10020,Williams LLC,Surat,Chemical Effluent,Polymer,4201.56,Color Pigments,7.24,739.32,228.41,2033.78,108.98,740.1,11.57,9.73,44.03,67.57,59.73,42.96,30.31,398977.32,Eco Packaging,GreenBuild Industries,2025-05-10
RW-10021,"Ramirez, Gonzalez and Osborn",Ahmedabad,Polyester Fiber Scrap,Textile,362.61,High TDS,5.14,105.44,269.66,1191.23,219.54,3890.5,18.65,55.57,20.45,67.34,65.45,85.17,49.24,364747.78,Eco Bricks,EcoPack Solutions,2026-04-25
RW-10022,Phillips-Lucas,Ludhiana,Sludge,Organic,858.05,Chromium,6.47,739.75,90.63,1873.67,213.28,3180.55,63.57,28.45,47.11,97.84,92.42,52.21,7.64,292372.12,Acoustic Panels,SustainFab Industries,2025-09-02
RW-10023,English LLC,Surat,Mixed Textile Waste,Textile,4950.24,Oil Residue,5.38,845.65,19.9,1945.94,214.22,402.3,30.21,23.38,32.03,38.56,34.85,88.13,33.13,420838.33,Acoustic Panels,CircularTex Pvt Ltd,2024-11-02
RW-10024,Miller Inc,Mumbai,Industrial Wastewater,Polymer,212.99,Heavy Metals,5.92,335.28,81.87,1984.0,172.09,1394.16,146.5,38.95,51.71,56.76,44.21,85.83,8.66,343597.68,Recycled Fiber Sheets,EcoPack Solutions,2025-03-13
RW-10025,"Palmer, Maldonado and Tucker",Ludhiana,Chemical Effluent,Mixed,1647.34,Chromium,7.06,504.63,63.22,1174.75,152.44,1277.51,199.34,16.2,41.76,59.22,55.65,22.09,8.29,415276.91,Recycled Fiber Sheets,EcoPack Solutions,2025-10-31
RW-10026,"Myers, Gonzalez and Nixon",Ahmedabad,Fabric Scraps,Textile,2215.61,Heavy Metals,4.96,662.67,168.27,1321.84,242.4,152.11,36.03,20.23,29.18,93.84,88.84,74.54,48.86,409284.08,Recycled Fiber Sheets,EcoPack Solutions,2024-12-29
RW-10027,Wise LLC,Ahmedabad,Industrial Wastewater,Polymer,451.19,Microplastics,6.47,888.93,290.5,4194.32,224.28,3737.82,129.27,38.41,47.67,70.76,66.48,48.74,19.4,419496.03,Eco Packaging,UrbanEco Materials,2026-01-28
RW-10028,Wallace-Holden,Kanpur,Industrial Wastewater,Mixed,2110.18,High TDS,5.11,409.44,196.9,702.62,24.02,2406.08,162.71,29.43,51.46,74.85,78.43,86.79,40.74,486816.25,Insulation Boards,RenewLoop Manufacturing,2025-01-11
RW-10029,Vaughn LLC,Ahmedabad,Synthetic Fiber Residue,Organic,4123.9,Low Contamination,5.04,165.17,224.38,745.66,50.85,1108.66,63.87,24.92,25.55,42.39,35.77,29.58,46.72,304674.72,Industrial Pigments,RenewLoop Manufacturing,2025-08-02
RW-10030,Oconnor-Wright,Ahmedabad,Cotton Wastewater,Polymer,4262.67,Oil Residue,8.19,134.26,26.11,1355.91,256.25,2045.41,168.51,1.59,43.79,30.62,30.47,57.94,42.28,176794.43,Industrial Pigments,GreenBuild Industries,2024-07-15
RW-10031,"Reese, Johnson and Johnson",Coimbatore,Fabric Scraps,Textile,4807.09,Oil Residue,5.52,701.71,100.25,1733.8,184.59,1881.3,162.22,59.23,20.94,40.96,32.23,46.85,17.98,79887.34,Industrial Pigments,CircularTex Pvt Ltd,2025-11-13
RW-10032,"Jones, Thomas and Michael",Mumbai,Synthetic Fiber Residue,Mixed,1879.97,Sulfide,5.19,139.36,107.98,2475.65,111.24,2545.64,179.54,54.0,26.02,91.23,75.68,56.62,17.05,17668.43,Industrial Pigments,SustainFab Industries,2024-05-28
RW-10033,Brown Group,Tiruppur,Dye Residue,Chemical,193.27,Heavy Metals,6.73,574.66,55.98,325.85,40.86,3156.95,11.06,52.64,47.58,77.53,60.72,88.48,18.82,268086.95,Acoustic Panels,UrbanEco Materials,2025-11-28
RW-10034,Beard-Larson,Mumbai,Synthetic Fiber Residue,Polymer,1872.02,Chromium,8.82,112.22,376.59,4263.65,238.29,3287.54,77.71,32.05,30.14,95.63,78.95,88.26,29.65,201230.68,Acoustic Panels,CircularTex Pvt Ltd,2024-06-05
RW-10035,"Murphy, White and Carlson",Ludhiana,Polyester Fiber Scrap,Mixed,3855.91,Lead,5.61,737.35,377.07,2635.48,10.82,258.19,130.64,14.15,51.24,38.86,32.54,49.89,20.01,48004.96,Eco Bricks,SustainFab Industries,2026-01-31
RW-10036,Robinson Group,Kanpur,Chemical Effluent,Textile,1642.37,Microplastics,6.18,331.53,264.53,4646.71,51.64,1996.91,62.29,57.38,25.59,31.3,27.59,47.54,31.89,194354.37,Recycled Fiber Sheets,CircularTex Pvt Ltd,2025-08-31
RW-10037,Ross-Allen,Ahmedabad,Polyester Fiber Scrap,Mixed,1113.83,Organic Contaminants,8.91,198.73,390.02,3797.27,11.03,1670.62,90.91,31.77,35.86,96.31,72.06,87.99,27.5,112551.53,Eco Bricks,SustainFab Industries,2026-01-02
RW-10038,Cooper Group,Ludhiana,Industrial Wastewater,Mixed,3248.76,Lead,5.9,637.75,214.62,1768.14,200.39,260.63,26.68,43.44,35.65,96.81,90.0,21.31,26.31,31878.86,Insulation Boards,CircularTex Pvt Ltd,2025-01-17
RW-10039,Stone Group,Coimbatore,Fabric Scraps,Chemical,4423.68,Lead,5.9,98.48,308.25,2984.09,133.36,204.22,124.04,7.52,52.66,63.04,54.61,37.28,55.39,451966.14,Industrial Pigments,RenewLoop Manufacturing,2025-10-14
RW-10040,"Gallegos, Nichols and Santos",Mumbai,Fabric Scraps,Mixed,700.41,Microplastics,5.04,380.12,70.73,3485.8,181.16,3948.24,86.92,22.06,54.57,58.47,51.31,77.22,46.37,65443.83,Insulation Boards,CircularTex Pvt Ltd,2024-08-20
RW-10041,"Rivera, Waters and Morse",Kanpur,Fabric Scraps,Polymer,1884.53,Heavy Metals,6.88,658.23,98.03,1193.1,222.47,3717.24,133.23,12.5,45.22,75.28,71.29,64.27,25.92,196673.01,Acoustic Panels,RenewLoop Manufacturing,2024-06-02
RW-10042,Brown Group,Mumbai,Mixed Textile Waste,Polymer,2360.14,Color Pigments,7.91,644.25,249.34,4296.04,191.74,1473.34,165.6,26.84,50.59,75.73,69.77,58.06,52.12,432572.47,Industrial Pigments,SustainFab Industries,2025-11-02
RW-10043,"Farley, Holland and Moreno",Tiruppur,Cotton Wastewater,Textile,2539.21,Organic Contaminants,8.14,535.34,398.26,2651.54,151.44,3438.43,148.3,35.56,45.1,21.34,18.63,25.56,14.74,357401.0,Insulation Boards,GreenBuild Industries,2024-07-17
RW-10044,"Schwartz, Ramos and Cruz",Jaipur,Textile Dye Waste,Textile,4234.03,Lead,5.26,169.56,162.14,3767.93,61.32,2745.77,123.6,32.18,33.65,71.66,59.12,43.16,7.18,323599.42,Industrial Pigments,SustainFab Industries,2025-02-17
RW-10045,Mosley-Howard,Coimbatore,Industrial Wastewater,Chemical,4583.99,Low Contamination,8.23,821.89,288.36,819.44,6.82,303.11,121.22,57.33,22.45,93.78,86.58,77.91,23.99,170149.53,Eco Packaging,RenewLoop Manufacturing,2025-12-09
RW-10046,Dean-Johnson,Surat,Sludge,Organic,4357.18,Organic Contaminants,5.9,824.15,46.35,2143.31,30.29,515.24,86.75,8.14,43.23,84.1,59.16,47.87,35.03,362139.58,Eco Bricks,CircularTex Pvt Ltd,2025-08-17
RW-10047,Garza PLC,Tiruppur,Synthetic Fiber Residue,Polymer,222.74,Oil Residue,6.3,179.95,359.47,2226.5,221.76,1454.72,198.23,5.99,49.43,52.96,46.31,24.15,21.16,418503.73,Eco Packaging,SustainFab Industries,2025-05-27
RW-10048,"Lee, Williamson and Caldwell",Coimbatore,Dye Residue,Chemical,177.98,Low Contamination,7.08,658.19,56.25,510.06,208.56,1524.48,190.55,2.88,24.65,78.6,62.26,66.15,19.61,238356.05,Recycled Fiber Sheets,GreenBuild Industries,2026-01-27
RW-10049,Robertson Inc,Mumbai,Textile Dye Waste,Polymer,3357.88,Organic Contaminants,4.57,713.15,234.77,1279.66,53.1,3131.99,146.97,59.41,32.61,41.06,34.69,66.55,8.54,200864.51,Eco Packaging,CircularTex Pvt Ltd,2024-11-11
RW-10050,"Lee, Webb and Mills",Kanpur,Chemical Effluent,Chemical,3090.55,Oil Residue,7.75,566.64,291.75,584.25,26.9,603.82,27.79,26.24,48.55,91.35,68.89,23.42,30.7,350710.08,Eco Bricks,CircularTex Pvt Ltd,2024-09-04
RW-10051,Cowan PLC,Kanpur,Sludge,Polymer,2309.74,Oil Residue,4.65,532.73,84.84,4609.49,130.43,2952.46,10.31,41.29,38.14,54.75,39.71,45.41,36.19,131500.64,Insulation Boards,SustainFab Industries,2025-03-09
RW-10052,"Alvarez, Cooke and Taylor",Ahmedabad,Industrial Wastewater,Chemical,1460.49,Heavy Metals,7.01,63.98,60.74,3638.64,281.87,2012.22,160.34,13.44,20.04,27.33,28.63,27.02,20.99,480113.53,Eco Packaging,UrbanEco Materials,2024-07-29
RW-10053,"Perkins, Wilson and Mejia",Surat,Sludge,Mixed,4407.26,Lead,5.76,739.2,131.08,4442.12,170.27,2850.5,96.35,50.73,32.56,82.47,72.33,48.51,49.58,40471.58,Acoustic Panels,CircularTex Pvt Ltd,2024-09-01
RW-10054,"Lopez, Norman and Berry",Tiruppur,Chemical Effluent,Mixed,711.2,Sulfide,4.73,363.7,183.28,3733.83,277.41,1464.05,177.75,30.16,34.74,43.58,34.46,60.54,49.46,420224.5,Eco Packaging,UrbanEco Materials,2025-06-07
RW-10055,Hill PLC,Ahmedabad,Cotton Wastewater,Chemical,1360.49,Organic Contaminants,5.87,221.53,111.68,2814.52,254.18,1253.69,53.99,45.64,46.97,60.55,46.04,58.34,39.8,43018.43,Industrial Pigments,SustainFab Industries,2025-02-06
RW-10056,Davis Ltd,Surat,Mixed Textile Waste,Chemical,229.36,Oil Residue,5.63,288.26,193.43,3486.31,121.97,1947.49,135.92,47.98,34.96,96.51,90.75,92.94,34.52,245618.56,Eco Packaging,GreenBuild Industries,2026-04-11
RW-10057,"Hernandez, Moore and Allen",Mumbai,Synthetic Fiber Residue,Polymer,2288.64,Sulfide,8.49,518.01,271.94,4254.08,277.69,425.23,117.94,6.37,49.33,79.82,81.19,80.38,37.61,125285.83,Acoustic Panels,RenewLoop Manufacturing,2025-05-20
RW-10058,"Nguyen, Sharp and Thomas",Jaipur,Fabric Scraps,Polymer,1132.88,Color Pigments,7.05,572.62,353.25,2057.59,150.89,622.04,136.09,47.71,23.18,46.11,44.22,51.87,29.14,458659.9,Recycled Fiber Sheets,GreenBuild Industries,2026-04-05
RW-10059,Duke Inc,Ludhiana,Fabric Scraps,Polymer,651.55,Lead,4.76,605.41,186.3,2669.75,116.5,3728.26,145.23,6.38,40.86,35.31,31.93,42.99,10.29,185047.68,Eco Bricks,CircularTex Pvt Ltd,2026-05-04
RW-10060,Bullock PLC,Ahmedabad,Textile Dye Waste,Polymer,3101.78,Heavy Metals,4.53,734.49,15.62,4333.85,70.53,1867.34,127.88,20.83,31.88,79.29,60.95,74.01,52.8,132967.33,Eco Bricks,GreenBuild Industries,2025-11-14
RW-10061,Newton LLC,Coimbatore,Textile Dye Waste,Chemical,4834.01,Color Pigments,5.58,446.78,308.29,375.32,90.29,344.74,58.27,10.41,45.13,48.49,38.17,63.42,11.92,328035.07,Eco Bricks,RenewLoop Manufacturing,2024-09-04
RW-10062,Cain-Harrington,Jaipur,Mixed Textile Waste,Polymer,3956.31,Organic Contaminants,7.15,607.47,151.29,4294.57,236.74,655.63,192.54,58.45,46.76,68.06,71.28,61.31,23.69,190189.53,Acoustic Panels,RenewLoop Manufacturing,2025-02-06
RW-10063,Vasquez LLC,Coimbatore,Dye Residue,Mixed,4591.51,Color Pigments,4.62,805.73,358.6,3753.69,48.14,3590.91,115.26,56.95,22.25,50.76,50.9,62.21,9.0,391196.3,Industrial Pigments,RenewLoop Manufacturing,2025-03-27
RW-10064,Horton-Elliott,Coimbatore,Industrial Wastewater,Polymer,4282.45,Sulfide,4.7,250.04,314.43,3240.55,115.48,286.55,25.22,30.54,46.28,38.73,41.22,91.54,55.72,182000.27,Acoustic Panels,GreenBuild Industries,2025-07-25
RW-10065,Nguyen PLC,Ahmedabad,Dye Residue,Chemical,4057.17,Low Contamination,8.37,799.87,208.93,3122.83,157.39,1187.2,64.29,30.89,52.63,93.93,81.53,61.22,15.9,46283.25,Eco Packaging,CircularTex Pvt Ltd,2025-10-29
RW-10066,Miller-Mann,Coimbatore,Chemical Effluent,Organic,2223.78,Organic Contaminants,5.6,773.41,15.36,3983.58,159.9,592.6,119.41,50.74,24.71,24.51,23.34,78.76,46.49,201933.06,Insulation Boards,RenewLoop Manufacturing,2024-12-12
RW-10067,Mosley-Jackson,Ahmedabad,Sludge,Chemical,1049.52,Heavy Metals,8.33,755.87,42.81,1644.74,273.7,802.83,16.08,59.71,33.59,88.28,91.37,55.54,56.28,406301.23,Eco Bricks,CircularTex Pvt Ltd,2025-08-30
RW-10068,Kim Group,Coimbatore,Fabric Scraps,Chemical,3203.31,Organic Contaminants,8.18,887.53,351.58,528.35,71.52,1354.15,118.43,48.36,38.49,33.11,35.56,32.2,25.3,328821.45,Industrial Pigments,CircularTex Pvt Ltd,2024-05-29
RW-10069,"Hernandez, Hernandez and Alexander",Mumbai,Fabric Scraps,Textile,1204.79,Sulfide,4.87,838.1,58.42,3620.69,152.62,3276.34,33.31,38.88,49.26,74.81,73.87,70.83,26.04,393573.29,Recycled Fiber Sheets,RenewLoop Manufacturing,2026-04-21
RW-10070,Case LLC,Ahmedabad,Polyester Fiber Scrap,Organic,2315.37,Chromium,8.31,231.76,272.88,4533.77,145.27,3861.26,74.79,20.48,41.0,80.73,56.55,51.8,21.53,286593.56,Acoustic Panels,CircularTex Pvt Ltd,2024-05-26
RW-10071,"Orozco, Russell and Estrada",Mumbai,Cotton Wastewater,Organic,2265.29,Low Contamination,8.84,569.42,337.89,984.26,47.9,3095.22,63.23,8.85,52.19,62.5,57.09,89.55,30.56,413164.94,Acoustic Panels,EcoPack Solutions,2025-03-04
RW-10072,Roberts-Kaufman,Surat,Synthetic Fiber Residue,Polymer,4278.78,Organic Contaminants,7.68,86.39,115.87,739.51,53.97,1705.65,119.74,58.92,50.86,80.39,82.94,94.33,24.48,163783.31,Recycled Fiber Sheets,EcoPack Solutions,2025-07-15
RW-10073,Ross and Sons,Ludhiana,Chemical Effluent,Textile,2402.4,Heavy Metals,7.25,65.97,46.92,395.28,113.62,1894.46,117.43,6.41,52.67,44.98,43.07,34.01,38.33,463873.02,Industrial Pigments,EcoPack Solutions,2025-11-01
RW-10074,Glass-Ho,Ludhiana,Industrial Wastewater,Mixed,1970.06,Oil Residue,7.16,449.84,238.05,2056.2,228.06,3065.68,83.17,36.21,22.43,52.32,39.32,45.9,21.49,109719.4,Acoustic Panels,GreenBuild Industries,2025-04-04
RW-10075,Davies Group,Kanpur,Industrial Wastewater,Organic,3772.19,Sulfide,5.45,102.14,290.3,835.65,191.5,3400.35,31.11,1.15,30.05,45.26,36.4,59.53,5.98,343769.88,Industrial Pigments,RenewLoop Manufacturing,2024-08-11
RW-10076,Humphrey Inc,Ludhiana,Cotton Wastewater,Mixed,3009.33,Oil Residue,8.65,530.56,162.39,1309.59,93.03,467.76,186.52,16.93,34.18,54.33,40.24,65.35,6.45,140308.19,Industrial Pigments,RenewLoop Manufacturing,2025-12-10
RW-10077,Fields and Sons,Jaipur,Cotton Wastewater,Textile,2643.51,Sulfide,7.43,321.92,299.77,2137.11,208.05,2264.98,46.89,19.75,41.55,48.25,38.64,21.63,42.38,296244.92,Acoustic Panels,CircularTex Pvt Ltd,2026-04-28
RW-10078,Johnson LLC,Surat,Chemical Effluent,Textile,4705.93,Chromium,4.92,806.45,290.84,4148.07,59.38,1246.5,111.56,38.83,40.72,95.8,67.68,59.11,33.98,176107.93,Recycled Fiber Sheets,RenewLoop Manufacturing,2025-06-17
RW-10079,Cross-Robinson,Kanpur,Cotton Wastewater,Organic,1064.83,Organic Contaminants,7.32,681.27,61.56,3986.1,139.01,346.66,166.0,13.88,29.5,79.33,64.5,74.76,25.0,253090.94,Acoustic Panels,CircularTex Pvt Ltd,2024-10-22
RW-10080,Chapman Ltd,Kanpur,Mixed Textile Waste,Textile,3125.56,Organic Contaminants,6.76,288.95,53.86,1467.56,82.6,3111.93,66.14,56.6,32.43,83.88,92.07,32.74,47.98,127814.35,Eco Bricks,RenewLoop Manufacturing,2024-08-06
RW-10081,Pittman-Giles,Tiruppur,Industrial Wastewater,Textile,4954.74,Microplastics,5.62,567.84,41.33,698.65,252.4,3020.61,11.61,25.14,40.42,74.38,68.08,92.65,32.74,163498.58,Recycled Fiber Sheets,RenewLoop Manufacturing,2025-04-23
RW-10082,Cook-Murray,Surat,Synthetic Fiber Residue,Polymer,1876.63,Organic Contaminants,6.8,219.42,245.82,4908.0,42.22,2767.18,118.2,54.29,50.46,87.34,65.36,32.08,9.36,376533.22,Acoustic Panels,RenewLoop Manufacturing,2024-09-18
RW-10083,Wilson and Sons,Coimbatore,Textile Dye Waste,Chemical,1198.93,Chromium,5.38,218.88,311.04,698.7,166.65,2263.59,8.61,46.07,39.89,54.13,39.18,31.72,48.4,109293.72,Eco Bricks,RenewLoop Manufacturing,2024-11-04
RW-10084,Hall-Brown,Jaipur,Chemical Effluent,Textile,4413.5,Color Pigments,4.89,729.56,389.69,4551.98,264.88,1626.58,106.07,45.72,38.44,72.03,74.61,45.2,22.52,259437.45,Eco Packaging,SustainFab Industries,2024-08-19
RW-10085,Brock-Aguilar,Kanpur,Synthetic Fiber Residue,Textile,4676.69,High TDS,8.34,239.58,374.75,4474.63,15.99,3592.78,108.9,44.56,53.46,92.93,89.78,27.96,55.11,108512.02,Insulation Boards,UrbanEco Materials,2026-05-06
RW-10086,"Mitchell, Andrade and Ramirez",Coimbatore,Synthetic Fiber Residue,Chemical,3044.79,Microplastics,5.07,240.8,155.15,458.35,227.4,3544.13,11.53,58.38,48.31,87.42,94.1,53.24,33.45,140340.07,Eco Packaging,EcoPack Solutions,2024-11-01
RW-10087,Williamson-Garner,Ludhiana,Dye Residue,Mixed,1223.15,Heavy Metals,4.65,626.66,255.65,4651.2,238.94,1307.56,159.65,14.45,47.42,25.92,18.9,32.02,48.82,201503.33,Eco Bricks,EcoPack Solutions,2024-11-04
RW-10088,Foster-Anderson,Mumbai,Mixed Textile Waste,Textile,2786.95,High TDS,7.42,99.4,15.16,3975.81,112.7,3461.96,74.28,33.6,27.37,87.06,76.87,26.09,18.74,128924.72,Insulation Boards,SustainFab Industries,2025-04-25
RW-10089,"Gomez, James and Herrera",Ludhiana,Mixed Textile Waste,Chemical,1840.74,Oil Residue,4.91,76.2,277.0,4508.39,124.16,200.37,30.93,35.63,36.61,92.36,90.94,28.92,12.69,331269.23,Insulation Boards,EcoPack Solutions,2025-07-09
RW-10090,Soto-Montoya,Tiruppur,Chemical Effluent,Polymer,828.62,High TDS,4.93,833.38,31.8,221.71,183.23,1463.39,103.32,48.14,41.13,42.04,40.47,55.46,9.23,282817.47,Insulation Boards,RenewLoop Manufacturing,2025-09-12
RW-10091,Christian-Baker,Mumbai,Polyester Fiber Scrap,Mixed,3805.01,Organic Contaminants,8.08,426.79,49.28,1258.64,93.9,952.54,41.53,43.61,44.18,24.33,21.88,53.3,9.08,15782.17,Recycled Fiber Sheets,UrbanEco Materials,2025-12-30
RW-10092,Hodge-Miller,Coimbatore,Dye Residue,Chemical,3657.53,Low Contamination,6.32,763.64,141.63,4889.71,228.58,2278.08,122.5,23.27,48.68,59.24,46.7,32.21,7.24,459344.55,Recycled Fiber Sheets,GreenBuild Industries,2025-08-21
RW-10093,Brown-White,Kanpur,Sludge,Organic,1658.38,Low Contamination,5.66,780.59,328.08,4369.72,138.66,1521.75,128.62,31.97,43.45,52.53,49.17,66.09,40.93,423074.02,Industrial Pigments,EcoPack Solutions,2026-02-27
RW-10094,Sawyer-Gonzalez,Jaipur,Industrial Wastewater,Organic,1425.09,Organic Contaminants,5.01,301.79,348.33,641.78,135.86,3720.53,44.63,9.68,44.31,34.62,31.71,92.59,9.92,52645.22,Industrial Pigments,EcoPack Solutions,2026-03-23
RW-10095,Smith and Sons,Mumbai,Synthetic Fiber Residue,Textile,877.83,Lead,5.37,66.05,254.27,1144.72,17.81,2470.03,110.13,5.89,52.55,29.67,28.35,50.69,5.36,311706.46,Acoustic Panels,RenewLoop Manufacturing,2024-09-03
RW-10096,Neal LLC,Tiruppur,Polyester Fiber Scrap,Chemical,2172.59,Lead,6.12,896.34,109.49,2774.29,49.98,2761.94,99.49,27.34,49.61,22.64,17.68,28.46,41.3,374627.8,Eco Bricks,UrbanEco Materials,2024-05-24
RW-10097,"Sanders, Cox and Goodwin",Tiruppur,Mixed Textile Waste,Mixed,1225.29,Microplastics,8.17,511.51,329.46,1320.42,295.62,1721.44,119.3,47.22,37.96,74.2,69.98,53.21,29.57,25101.93,Recycled Fiber Sheets,EcoPack Solutions,2024-07-02
RW-10098,Mcclain PLC,Kanpur,Chemical Effluent,Mixed,932.97,Low Contamination,8.86,163.11,38.19,3543.1,24.35,830.58,107.6,33.36,27.05,46.41,48.83,82.36,19.65,196155.0,Eco Packaging,CircularTex Pvt Ltd,2024-11-27
RW-10099,Moran PLC,Ludhiana,Sludge,Organic,1153.04,Lead,7.94,196.51,368.95,3438.32,152.61,2254.24,59.91,58.48,32.07,50.16,39.73,30.35,7.0,177534.27,Acoustic Panels,UrbanEco Materials,2025-03-14
RW-10100,Mitchell-Garcia,Coimbatore,Sludge,Chemical,841.9,High TDS,8.87,145.93,351.33,2222.15,293.57,1959.3,50.51,26.85,49.59,20.25,15.55,39.02,29.6,291165.07,Insulation Boards,GreenBuild Industries,2025-10-15
RW-10101,"Dixon, Rose and Flores",Jaipur,Mixed Textile Waste,Polymer,643.63,Sulfide,7.58,83.5,31.11,3002.58,235.03,1285.55,24.67,38.98,24.1,61.23,44.44,44.13,11.07,386976.97,Industrial Pigments,SustainFab Industries,2024-05-22
RW-10102,Dennis-Johnson,Kanpur,Industrial Wastewater,Polymer,3077.58,Color Pigments,7.29,435.53,166.43,2934.29,63.24,2913.95,176.21,28.1,26.63,71.42,70.61,87.83,16.06,373148.82,Eco Bricks,EcoPack Solutions,2024-10-28
RW-10103,Conway-Wright,Ludhiana,Cotton Wastewater,Chemical,1497.7,Color Pigments,7.1,637.93,28.43,4421.58,156.54,108.17,116.12,47.51,34.07,56.06,54.02,59.68,21.27,55624.97,Industrial Pigments,CircularTex Pvt Ltd,2024-10-08
RW-10104,"Gonzalez, Adkins and Holland",Coimbatore,Fabric Scraps,Mixed,3450.54,Oil Residue,6.63,828.15,109.56,1997.57,15.39,852.19,133.88,42.07,32.82,47.36,37.17,22.91,10.78,396155.81,Industrial Pigments,EcoPack Solutions,2024-05-19
RW-10105,Buckley LLC,Jaipur,Textile Dye Waste,Polymer,3707.54,Lead,7.52,681.11,241.47,2167.5,229.89,2323.24,85.99,42.1,23.28,36.41,33.26,73.96,28.61,11115.95,Eco Packaging,GreenBuild Industries,2025-10-22
RW-10106,Jones Ltd,Jaipur,Industrial Wastewater,Chemical,995.31,Color Pigments,7.19,585.68,224.12,3650.56,99.32,3527.73,112.86,44.9,52.99,86.71,69.0,44.43,34.13,194587.01,Insulation Boards,SustainFab Industries,2026-04-17
RW-10107,"Parker, Powell and Johnson",Mumbai,Cotton Wastewater,Textile,3001.71,Microplastics,8.53,869.33,68.38,515.24,236.96,3727.02,48.88,34.23,43.61,29.05,23.7,77.86,47.56,282815.04,Acoustic Panels,GreenBuild Industries,2024-12-13
RW-10108,Williams-Benjamin,Mumbai,Sludge,Polymer,579.81,Microplastics,6.49,671.71,257.65,1859.97,64.87,1415.93,171.15,14.82,49.74,28.55,29.93,62.41,37.43,178867.6,Industrial Pigments,EcoPack Solutions,2024-05-10
RW-10109,"Lowe, Mason and Diaz",Tiruppur,Sludge,Mixed,1234.34,Microplastics,8.26,574.68,207.23,3040.75,275.71,2822.56,143.58,7.93,49.84,66.22,66.25,92.88,41.55,78322.13,Eco Packaging,EcoPack Solutions,2024-09-14
RW-10110,Glover-Hodges,Kanpur,Chemical Effluent,Polymer,474.28,Microplastics,5.99,246.79,285.8,1617.99,64.89,2807.26,46.3,46.1,36.43,61.9,51.47,37.1,46.06,246577.66,Insulation Boards,CircularTex Pvt Ltd,2025-06-30
RW-10111,"Anderson, Hamilton and Murphy",Surat,Sludge,Mixed,4735.03,Chromium,6.57,811.39,368.99,2842.74,112.67,895.39,120.23,38.07,44.08,35.17,29.7,56.97,47.42,82975.32,Insulation Boards,UrbanEco Materials,2025-05-02
RW-10112,Small-Rodriguez,Surat,Industrial Wastewater,Mixed,967.03,Sulfide,7.73,119.61,157.03,2605.45,18.54,2279.43,120.34,13.07,28.38,27.43,24.52,44.63,26.94,247144.06,Industrial Pigments,RenewLoop Manufacturing,2025-05-12
RW-10113,Miller and Sons,Surat,Synthetic Fiber Residue,Chemical,341.23,Oil Residue,6.15,168.39,301.46,2397.75,15.24,303.69,195.73,8.37,49.75,84.99,81.96,61.04,47.41,139922.42,Acoustic Panels,RenewLoop Manufacturing,2024-09-25
RW-10114,Wells-Thomas,Tiruppur,Sludge,Textile,2476.49,Chromium,6.41,662.93,369.69,1884.63,26.62,854.34,176.34,49.51,25.41,91.06,78.96,78.97,41.52,464016.19,Insulation Boards,EcoPack Solutions,2024-11-11
RW-10115,Dominguez-Gonzalez,Jaipur,Polyester Fiber Scrap,Chemical,3768.3,Heavy Metals,6.65,878.14,181.2,2275.18,23.42,2818.46,81.15,48.17,27.53,52.57,43.26,20.99,27.02,138127.61,Insulation Boards,EcoPack Solutions,2024-06-22
RW-10116,Chung Inc,Ludhiana,Chemical Effluent,Mixed,1933.11,Low Contamination,7.89,663.76,309.5,4502.0,147.3,1765.01,108.21,18.67,44.2,49.99,39.04,56.76,17.7,230237.88,Recycled Fiber Sheets,UrbanEco Materials,2026-04-01
RW-10117,Holmes-Todd,Ahmedabad,Synthetic Fiber Residue,Textile,584.68,Sulfide,8.79,324.69,331.58,2679.98,182.54,3028.72,154.65,45.87,49.36,36.94,28.24,59.34,45.0,225575.61,Recycled Fiber Sheets,RenewLoop Manufacturing,2025-01-05
RW-10118,Hernandez-Jones,Mumbai,Sludge,Textile,4178.29,Lead,8.96,521.19,200.74,2476.03,163.17,3175.26,31.75,19.47,23.75,88.71,86.65,66.2,50.77,453645.76,Industrial Pigments,EcoPack Solutions,2026-02-15
RW-10119,"Douglas, Chambers and Martinez",Coimbatore,Polyester Fiber Scrap,Polymer,3635.57,High TDS,5.19,528.54,395.74,2290.12,279.08,760.47,23.12,33.41,46.54,48.97,43.37,24.44,9.42,343672.32,Acoustic Panels,GreenBuild Industries,2025-12-14
RW-10120,Hernandez-Brown,Ahmedabad,Chemical Effluent,Polymer,2434.38,Microplastics,5.52,176.49,114.78,4486.09,15.46,1908.61,188.91,41.03,26.76,21.7,22.6,65.23,8.82,23584.94,Eco Packaging,EcoPack Solutions,2025-04-24
RW-10121,"Sanchez, Ramirez and Olsen",Ahmedabad,Synthetic Fiber Residue,Organic,4859.14,Heavy Metals,8.02,749.55,140.54,4929.37,215.67,2563.79,20.31,12.4,38.61,48.17,47.17,82.87,42.28,67108.66,Eco Packaging,EcoPack Solutions,2025-05-20
RW-10122,Coleman-Thompson,Surat,Fabric Scraps,Organic,618.73,Color Pigments,8.1,485.12,176.43,2143.63,160.52,2641.76,66.48,50.07,46.82,90.77,96.65,63.81,53.61,137986.01,Eco Bricks,GreenBuild Industries,2025-09-05
RW-10123,Ward Ltd,Ahmedabad,Chemical Effluent,Polymer,929.46,Oil Residue,8.07,563.67,300.84,1361.44,201.3,2000.13,179.39,58.54,51.56,39.84,41.36,89.9,56.05,100804.18,Industrial Pigments,SustainFab Industries,2024-05-17
RW-10124,Arroyo and Sons,Tiruppur,Sludge,Mixed,3618.05,High TDS,6.43,743.4,31.85,1446.56,69.49,688.41,122.37,30.6,34.49,77.43,70.1,23.0,35.06,345857.89,Insulation Boards,EcoPack Solutions,2024-10-30
RW-10125,Ramirez Group,Ludhiana,Mixed Textile Waste,Mixed,2841.41,Sulfide,8.63,598.11,31.73,1764.07,57.17,1736.12,189.53,58.39,22.87,49.77,35.74,47.53,29.75,18672.79,Eco Packaging,GreenBuild Industries,2025-11-01
RW-10126,"Taylor, Velasquez and Robbins",Ahmedabad,Fabric Scraps,Polymer,2048.72,Chromium,6.51,359.84,243.53,2143.65,118.68,2143.87,193.85,58.05,44.48,38.33,34.18,66.2,21.13,116697.55,Eco Bricks,GreenBuild Industries,2025-08-24
RW-10127,Robinson Ltd,Tiruppur,Dye Residue,Mixed,4288.68,Microplastics,5.51,352.68,322.98,3187.75,210.13,2671.48,12.05,53.3,25.2,45.78,36.67,25.45,37.69,312728.78,Insulation Boards,EcoPack Solutions,2026-03-06
RW-10128,Stewart-Hunter,Coimbatore,Sludge,Organic,2913.27,Sulfide,5.98,62.39,114.5,2442.99,178.76,3377.68,159.05,23.36,48.48,39.03,36.95,33.31,34.01,438308.71,Acoustic Panels,UrbanEco Materials,2024-11-06
RW-10129,Carter-Pugh,Surat,Polyester Fiber Scrap,Chemical,1250.71,Heavy Metals,8.0,149.53,22.92,2567.35,268.7,2521.85,116.28,22.08,21.19,38.07,29.74,73.09,53.67,390085.24,Insulation Boards,SustainFab Industries,2026-05-02
RW-10130,"Yoder, Zhang and Griffin",Surat,Dye Residue,Mixed,3360.9,Oil Residue,5.04,232.23,325.81,3639.46,299.09,2852.46,49.35,23.57,21.48,24.38,17.95,76.99,57.94,81084.73,Eco Packaging,EcoPack Solutions,2025-01-24
RW-10131,Miller-Howard,Jaipur,Dye Residue,Textile,2558.13,Lead,8.29,341.95,240.94,3818.74,81.04,1984.08,56.51,27.4,21.25,41.69,40.54,57.09,22.77,335945.26,Recycled Fiber Sheets,RenewLoop Manufacturing,2026-02-25
RW-10132,Joseph Group,Jaipur,Chemical Effluent,Chemical,250.93,Low Contamination,5.57,105.69,288.07,2756.21,95.54,3019.65,185.57,44.61,26.76,50.31,42.95,72.74,39.69,379761.51,Acoustic Panels,SustainFab Industries,2024-11-03
RW-10133,"Anderson, Snow and Smith",Mumbai,Textile Dye Waste,Textile,202.58,Heavy Metals,8.12,151.45,356.14,3867.56,185.62,3172.9,135.1,13.95,28.75,94.29,90.01,85.2,23.17,459344.05,Eco Bricks,GreenBuild Industries,2026-01-24
RW-10134,Green and Sons,Coimbatore,Polyester Fiber Scrap,Chemical,4681.7,Chromium,7.23,348.91,118.14,3533.4,88.35,2134.74,135.88,53.27,23.6,66.01,52.24,68.21,18.74,274303.44,Insulation Boards,CircularTex Pvt Ltd,2025-09-20
RW-10135,"Acosta, Alexander and Best",Coimbatore,Synthetic Fiber Residue,Chemical,2035.65,Color Pigments,8.54,794.26,277.26,3104.24,36.83,3371.5,105.15,26.53,46.01,51.28,40.94,83.49,54.81,372092.3,Eco Bricks,GreenBuild Industries,2025-04-11
RW-10136,"Massey, Thomas and Sanchez",Tiruppur,Sludge,Organic,213.53,High TDS,6.87,74.8,16.61,2420.76,81.24,1980.4,47.76,34.48,20.64,43.21,41.5,77.67,30.65,314159.56,Industrial Pigments,CircularTex Pvt Ltd,2025-02-01
RW-10137,Blair Ltd,Jaipur,Textile Dye Waste,Polymer,2333.7,Lead,7.94,64.04,113.69,4980.12,15.31,536.64,159.55,57.21,54.14,40.8,31.23,42.21,47.13,398192.92,Eco Packaging,CircularTex Pvt Ltd,2025-09-22
RW-10138,"Cohen, Conrad and James",Ahmedabad,Cotton Wastewater,Textile,2713.0,Organic Contaminants,6.46,149.37,248.46,2277.52,101.96,440.38,107.59,50.34,22.98,68.66,64.43,84.11,49.94,114774.54,Industrial Pigments,EcoPack Solutions,2026-01-28
RW-10139,"Harris, Stewart and Alexander",Tiruppur,Synthetic Fiber Residue,Organic,4739.59,Organic Contaminants,4.57,460.15,325.29,950.44,286.33,1343.24,11.23,48.81,29.45,47.57,49.88,74.66,55.08,218480.4,Eco Packaging,UrbanEco Materials,2025-07-18
RW-10140,Booth Group,Tiruppur,Textile Dye Waste,Chemical,4220.68,Oil Residue,6.73,877.02,384.78,437.89,227.95,2396.69,63.2,19.11,40.37,69.35,68.75,52.08,6.83,306597.05,Insulation Boards,CircularTex Pvt Ltd,2026-03-29
RW-10141,"Peterson, Peterson and Hogan",Jaipur,Polyester Fiber Scrap,Mixed,1375.76,Chromium,8.0,509.88,215.87,229.16,109.1,3166.5,29.18,17.91,25.52,39.38,35.03,31.68,59.71,480680.88,Eco Bricks,GreenBuild Industries,2025-11-06
RW-10142,"Bailey, Turner and Lewis",Kanpur,Polyester Fiber Scrap,Mixed,4483.81,Lead,6.53,232.35,364.87,899.18,198.21,2747.99,140.46,52.55,43.3,75.59,69.97,71.17,51.59,228666.0,Eco Bricks,UrbanEco Materials,2025-04-29
RW-10143,Bishop Group,Kanpur,Dye Residue,Chemical,811.08,High TDS,8.78,575.83,219.52,770.43,101.26,3477.6,172.95,20.66,36.78,32.07,35.26,30.46,20.28,481862.27,Recycled Fiber Sheets,EcoPack Solutions,2024-12-22
RW-10144,Evans-Lopez,Surat,Sludge,Chemical,341.6,Color Pigments,4.91,83.97,72.92,2591.6,220.69,556.71,72.74,52.37,51.5,73.09,69.52,80.02,34.14,109441.78,Industrial Pigments,CircularTex Pvt Ltd,2024-08-13
RW-10145,Stein-Murphy,Jaipur,Synthetic Fiber Residue,Mixed,3016.85,High TDS,8.57,734.03,54.86,2110.26,176.98,3653.48,54.86,17.45,44.46,66.89,55.74,63.45,41.86,480604.2,Industrial Pigments,CircularTex Pvt Ltd,2024-12-27
RW-10146,Evans Group,Coimbatore,Mixed Textile Waste,Textile,4014.33,Low Contamination,6.04,550.72,48.33,2379.48,44.21,1446.16,33.39,57.67,38.21,73.34,74.39,39.32,58.59,239891.92,Eco Packaging,UrbanEco Materials,2026-03-11
RW-10147,Rodriguez and Sons,Ahmedabad,Chemical Effluent,Chemical,2758.88,Sulfide,7.22,136.07,89.0,3748.93,262.73,1049.92,173.72,2.62,30.7,59.94,56.31,61.41,56.08,204059.09,Acoustic Panels,CircularTex Pvt Ltd,2025-03-22
RW-10148,"Meyer, Davis and Dixon",Surat,Industrial Wastewater,Chemical,4292.36,Low Contamination,6.97,159.77,33.64,4289.92,124.33,3187.05,22.04,54.81,54.93,38.1,33.75,36.82,55.97,330432.91,Industrial Pigments,CircularTex Pvt Ltd,2024-09-27
RW-10149,Arroyo PLC,Jaipur,Textile Dye Waste,Mixed,1983.76,Heavy Metals,8.47,884.84,156.58,2678.86,70.04,2729.89,38.6,49.03,53.2,21.97,16.98,36.84,18.78,499105.8,Eco Packaging,SustainFab Industries,2025-08-17
RW-10150,Meyer and Sons,Ahmedabad,Sludge,Mixed,4791.48,Heavy Metals,4.7,454.23,44.96,926.05,57.83,581.4,199.19,20.33,32.22,58.18,61.76,53.83,18.3,258012.34,Recycled Fiber Sheets,GreenBuild Industries,2025-03-08
RW-10151,Vincent and Sons,Ahmedabad,Industrial Wastewater,Mixed,2999.92,Low Contamination,4.56,574.75,248.39,864.51,227.1,1961.11,185.47,49.31,22.9,94.39,90.19,50.77,8.82,90092.97,Recycled Fiber Sheets,RenewLoop Manufacturing,2024-11-10
RW-10152,Pena-Mitchell,Tiruppur,Chemical Effluent,Chemical,3398.31,Organic Contaminants,4.73,179.59,61.63,2942.5,25.17,3625.81,91.96,39.89,25.33,97.58,96.33,20.22,34.53,185765.35,Acoustic Panels,GreenBuild Industries,2026-01-15
RW-10153,Bryant Group,Ludhiana,Chemical Effluent,Textile,2346.05,Color Pigments,7.98,755.6,349.1,1205.87,290.0,3069.98,199.84,39.49,34.08,44.15,48.48,33.31,53.96,23966.94,Recycled Fiber Sheets,GreenBuild Industries,2026-02-03
RW-10154,Freeman Ltd,Coimbatore,Cotton Wastewater,Chemical,1204.33,High TDS,8.84,548.4,70.98,4289.86,98.86,2130.26,180.25,16.04,46.81,60.32,55.18,82.27,50.53,473747.62,Recycled Fiber Sheets,RenewLoop Manufacturing,2024-07-10
RW-10155,"Gross, Thompson and Wilson",Ludhiana,Polyester Fiber Scrap,Chemical,2093.32,Heavy Metals,7.83,880.81,52.28,3106.27,59.48,758.0,163.47,55.52,28.15,82.97,87.97,21.63,53.68,250643.34,Industrial Pigments,CircularTex Pvt Ltd,2025-08-16
RW-10156,"Duffy, Hernandez and Brewer",Surat,Industrial Wastewater,Chemical,4134.61,Sulfide,8.58,809.49,106.21,4900.61,67.11,183.87,193.19,21.98,31.48,88.93,96.76,22.15,6.8,486152.63,Insulation Boards,RenewLoop Manufacturing,2025-12-05
RW-10157,Lee Inc,Tiruppur,Sludge,Textile,3998.35,Lead,5.17,805.14,308.25,4464.31,104.49,3502.34,38.77,40.72,31.26,29.43,25.04,79.45,58.04,316477.91,Insulation Boards,GreenBuild Industries,2024-06-16
RW-10158,Wilson-Washington,Ahmedabad,Chemical Effluent,Organic,2069.42,Lead,5.88,286.0,49.67,3211.43,299.98,721.14,35.97,32.45,52.85,22.71,23.02,53.11,44.95,104959.88,Industrial Pigments,EcoPack Solutions,2024-05-22
RW-10159,Diaz-Espinoza,Jaipur,Sludge,Chemical,1845.38,Microplastics,8.69,725.7,242.78,3467.21,16.7,344.63,51.37,51.67,42.86,20.35,21.8,50.54,11.67,224378.08,Acoustic Panels,RenewLoop Manufacturing,2026-02-03
RW-10160,King PLC,Coimbatore,Cotton Wastewater,Organic,1669.35,Organic Contaminants,5.51,502.82,260.09,2091.36,123.42,1260.75,122.0,38.1,48.14,57.27,61.66,70.7,53.31,481839.88,Industrial Pigments,RenewLoop Manufacturing,2025-07-17
RW-10161,Lee and Sons,Kanpur,Polyester Fiber Scrap,Mixed,4409.1,Sulfide,5.58,431.81,370.48,4884.24,290.31,1103.61,170.9,16.7,51.01,89.69,67.8,82.59,13.37,415124.41,Insulation Boards,EcoPack Solutions,2026-01-13
RW-10162,Cross PLC,Tiruppur,Fabric Scraps,Chemical,3339.11,Microplastics,6.6,129.09,257.37,2985.56,169.42,2385.49,107.18,26.3,33.39,74.1,77.28,87.8,55.51,166760.33,Insulation Boards,EcoPack Solutions,2024-09-05
RW-10163,Wilson and Sons,Ludhiana,Chemical Effluent,Organic,4423.26,High TDS,4.69,256.77,262.49,426.68,214.48,1613.84,175.59,17.1,31.31,71.87,63.97,46.82,18.73,192139.44,Industrial Pigments,SustainFab Industries,2026-02-23
RW-10164,Myers Inc,Mumbai,Cotton Wastewater,Mixed,3433.11,Chromium,4.85,236.97,186.24,4695.73,90.72,693.25,13.62,17.17,44.06,31.65,26.42,90.63,47.11,52867.05,Acoustic Panels,CircularTex Pvt Ltd,2025-10-08
RW-10165,Lester Ltd,Tiruppur,Sludge,Mixed,3030.73,High TDS,8.92,246.95,34.89,1220.85,196.48,3370.84,51.91,4.49,32.07,95.99,92.54,24.83,34.79,392539.23,Recycled Fiber Sheets,GreenBuild Industries,2025-01-24
RW-10166,Beck-Gibson,Ludhiana,Cotton Wastewater,Mixed,1199.43,Low Contamination,8.97,265.6,317.55,3222.45,138.31,3094.19,192.19,5.06,37.16,37.99,39.8,86.89,8.44,359818.59,Industrial Pigments,GreenBuild Industries,2025-04-13
RW-10167,Ramos Inc,Coimbatore,Sludge,Polymer,2846.33,High TDS,7.33,197.28,302.11,1209.57,260.13,1032.48,198.68,49.41,40.98,48.53,39.62,88.59,48.17,455191.43,Recycled Fiber Sheets,GreenBuild Industries,2025-10-14
RW-10168,"Williams, Webb and Snyder",Mumbai,Cotton Wastewater,Textile,3916.43,High TDS,6.74,642.66,69.18,4539.81,218.56,2643.77,184.73,5.36,21.5,80.33,69.64,32.57,25.68,394160.99,Industrial Pigments,EcoPack Solutions,2025-10-30
RW-10169,"Wilcox, Gonzalez and Williams",Kanpur,Sludge,Organic,3175.57,High TDS,6.11,180.94,299.63,3390.93,23.52,1876.98,133.31,40.88,20.9,32.36,30.49,45.2,59.99,440666.28,Eco Bricks,GreenBuild Industries,2024-06-22
RW-10170,Martinez-Melton,Ahmedabad,Cotton Wastewater,Chemical,485.63,Lead,4.7,442.64,215.45,2599.02,262.07,677.03,172.16,2.45,36.92,44.97,40.53,70.72,42.86,375206.63,Insulation Boards,UrbanEco Materials,2024-08-28
RW-10171,Brock LLC,Tiruppur,Fabric Scraps,Textile,2045.83,Color Pigments,5.77,725.62,120.24,4268.19,184.31,1641.67,23.3,18.58,49.7,48.07,34.72,92.76,39.7,81563.29,Insulation Boards,GreenBuild Industries,2024-08-26
RW-10172,"Lopez, Hicks and Wilson",Surat,Cotton Wastewater,Textile,2353.2,Oil Residue,8.03,504.23,147.62,566.9,86.65,1516.36,141.21,46.92,36.94,51.04,45.38,21.22,51.54,185170.82,Eco Bricks,EcoPack Solutions,2025-07-27
RW-10173,Schultz Inc,Coimbatore,Synthetic Fiber Residue,Textile,2942.99,Chromium,8.31,580.58,229.6,3743.43,100.92,1352.39,80.92,17.58,39.06,52.94,49.77,28.17,57.47,213894.3,Insulation Boards,SustainFab Industries,2024-10-03
RW-10174,"Yoder, Perry and Clark",Surat,Synthetic Fiber Residue,Organic,2739.28,Chromium,5.61,774.18,275.96,4685.78,28.37,2857.96,32.39,19.23,46.29,25.29,18.73,34.88,29.66,355804.51,Insulation Boards,SustainFab Industries,2024-12-18
RW-10175,"Snyder, Mclean and Grant",Coimbatore,Cotton Wastewater,Organic,791.04,Low Contamination,4.53,508.59,59.66,2345.89,139.77,3481.97,146.18,49.46,46.54,31.51,32.16,34.44,28.65,166166.01,Recycled Fiber Sheets,RenewLoop Manufacturing,2026-02-14
RW-10176,"Lopez, Hurst and Smith",Tiruppur,Fabric Scraps,Mixed,2077.73,Lead,5.39,495.04,130.49,1064.66,90.28,3037.7,31.68,3.29,51.65,84.84,59.49,67.55,40.12,306689.86,Industrial Pigments,RenewLoop Manufacturing,2024-06-29
RW-10177,Johnson-Ferrell,Kanpur,Industrial Wastewater,Polymer,2126.57,Microplastics,8.49,427.06,227.15,3129.25,15.52,3928.91,66.75,51.18,28.27,70.32,61.05,68.39,8.38,108464.2,Industrial Pigments,UrbanEco Materials,2025-10-14
RW-10178,Martinez-Jackson,Mumbai,Synthetic Fiber Residue,Polymer,2930.8,Microplastics,7.09,224.53,39.81,4356.91,296.5,3318.23,37.71,58.38,32.15,79.04,55.72,45.01,55.02,267895.24,Eco Packaging,GreenBuild Industries,2026-04-18
RW-10179,Norton-Harvey,Mumbai,Dye Residue,Mixed,3688.25,Microplastics,8.57,246.43,361.08,4320.2,68.65,3059.05,8.94,50.1,54.13,75.88,63.8,20.71,27.76,291822.51,Insulation Boards,GreenBuild Industries,2024-12-26
RW-10180,Ortiz and Sons,Tiruppur,Fabric Scraps,Mixed,3113.9,Color Pigments,5.75,630.27,380.03,745.76,158.9,2659.31,122.93,54.89,46.56,21.06,15.12,73.61,7.54,354005.11,Insulation Boards,EcoPack Solutions,2025-10-12
RW-10181,Robinson Group,Surat,Fabric Scraps,Textile,1847.68,Lead,6.26,565.41,269.02,2677.17,184.12,2881.52,161.86,33.65,48.7,64.15,60.44,55.02,27.75,417823.03,Eco Packaging,UrbanEco Materials,2026-01-07
RW-10182,Maddox-Rodriguez,Ludhiana,Sludge,Polymer,2668.81,Microplastics,8.16,605.26,134.8,3519.35,228.39,1060.81,137.06,48.48,52.14,78.8,66.83,92.92,30.12,336017.26,Eco Bricks,UrbanEco Materials,2026-02-02
RW-10183,Marshall and Sons,Ludhiana,Synthetic Fiber Residue,Polymer,138.33,Heavy Metals,8.23,827.06,333.01,3591.26,36.89,1511.85,47.41,11.35,43.36,88.41,73.44,68.69,33.78,108875.9,Eco Packaging,UrbanEco Materials,2026-04-22
RW-10184,"Cunningham, Simmons and Parker",Ludhiana,Cotton Wastewater,Organic,3016.24,Color Pigments,7.31,119.49,166.33,4181.18,203.18,2383.72,82.93,57.82,38.88,88.34,88.48,45.05,55.52,168577.55,Eco Packaging,EcoPack Solutions,2025-01-30
RW-10185,"Wright, Schmidt and Nelson",Tiruppur,Dye Residue,Polymer,3955.63,Color Pigments,7.12,522.91,116.55,1738.87,6.16,3598.61,181.5,52.46,52.92,86.6,68.33,22.01,22.73,318129.69,Eco Bricks,SustainFab Industries,2025-09-26
RW-10186,"Morgan, Carpenter and Hurst",Ludhiana,Cotton Wastewater,Textile,794.25,Color Pigments,5.53,354.19,16.95,743.21,174.58,1319.44,184.16,58.57,21.32,80.7,70.01,53.44,38.36,290195.34,Recycled Fiber Sheets,CircularTex Pvt Ltd,2026-04-07
RW-10187,Mack Inc,Ludhiana,Synthetic Fiber Residue,Mixed,3641.43,High TDS,5.66,555.86,133.98,1255.59,12.32,2928.33,38.42,32.7,22.58,75.22,53.96,31.79,19.99,48678.36,Recycled Fiber Sheets,EcoPack Solutions,2025-05-27
RW-10188,Green LLC,Kanpur,Dye Residue,Polymer,3620.74,Lead,8.82,800.31,375.12,1772.4,269.2,3909.9,177.42,24.01,41.29,49.03,35.53,20.87,8.06,199699.42,Eco Bricks,GreenBuild Industries,2025-04-11
RW-10189,Cortez Group,Surat,Polyester Fiber Scrap,Organic,3628.27,Lead,7.58,740.49,24.03,754.03,190.92,3799.6,146.63,30.3,52.52,21.76,15.61,86.81,22.47,141607.19,Recycled Fiber Sheets,SustainFab Industries,2025-06-30
RW-10190,"Hampton, Diaz and Morrison",Kanpur,Mixed Textile Waste,Chemical,2293.65,Sulfide,4.93,864.21,334.14,2239.51,268.65,1488.96,163.75,41.0,30.67,45.12,49.43,42.63,56.47,479032.44,Insulation Boards,UrbanEco Materials,2026-02-26
RW-10191,"Craig, Moore and Fields",Ludhiana,Chemical Effluent,Organic,3831.39,Color Pigments,5.92,687.94,251.19,1402.63,103.1,1371.82,95.78,58.04,51.49,61.69,66.25,40.87,38.13,393180.2,Industrial Pigments,RenewLoop Manufacturing,2024-06-14
RW-10192,Brown-Smith,Mumbai,Fabric Scraps,Textile,1543.3,Chromium,8.68,834.88,140.74,1977.03,214.14,3739.52,81.82,5.91,21.19,74.33,76.29,47.87,14.7,392244.05,Acoustic Panels,UrbanEco Materials,2025-03-21
RW-10193,Duran LLC,Jaipur,Industrial Wastewater,Mixed,2933.52,Lead,7.34,408.41,108.02,3585.76,119.31,2608.49,188.59,16.0,54.49,87.91,65.83,87.75,36.92,429160.71,Insulation Boards,CircularTex Pvt Ltd,2025-09-06
RW-10194,Norman-Smith,Ahmedabad,Polyester Fiber Scrap,Polymer,4351.1,Sulfide,6.08,373.53,58.71,4193.92,276.33,1187.07,57.4,20.69,48.02,38.01,31.05,45.55,51.09,136248.92,Acoustic Panels,RenewLoop Manufacturing,2025-04-12
RW-10195,Johnson-Oliver,Coimbatore,Industrial Wastewater,Chemical,1585.73,Chromium,6.42,347.09,350.21,1593.48,273.03,1983.53,91.6,57.26,43.1,21.05,15.14,63.01,19.51,48548.48,Eco Packaging,CircularTex Pvt Ltd,2024-05-20
RW-10196,Dougherty-Nichols,Tiruppur,Polyester Fiber Scrap,Chemical,2178.81,Heavy Metals,6.41,438.44,369.01,2963.7,115.3,686.01,33.41,50.88,38.59,50.4,55.33,89.94,15.66,108787.38,Eco Packaging,SustainFab Industries,2026-03-05
RW-10197,"Gonzalez, Williams and Young",Jaipur,Textile Dye Waste,Polymer,4766.88,Organic Contaminants,8.21,299.76,27.47,1780.15,38.37,1886.83,45.85,40.52,28.04,26.19,21.75,75.16,51.33,191634.08,Eco Packaging,SustainFab Industries,2024-06-07
RW-10198,Ramirez LLC,Jaipur,Cotton Wastewater,Mixed,3894.81,Microplastics,8.23,473.16,247.98,1580.21,52.98,496.11,105.5,14.78,27.99,93.43,68.07,22.81,8.81,325780.56,Industrial Pigments,RenewLoop Manufacturing,2025-06-26
RW-10199,Lozano LLC,Ahmedabad,Industrial Wastewater,Textile,4343.66,Lead,7.32,373.94,177.52,4875.7,118.71,1323.67,56.59,8.46,39.2,46.09,40.63,71.69,57.42,379687.52,Eco Bricks,SustainFab Industries,2024-12-24
RW-10200,"Smith, Moore and Atkins",Kanpur,Cotton Wastewater,Mixed,1500.78,Low Contamination,5.98,604.96,277.74,601.22,184.1,866.43,75.3,38.32,35.29,33.43,33.72,67.64,50.25,295882.51,Eco Packaging,EcoPack Solutions,2025-01-16
RW-10201,Johnson and Sons,Mumbai,Textile Dye Waste,Chemical,3678.72,High TDS,4.99,549.06,240.68,1350.91,189.09,1821.73,106.49,26.1,20.28,32.25,26.37,43.86,8.81,382399.11,Recycled Fiber Sheets,UrbanEco Materials,2025-11-26
RW-10202,Shepard-Brooks,Surat,Fabric Scraps,Textile,3979.81,Oil Residue,6.07,70.94,126.5,2418.65,87.63,121.2,66.79,34.78,43.55,96.91,68.27,79.24,49.25,123690.63,Acoustic Panels,GreenBuild Industries,2025-12-12
RW-10203,"Rogers, Cain and Cordova",Surat,Fabric Scraps,Organic,1559.24,Oil Residue,7.5,479.48,298.46,2385.43,23.94,3138.16,58.93,25.55,29.58,77.79,67.24,59.76,53.49,35841.8,Industrial Pigments,UrbanEco Materials,2025-04-01
RW-10204,"Walker, Trujillo and Perez",Ludhiana,Industrial Wastewater,Chemical,1521.68,Microplastics,7.19,149.13,107.67,3439.93,154.36,1156.98,142.73,48.56,24.52,34.77,28.2,76.3,38.48,463072.87,Acoustic Panels,GreenBuild Industries,2024-11-01
RW-10205,Meza Group,Tiruppur,Mixed Textile Waste,Polymer,4358.88,Oil Residue,8.52,226.43,116.13,3366.01,206.83,2310.96,123.6,46.87,34.26,30.47,24.91,59.99,54.32,282226.08,Recycled Fiber Sheets,SustainFab Industries,2025-02-03
RW-10206,Evans-Flores,Jaipur,Fabric Scraps,Textile,2089.46,Color Pigments,7.54,287.86,237.19,2176.36,194.13,2885.13,72.18,3.46,25.29,44.14,43.03,26.1,18.59,197340.42,Eco Bricks,UrbanEco Materials,2024-09-18
RW-10207,Bell-Young,Surat,Fabric Scraps,Organic,2612.72,Organic Contaminants,8.63,273.37,395.19,1242.77,114.16,2371.55,128.4,52.7,37.29,67.24,51.22,78.34,27.46,365118.1,Industrial Pigments,UrbanEco Materials,2024-12-21
RW-10208,"Perry, Mcdowell and Ramirez",Kanpur,Polyester Fiber Scrap,Polymer,4056.94,Oil Residue,8.18,294.93,340.39,3735.41,26.31,2951.49,17.52,7.93,40.93,68.07,55.41,35.81,51.11,319821.4,Eco Packaging,EcoPack Solutions,2024-08-27
RW-10209,"Hall, Fitzgerald and Thompson",Ludhiana,Mixed Textile Waste,Polymer,4189.32,Low Contamination,5.27,405.59,199.01,3095.74,274.39,178.21,100.59,49.86,23.74,41.29,38.88,30.0,48.57,35482.5,Industrial Pigments,CircularTex Pvt Ltd,2025-07-31
RW-10210,Shea-Peterson,Tiruppur,Synthetic Fiber Residue,Organic,2149.53,Oil Residue,6.78,582.04,333.62,4333.71,88.43,2145.08,197.56,53.81,38.04,22.12,24.19,56.82,32.07,69269.44,Insulation Boards,UrbanEco Materials,2024-12-10
RW-10211,Taylor-Reynolds,Ludhiana,Dye Residue,Mixed,4680.06,High TDS,6.94,668.75,124.53,3948.02,120.07,301.56,39.1,50.96,40.22,58.76,42.84,25.57,23.32,262535.2,Acoustic Panels,SustainFab Industries,2024-08-27
RW-10212,"Stevenson, Montes and Thomas",Ludhiana,Fabric Scraps,Mixed,1008.47,Low Contamination,7.02,782.41,140.77,3923.97,89.56,2786.76,135.75,1.49,47.38,46.46,34.62,80.5,18.19,260309.17,Recycled Fiber Sheets,GreenBuild Industries,2026-03-25
RW-10213,"Romero, Cummings and Melton",Mumbai,Fabric Scraps,Textile,3878.25,Sulfide,6.12,362.36,283.41,2900.98,13.93,751.12,124.14,43.35,49.12,56.64,42.93,54.81,47.59,216435.33,Eco Packaging,CircularTex Pvt Ltd,2024-11-14
RW-10214,"Novak, Jackson and Mahoney",Coimbatore,Polyester Fiber Scrap,Polymer,2148.36,Oil Residue,5.37,176.8,310.92,1994.7,169.61,1723.55,78.52,53.72,43.59,93.32,102.64,35.92,34.5,213373.96,Insulation Boards,UrbanEco Materials,2024-10-23
RW-10215,Schneider LLC,Tiruppur,Cotton Wastewater,Organic,1831.16,Color Pigments,4.51,469.9,169.89,886.74,39.02,3763.01,77.0,51.45,36.8,48.99,37.1,60.56,30.11,46092.2,Industrial Pigments,CircularTex Pvt Ltd,2024-07-20
RW-10216,Peterson Group,Tiruppur,Mixed Textile Waste,Mixed,1966.22,Sulfide,8.73,497.75,183.21,399.97,49.04,2977.49,115.83,46.88,42.72,87.18,80.48,74.88,59.42,359522.68,Eco Bricks,RenewLoop Manufacturing,2024-08-24
RW-10217,"Thomas, Pineda and Rodriguez",Mumbai,Synthetic Fiber Residue,Organic,1208.59,Low Contamination,8.94,259.84,43.09,1162.19,143.11,226.18,155.86,43.73,48.83,88.94,85.71,27.73,12.32,232213.78,Industrial Pigments,EcoPack Solutions,2024-05-18
RW-10218,Evans-Montgomery,Jaipur,Cotton Wastewater,Chemical,3322.21,Lead,8.48,185.39,17.82,3903.07,69.86,1264.04,157.65,3.85,54.68,29.71,28.97,59.5,51.28,441084.18,Recycled Fiber Sheets,EcoPack Solutions,2026-03-10
RW-10219,"Gross, Fields and Dyer",Tiruppur,Dye Residue,Chemical,391.69,Low Contamination,5.58,556.95,283.52,1416.32,30.73,3509.57,10.48,53.76,43.98,30.89,24.26,78.28,32.05,232186.26,Acoustic Panels,UrbanEco Materials,2025-11-26
RW-10220,Bell and Sons,Kanpur,Cotton Wastewater,Mixed,2066.74,Heavy Metals,4.76,323.06,360.21,3330.01,49.52,2001.75,173.06,6.68,39.59,68.97,69.84,28.9,58.67,420523.0,Eco Bricks,UrbanEco Materials,2026-01-09
RW-10221,"Hanson, Nelson and Smith",Jaipur,Mixed Textile Waste,Mixed,4465.05,Microplastics,7.71,254.39,393.88,4732.91,106.95,3573.96,148.61,9.13,27.49,72.56,57.46,57.07,19.0,405184.2,Industrial Pigments,CircularTex Pvt Ltd,2024-11-18
RW-10222,Carter-Crawford,Kanpur,Industrial Wastewater,Organic,2873.55,Lead,6.69,765.48,230.09,1086.62,85.64,3530.0,96.56,25.82,37.04,80.35,83.47,40.22,38.91,30331.63,Eco Packaging,SustainFab Industries,2026-04-04
RW-10223,"Meyer, Hernandez and Spence",Jaipur,Cotton Wastewater,Mixed,1266.88,Microplastics,7.81,235.7,67.21,3059.9,292.12,1689.82,66.4,35.65,32.08,55.11,38.66,48.93,7.54,349465.08,Industrial Pigments,GreenBuild Industries,2025-07-04
RW-10224,Wells-Singh,Ahmedabad,Synthetic Fiber Residue,Polymer,3066.79,Color Pigments,7.89,226.94,221.29,1181.35,141.56,3620.45,198.87,34.39,25.98,56.62,53.93,87.18,33.38,247958.55,Insulation Boards,CircularTex Pvt Ltd,2025-03-09
RW-10225,Pope-Wagner,Ludhiana,Synthetic Fiber Residue,Chemical,4537.09,High TDS,8.05,890.21,43.56,2379.54,149.59,2031.7,57.36,10.02,43.2,62.11,59.92,24.29,34.35,342724.9,Eco Bricks,SustainFab Industries,2025-11-24
RW-10226,Harris PLC,Mumbai,Sludge,Mixed,4029.0,Sulfide,7.64,342.45,51.09,1961.25,111.08,1646.73,57.06,14.88,29.73,34.57,29.33,53.5,34.8,401570.78,Industrial Pigments,CircularTex Pvt Ltd,2024-07-27
RW-10227,"Reynolds, Salazar and Lee",Ahmedabad,Textile Dye Waste,Polymer,4013.94,Microplastics,7.45,123.7,203.71,2944.32,159.52,1012.94,110.16,26.33,35.07,92.72,87.5,77.97,40.68,308492.61,Industrial Pigments,UrbanEco Materials,2024-10-09
RW-10228,Hanson-Walls,Coimbatore,Cotton Wastewater,Chemical,2396.04,Low Contamination,4.58,585.22,182.18,2975.09,48.84,517.45,164.31,51.56,21.51,69.97,55.15,43.84,23.88,209447.62,Insulation Boards,SustainFab Industries,2025-01-14
RW-10229,Hensley PLC,Surat,Mixed Textile Waste,Chemical,4156.24,Oil Residue,7.77,556.77,232.93,3261.16,132.18,1092.3,22.09,1.98,36.98,80.43,67.93,87.29,14.21,200559.72,Acoustic Panels,GreenBuild Industries,2026-01-08
RW-10230,Smith PLC,Ludhiana,Synthetic Fiber Residue,Chemical,4586.85,Chromium,5.46,271.54,118.39,3321.61,139.04,472.45,21.49,7.07,39.22,97.26,82.93,84.81,29.5,92946.51,Industrial Pigments,GreenBuild Industries,2024-09-16
RW-10231,"Hill, Lambert and Mcdaniel",Surat,Sludge,Polymer,181.8,High TDS,6.39,127.14,125.15,2465.45,140.45,1915.97,142.6,20.7,38.3,81.23,72.06,83.68,10.07,364672.58,Industrial Pigments,SustainFab Industries,2025-05-18
RW-10232,"Pierce, Phelps and Flores",Tiruppur,Industrial Wastewater,Polymer,3854.45,High TDS,5.32,663.43,93.37,4210.4,248.26,1284.29,159.08,48.88,41.04,54.61,52.45,82.89,7.75,428601.3,Insulation Boards,EcoPack Solutions,2025-05-07
RW-10233,Shannon LLC,Jaipur,Textile Dye Waste,Organic,296.35,High TDS,7.29,272.66,107.61,2139.7,230.91,2851.31,137.32,49.51,50.53,41.98,38.4,93.94,7.0,306911.23,Insulation Boards,UrbanEco Materials,2025-06-18
RW-10234,"Graham, Woods and Mullins",Tiruppur,Cotton Wastewater,Polymer,4877.49,Color Pigments,4.92,852.75,280.64,3530.31,23.79,530.78,67.5,33.4,45.94,48.75,52.28,78.75,30.29,454991.21,Eco Packaging,CircularTex Pvt Ltd,2024-10-26
RW-10235,Ortiz-Farmer,Coimbatore,Mixed Textile Waste,Chemical,1914.19,Chromium,7.01,324.47,53.42,686.17,239.23,1854.28,23.13,19.43,43.5,92.53,89.94,75.94,22.98,271904.12,Acoustic Panels,GreenBuild Industries,2025-05-07
RW-10236,"Love, Blair and Cline",Mumbai,Cotton Wastewater,Textile,2669.64,Sulfide,6.88,458.94,117.01,2258.57,177.53,2220.86,103.8,5.69,38.74,27.45,27.15,44.13,29.64,320684.77,Insulation Boards,SustainFab Industries,2026-02-20
RW-10237,Williams-Taylor,Kanpur,Textile Dye Waste,Chemical,3944.13,Sulfide,6.35,136.4,338.09,4646.87,289.31,2294.68,97.82,13.72,49.9,44.71,37.41,32.0,18.67,378526.83,Insulation Boards,EcoPack Solutions,2025-05-15
RW-10238,"Johnson, Shaffer and Evans",Ahmedabad,Sludge,Textile,569.67,Chromium,8.99,884.25,322.27,1527.8,257.78,3529.1,143.14,39.97,30.08,22.27,21.97,70.94,35.8,387199.4,Acoustic Panels,SustainFab Industries,2026-04-13
RW-10239,Nunez and Sons,Ahmedabad,Mixed Textile Waste,Polymer,4396.32,Color Pigments,6.33,457.38,321.17,1094.76,234.12,3658.61,145.42,2.59,45.02,80.78,84.24,70.7,39.96,202385.65,Eco Bricks,UrbanEco Materials,2025-03-10
RW-10240,Morris and Sons,Ahmedabad,Mixed Textile Waste,Chemical,2486.65,Color Pigments,8.34,586.26,177.03,300.29,10.37,1801.15,15.18,15.7,51.45,28.06,23.84,33.5,34.4,341181.1,Acoustic Panels,RenewLoop Manufacturing,2025-11-18
RW-10241,Simmons Group,Ahmedabad,Sludge,Textile,1140.8,Lead,8.56,254.31,142.85,492.89,142.08,2617.11,121.19,33.93,50.59,76.29,80.7,70.34,32.65,233153.62,Recycled Fiber Sheets,SustainFab Industries,2024-10-28
RW-10242,Baker PLC,Ahmedabad,Mixed Textile Waste,Polymer,1606.46,Organic Contaminants,4.78,463.68,163.03,1641.37,140.1,1605.74,100.59,6.71,27.3,25.31,19.01,81.48,10.11,11224.73,Eco Packaging,SustainFab Industries,2026-01-20
RW-10243,Brooks Group,Tiruppur,Mixed Textile Waste,Organic,4643.93,Sulfide,8.5,432.73,164.26,3295.39,182.4,1474.38,22.54,53.1,46.34,41.51,34.76,60.57,23.5,118743.68,Recycled Fiber Sheets,EcoPack Solutions,2024-10-28
RW-10244,Bruce PLC,Jaipur,Mixed Textile Waste,Chemical,4559.74,Oil Residue,6.92,333.46,115.68,3665.56,293.99,2459.73,104.42,6.49,37.13,48.71,39.47,30.36,53.34,382807.68,Insulation Boards,CircularTex Pvt Ltd,2025-12-07
RW-10245,Gonzalez Inc,Ludhiana,Textile Dye Waste,Chemical,798.3,Microplastics,5.94,783.94,206.7,3788.13,99.64,2800.75,119.73,54.29,24.61,46.34,45.56,26.57,28.68,188235.6,Eco Bricks,SustainFab Industries,2025-12-15
RW-10246,Lewis-Hunt,Mumbai,Mixed Textile Waste,Textile,1004.16,Sulfide,4.66,119.14,340.57,2155.65,92.13,1663.47,54.02,46.34,44.01,68.26,55.74,92.29,39.09,285814.38,Eco Bricks,EcoPack Solutions,2025-06-16
RW-10247,King PLC,Ahmedabad,Synthetic Fiber Residue,Polymer,2311.7,Lead,6.16,532.1,108.98,2149.94,268.82,2260.92,139.97,15.56,30.95,54.83,44.26,57.84,12.64,181246.54,Industrial Pigments,CircularTex Pvt Ltd,2026-01-06
RW-10248,Mcmillan-Thomas,Mumbai,Synthetic Fiber Residue,Chemical,1393.52,Organic Contaminants,7.23,313.28,206.62,4928.36,221.83,1988.76,12.77,57.69,21.83,46.02,42.92,67.16,36.21,101262.94,Eco Bricks,GreenBuild Industries,2025-06-25
RW-10249,Palmer-Wilson,Coimbatore,Synthetic Fiber Residue,Organic,2165.64,Sulfide,8.15,713.14,44.36,815.19,290.41,827.94,193.86,53.7,25.62,56.29,41.86,64.18,31.38,188571.39,Insulation Boards,GreenBuild Industries,2024-12-11
RW-10250,"Cox, Singleton and Stevens",Jaipur,Polyester Fiber Scrap,Textile,4856.18,Color Pigments,7.33,76.52,296.5,4377.04,206.1,358.44,121.8,4.44,32.51,27.08,26.26,61.27,30.14,422935.45,Industrial Pigments,UrbanEco Materials,2025-06-26
RW-10251,Stephens PLC,Coimbatore,Industrial Wastewater,Textile,4270.17,Lead,5.47,845.09,333.33,1039.8,222.07,3161.38,85.99,8.63,32.09,83.25,79.29,81.83,21.94,96259.41,Eco Bricks,RenewLoop Manufacturing,2024-07-04
RW-10252,Gilmore-Martinez,Ahmedabad,Textile Dye Waste,Mixed,4554.15,High TDS,8.66,579.76,52.36,2307.83,62.9,3795.58,97.38,5.01,35.19,39.02,28.81,93.45,10.62,50081.56,Industrial Pigments,EcoPack Solutions,2024-11-05
RW-10253,Simpson and Sons,Tiruppur,Dye Residue,Textile,3235.22,Sulfide,6.09,635.37,300.26,4254.24,247.31,2467.55,154.79,24.94,32.52,65.15,71.25,45.79,5.61,433816.11,Eco Packaging,RenewLoop Manufacturing,2024-12-10
RW-10254,Ellis Ltd,Jaipur,Sludge,Textile,2802.19,Sulfide,6.7,294.53,147.82,336.9,201.43,3239.85,55.9,56.92,40.69,78.77,58.84,85.55,46.72,489070.98,Eco Bricks,CircularTex Pvt Ltd,2025-10-17
RW-10255,Anderson-Ingram,Tiruppur,Dye Residue,Organic,1119.68,Sulfide,7.72,109.62,255.1,1854.86,182.35,2567.45,166.08,43.53,39.12,49.11,38.68,63.72,13.78,87308.98,Acoustic Panels,CircularTex Pvt Ltd,2025-04-26
RW-10256,"Werner, Clarke and Dean",Ludhiana,Fabric Scraps,Chemical,3961.82,Organic Contaminants,7.53,313.24,256.22,3814.84,270.84,3866.32,174.76,53.63,31.6,41.02,37.11,77.46,21.06,287510.22,Insulation Boards,SustainFab Industries,2025-04-28
RW-10257,"Bishop, Fuller and Welch",Surat,Synthetic Fiber Residue,Textile,361.96,Color Pigments,5.05,769.65,233.48,3978.6,83.6,2046.68,24.1,24.67,21.27,65.82,72.34,70.98,51.74,268138.42,Recycled Fiber Sheets,GreenBuild Industries,2025-12-18
RW-10258,Richardson Group,Ludhiana,Fabric Scraps,Chemical,2022.8,Organic Contaminants,5.33,188.98,38.16,4842.32,253.62,427.4,44.84,57.35,22.37,94.21,68.88,70.25,5.97,271306.76,Recycled Fiber Sheets,RenewLoop Manufacturing,2024-10-18
RW-10259,"Buckley, Miller and Sutton",Ahmedabad,Industrial Wastewater,Polymer,130.25,Low Contamination,5.49,777.43,88.61,2082.64,70.01,1663.27,77.65,7.31,35.41,25.58,26.14,51.23,58.09,95282.65,Acoustic Panels,RenewLoop Manufacturing,2024-06-28
RW-10260,"Robinson, Prince and Tran",Ludhiana,Synthetic Fiber Residue,Polymer,831.06,Lead,4.71,124.71,249.65,2158.34,43.48,2276.06,11.41,15.98,23.28,92.22,90.54,83.41,41.77,347319.2,Eco Bricks,SustainFab Industries,2025-06-14
RW-10261,"Scott, Wilson and Smith",Ahmedabad,Fabric Scraps,Textile,4003.63,Chromium,5.58,624.58,155.0,2608.96,251.38,3300.86,97.99,19.32,47.39,32.27,34.95,25.22,11.9,457679.61,Eco Bricks,EcoPack Solutions,2025-01-01
RW-10262,"Gonzalez, Price and Jackson",Jaipur,Fabric Scraps,Chemical,4127.31,Sulfide,6.11,389.54,41.47,1417.03,159.4,442.2,135.67,3.21,43.69,58.77,54.69,78.34,59.48,247346.88,Acoustic Panels,GreenBuild Industries,2026-04-13
RW-10263,"Moore, Franklin and Harvey",Ahmedabad,Fabric Scraps,Organic,1320.5,Color Pigments,8.07,343.94,35.27,2616.42,243.62,524.84,122.93,23.08,33.32,53.0,57.72,68.81,21.21,465723.1,Industrial Pigments,UrbanEco Materials,2025-04-26
RW-10264,Watts-Farrell,Ludhiana,Cotton Wastewater,Organic,1926.07,Low Contamination,8.15,811.7,208.6,545.81,129.86,1450.12,91.0,44.13,29.51,38.06,32.29,55.6,29.88,313595.76,Insulation Boards,EcoPack Solutions,2025-08-23
RW-10265,Rice and Sons,Tiruppur,Fabric Scraps,Textile,3741.52,High TDS,5.03,897.35,111.78,4839.57,278.28,3428.38,39.21,3.03,32.87,80.0,83.73,28.94,29.13,77118.48,Eco Bricks,SustainFab Industries,2024-06-20
RW-10266,Davis and Sons,Tiruppur,Fabric Scraps,Organic,4686.6,High TDS,4.57,105.41,64.54,3165.58,209.38,1247.64,106.37,28.07,26.98,31.64,26.46,59.53,49.99,385507.02,Eco Packaging,CircularTex Pvt Ltd,2026-05-02
RW-10267,"Huff, Castillo and Duarte",Mumbai,Dye Residue,Textile,4899.21,Organic Contaminants,7.28,626.06,384.13,4450.61,214.37,1958.11,14.63,33.36,21.89,63.36,48.94,35.14,58.39,274177.87,Insulation Boards,UrbanEco Materials,2024-11-17
RW-10268,York Group,Ahmedabad,Dye Residue,Mixed,1291.15,Heavy Metals,4.58,385.25,16.55,4096.84,56.49,3732.88,192.13,48.46,31.13,20.33,21.31,62.0,26.41,246531.84,Industrial Pigments,SustainFab Industries,2024-12-26
RW-10269,Mendoza LLC,Ludhiana,Cotton Wastewater,Polymer,1326.41,Color Pigments,6.98,270.98,11.72,4277.67,200.65,1006.0,133.28,28.91,22.96,66.18,50.84,85.29,11.91,446459.47,Acoustic Panels,RenewLoop Manufacturing,2025-12-21
RW-10270,Miller-Davis,Surat,Dye Residue,Polymer,705.9,Microplastics,7.28,609.73,121.08,4578.02,163.62,2305.38,144.6,18.63,53.09,85.12,79.43,67.32,59.69,132261.82,Industrial Pigments,CircularTex Pvt Ltd,2025-04-22
RW-10271,Jackson-Jones,Ahmedabad,Dye Residue,Chemical,183.15,Color Pigments,8.48,890.01,267.56,621.95,157.0,3159.94,76.13,39.21,51.72,78.88,80.93,45.6,5.87,166828.93,Eco Packaging,EcoPack Solutions,2024-07-20
RW-10272,"Jensen, Friedman and Allen",Jaipur,Chemical Effluent,Textile,1657.05,Organic Contaminants,7.64,875.15,351.93,1167.8,204.3,2355.15,56.56,46.96,38.18,46.72,35.26,54.29,12.63,376986.28,Eco Packaging,UrbanEco Materials,2025-03-06
RW-10273,Carroll Ltd,Mumbai,Chemical Effluent,Textile,3524.72,Microplastics,8.7,166.45,192.31,348.78,165.75,3583.86,38.15,2.12,24.48,97.3,83.64,31.87,33.68,74738.18,Industrial Pigments,RenewLoop Manufacturing,2024-12-04
RW-10274,Mckenzie PLC,Surat,Fabric Scraps,Mixed,1835.36,Microplastics,6.21,493.77,293.42,1999.7,13.14,665.83,98.38,9.26,38.63,32.63,29.5,77.57,53.41,222910.05,Industrial Pigments,SustainFab Industries,2024-11-08
RW-10275,Sullivan-Johnston,Kanpur,Dye Residue,Mixed,3306.68,Lead,8.43,524.69,19.9,4756.78,162.67,3057.32,200.0,51.82,48.89,48.44,40.76,80.03,30.19,20853.65,Eco Bricks,RenewLoop Manufacturing,2025-11-09
RW-10276,Turner-Peterson,Surat,Fabric Scraps,Polymer,2503.22,Sulfide,5.57,653.51,30.79,875.05,284.33,1698.13,63.96,59.8,21.47,26.67,22.24,38.29,31.11,339039.1,Eco Bricks,GreenBuild Industries,2025-01-30
RW-10277,Knox Ltd,Ludhiana,Industrial Wastewater,Textile,2315.74,Lead,8.56,757.36,127.73,2985.2,96.99,2863.83,6.37,34.26,42.48,74.42,68.21,68.69,17.95,499975.98,Eco Packaging,EcoPack Solutions,2024-06-26
RW-10278,Young PLC,Coimbatore,Textile Dye Waste,Textile,2412.64,Heavy Metals,6.9,59.56,126.83,4482.47,145.91,800.72,101.67,53.95,33.16,50.25,42.61,88.01,59.18,168514.84,Industrial Pigments,GreenBuild Industries,2025-08-21
RW-10279,Harris-Rosales,Coimbatore,Cotton Wastewater,Polymer,4843.29,Chromium,8.57,598.07,387.76,822.98,47.03,2654.12,86.59,9.31,20.88,65.94,55.88,92.72,50.96,331316.58,Eco Packaging,CircularTex Pvt Ltd,2025-06-07
RW-10280,"Mckenzie, Rice and Wilkinson",Ahmedabad,Polyester Fiber Scrap,Mixed,4715.55,Color Pigments,4.88,364.44,343.51,4907.54,124.74,1133.61,195.5,33.79,42.83,51.79,42.7,51.36,37.77,266240.36,Industrial Pigments,EcoPack Solutions,2026-05-06
RW-10281,"Velez, Johnson and Arias",Kanpur,Synthetic Fiber Residue,Polymer,4519.44,Color Pigments,5.91,327.12,75.49,1715.84,194.55,2086.13,54.57,59.2,52.11,43.61,46.41,70.43,39.5,388695.59,Industrial Pigments,RenewLoop Manufacturing,2024-12-29
RW-10282,Ross-Carroll,Coimbatore,Cotton Wastewater,Mixed,469.42,Organic Contaminants,7.32,585.02,115.52,4527.72,65.75,3333.16,109.06,35.88,39.78,84.16,89.61,24.69,19.72,150164.97,Industrial Pigments,RenewLoop Manufacturing,2025-06-29
RW-10283,Wallace Ltd,Jaipur,Chemical Effluent,Textile,1530.15,Color Pigments,7.42,631.59,362.3,803.46,296.88,3215.97,196.24,15.82,34.07,64.06,64.24,91.45,42.04,132552.48,Acoustic Panels,GreenBuild Industries,2026-04-26
RW-10284,Webb Ltd,Coimbatore,Industrial Wastewater,Textile,2297.93,High TDS,7.88,764.3,250.3,406.64,234.67,2982.65,99.11,16.01,31.62,97.98,85.25,43.96,11.93,297962.58,Acoustic Panels,SustainFab Industries,2024-10-12
RW-10285,Thomas-Anderson,Coimbatore,Dye Residue,Organic,360.23,Heavy Metals,8.48,680.4,210.73,2398.35,218.28,1556.44,167.11,37.72,26.07,80.64,80.96,42.42,52.28,289548.37,Industrial Pigments,UrbanEco Materials,2024-10-16
RW-10286,Cook LLC,Kanpur,Polyester Fiber Scrap,Organic,2891.08,Low Contamination,7.99,757.58,42.51,1911.86,163.25,3049.92,74.92,46.25,25.25,67.91,50.01,24.54,37.19,165550.39,Industrial Pigments,UrbanEco Materials,2024-07-18
RW-10287,"Brown, Mills and Powell",Tiruppur,Mixed Textile Waste,Mixed,4645.55,Heavy Metals,5.55,798.47,189.4,3256.67,62.06,2420.65,44.33,47.31,50.24,86.55,79.57,28.98,39.19,301927.86,Eco Packaging,RenewLoop Manufacturing,2025-11-18
RW-10288,Jackson-Green,Ahmedabad,Chemical Effluent,Polymer,2675.54,Heavy Metals,8.58,398.6,169.32,2620.97,44.77,139.8,160.25,29.03,47.08,79.13,71.37,46.16,6.4,343303.67,Eco Bricks,SustainFab Industries,2024-12-21
RW-10289,"Rodriguez, Turner and Potter",Mumbai,Cotton Wastewater,Mixed,4379.17,Color Pigments,5.77,394.71,280.99,3125.79,51.61,162.41,40.42,1.89,46.4,52.62,57.7,65.92,53.48,257248.72,Recycled Fiber Sheets,RenewLoop Manufacturing,2025-08-12
RW-10290,"Williams, Foley and Coffey",Coimbatore,Industrial Wastewater,Polymer,178.81,Sulfide,7.23,51.98,270.67,4487.27,283.25,3610.1,14.22,58.09,38.72,97.02,74.51,21.26,19.99,396462.92,Recycled Fiber Sheets,SustainFab Industries,2024-09-04
RW-10291,"Wade, Allen and Curtis",Coimbatore,Cotton Wastewater,Organic,1517.67,High TDS,5.36,689.84,107.26,2768.83,298.89,512.57,162.48,33.96,38.93,81.12,80.81,27.75,59.88,357744.16,Industrial Pigments,CircularTex Pvt Ltd,2025-10-04
RW-10292,Jackson-Green,Ludhiana,Synthetic Fiber Residue,Textile,2322.89,Low Contamination,8.77,494.34,23.29,262.11,264.74,278.79,77.37,28.08,30.6,95.11,91.21,67.16,56.27,169409.91,Eco Packaging,RenewLoop Manufacturing,2024-05-28
RW-10293,"Henry, Navarro and Johnson",Kanpur,Textile Dye Waste,Polymer,154.06,Heavy Metals,6.78,507.17,185.28,1859.94,289.63,3910.36,187.2,30.4,35.72,76.84,77.88,90.95,42.93,41585.23,Eco Packaging,RenewLoop Manufacturing,2025-08-19
RW-10294,"Fox, Hall and Garcia",Ahmedabad,Textile Dye Waste,Organic,4976.26,Heavy Metals,6.74,389.26,69.73,3254.54,292.53,1300.72,167.08,34.36,41.79,49.94,50.04,30.52,9.1,261653.44,Industrial Pigments,SustainFab Industries,2024-07-17
RW-10295,Watson-Chen,Kanpur,Synthetic Fiber Residue,Polymer,3163.46,Microplastics,5.89,715.04,181.01,433.6,212.71,1106.8,112.88,27.92,35.51,58.03,42.82,27.57,10.69,46717.68,Eco Bricks,GreenBuild Industries,2024-08-01
RW-10296,Ortiz Group,Coimbatore,Fabric Scraps,Organic,1617.95,Oil Residue,5.45,260.59,336.89,1816.21,281.87,3243.72,156.26,26.54,44.03,65.11,70.86,65.28,49.11,433630.96,Recycled Fiber Sheets,UrbanEco Materials,2026-02-07
RW-10297,Young Ltd,Ludhiana,Cotton Wastewater,Organic,4986.9,Heavy Metals,4.62,92.02,62.01,1601.61,208.52,3215.21,139.66,53.08,47.5,59.06,43.3,80.76,6.98,259237.43,Recycled Fiber Sheets,GreenBuild Industries,2026-03-31
RW-10298,Cruz and Sons,Mumbai,Polyester Fiber Scrap,Textile,4804.59,Organic Contaminants,4.84,72.62,93.52,1254.64,218.54,3444.55,39.07,8.54,29.65,32.26,30.07,52.08,31.2,315736.98,Eco Packaging,RenewLoop Manufacturing,2026-01-07
RW-10299,"Webb, Weber and Meza",Tiruppur,Textile Dye Waste,Mixed,1539.58,Chromium,7.77,76.76,398.03,1091.23,251.92,3906.49,166.31,42.0,45.1,39.95,41.74,42.74,16.78,288187.55,Recycled Fiber Sheets,GreenBuild Industries,2024-11-17
RW-10300,"Gray, Nguyen and Hill",Ahmedabad,Industrial Wastewater,Textile,3777.45,Lead,7.79,872.06,188.34,4687.76,175.22,1455.16,74.6,25.02,48.87,20.49,21.42,27.5,40.02,384353.58,Eco Packaging,UrbanEco Materials,2025-07-28
RW-10301,"Brown, Lawrence and Harrison",Ahmedabad,Textile Dye Waste,Textile,4286.93,Chromium,5.93,694.46,98.92,3688.55,191.16,3607.53,191.33,52.69,43.64,35.81,28.29,60.24,46.27,342503.57,Industrial Pigments,UrbanEco Materials,2025-01-01
RW-10302,Galvan Group,Surat,Fabric Scraps,Chemical,1171.03,Color Pigments,8.21,755.93,283.78,1028.99,54.95,1258.6,124.88,13.54,31.62,81.63,60.99,60.77,19.77,283801.6,Industrial Pigments,EcoPack Solutions,2025-12-11
RW-10303,Hart LLC,Tiruppur,Sludge,Mixed,1211.31,Sulfide,5.91,111.78,10.43,1732.7,293.61,1526.6,106.97,56.93,36.67,69.63,56.2,21.28,59.1,20218.33,Eco Packaging,EcoPack Solutions,2025-05-12
RW-10304,"Harvey, Snyder and Cross",Tiruppur,Fabric Scraps,Organic,497.21,Low Contamination,7.62,777.18,277.45,1264.14,16.27,761.81,11.65,12.47,38.62,44.6,32.38,54.99,16.9,464261.03,Eco Bricks,SustainFab Industries,2025-05-03
RW-10305,Howell PLC,Ahmedabad,Textile Dye Waste,Textile,4634.26,Chromium,5.35,657.84,14.38,3398.74,236.97,102.69,39.74,11.62,43.65,56.84,39.96,46.99,26.27,172177.09,Eco Bricks,UrbanEco Materials,2025-03-25
RW-10306,Hamilton-Williamson,Ahmedabad,Fabric Scraps,Organic,1324.63,Low Contamination,7.38,471.5,48.76,2257.74,69.95,1034.02,70.96,45.0,52.8,28.57,22.13,61.84,53.26,20716.45,Industrial Pigments,CircularTex Pvt Ltd,2025-06-06
RW-10307,Woods PLC,Ahmedabad,Cotton Wastewater,Mixed,4040.42,Oil Residue,8.75,398.08,81.35,2657.01,9.17,3526.12,187.25,15.62,39.21,70.25,59.25,93.84,32.73,244912.09,Industrial Pigments,RenewLoop Manufacturing,2025-05-29
RW-10308,Travis-Gonzales,Ahmedabad,Synthetic Fiber Residue,Textile,2896.58,Sulfide,8.82,234.04,168.16,2364.54,24.36,535.05,34.87,36.68,27.27,43.19,33.45,50.59,32.42,274840.47,Eco Bricks,CircularTex Pvt Ltd,2025-01-30
RW-10309,Jones-Hunt,Kanpur,Fabric Scraps,Textile,2503.71,Oil Residue,6.22,755.27,241.0,4043.62,201.37,509.54,197.21,40.62,30.0,85.9,79.24,26.09,59.15,268165.74,Acoustic Panels,CircularTex Pvt Ltd,2025-09-09
RW-10310,"Gordon, Acevedo and Ward",Tiruppur,Sludge,Organic,4623.6,High TDS,7.43,360.29,208.47,1960.06,59.58,3251.35,187.51,31.53,49.69,91.39,64.58,88.05,32.97,145518.36,Recycled Fiber Sheets,EcoPack Solutions,2026-02-24
RW-10311,Farmer Ltd,Tiruppur,Mixed Textile Waste,Chemical,1954.45,Color Pigments,6.01,504.92,86.75,640.58,55.28,1721.1,140.94,51.95,48.28,24.7,18.06,72.1,32.41,376051.03,Eco Bricks,UrbanEco Materials,2024-06-09
RW-10312,Howard Inc,Coimbatore,Sludge,Mixed,4938.04,High TDS,6.5,166.9,286.65,3916.83,162.21,2638.47,152.74,14.15,36.28,48.28,37.05,70.36,27.19,139958.76,Eco Packaging,UrbanEco Materials,2024-07-21
RW-10313,Medina LLC,Kanpur,Sludge,Organic,3272.85,Chromium,7.19,870.39,87.13,3757.37,141.05,1117.05,79.67,32.44,52.99,76.58,81.31,39.8,35.91,224503.03,Acoustic Panels,GreenBuild Industries,2025-06-30
RW-10314,Davis-Gould,Ahmedabad,Fabric Scraps,Textile,4298.34,Microplastics,5.0,76.41,139.14,202.07,14.89,1587.3,130.89,32.22,26.57,25.99,28.27,32.54,33.33,65231.09,Industrial Pigments,UrbanEco Materials,2025-02-28
RW-10315,Perry LLC,Ahmedabad,Mixed Textile Waste,Mixed,851.15,Heavy Metals,5.3,483.37,56.58,1501.32,232.03,827.37,166.28,55.74,31.09,62.93,63.7,32.41,7.08,398780.93,Insulation Boards,RenewLoop Manufacturing,2026-04-29
RW-10316,Melendez-Davis,Mumbai,Synthetic Fiber Residue,Chemical,2449.51,Oil Residue,5.2,247.33,132.34,4999.88,148.53,3454.31,119.23,14.29,53.58,67.87,71.19,39.43,29.32,52450.14,Eco Packaging,SustainFab Industries,2024-08-22
RW-10317,Miller-Ellis,Tiruppur,Textile Dye Waste,Organic,307.5,Low Contamination,5.36,320.1,97.42,1557.13,189.71,893.49,129.05,56.88,51.46,25.42,19.86,56.68,42.64,371115.38,Eco Bricks,SustainFab Industries,2024-12-24
RW-10318,"Jackson, Jackson and Frazier",Tiruppur,Textile Dye Waste,Textile,4741.6,Microplastics,8.81,837.74,26.51,1466.55,264.0,1160.11,108.54,25.32,44.37,92.77,82.66,64.57,17.31,401721.65,Eco Packaging,UrbanEco Materials,2025-12-19
RW-10319,"Nichols, Gill and Wagner",Kanpur,Chemical Effluent,Chemical,2003.66,Organic Contaminants,8.65,631.27,244.51,2976.71,262.49,2220.47,80.77,29.52,45.92,68.71,61.8,64.47,54.66,323176.53,Eco Bricks,GreenBuild Industries,2025-11-14
RW-10320,Williams-Houston,Surat,Dye Residue,Mixed,4464.54,Lead,8.07,314.65,211.54,1500.93,32.96,3900.36,127.71,47.41,42.7,56.35,61.5,28.98,39.25,11999.3,Industrial Pigments,EcoPack Solutions,2024-12-21
RW-10321,"Fuentes, Adams and Stanley",Jaipur,Cotton Wastewater,Textile,2330.39,Organic Contaminants,6.14,119.66,320.69,3466.0,132.22,267.92,199.01,43.05,39.14,53.76,52.54,69.18,9.41,120022.76,Eco Bricks,RenewLoop Manufacturing,2024-10-01
RW-10322,"Stout, Wilkins and Massey",Tiruppur,Chemical Effluent,Mixed,4067.95,Heavy Metals,4.81,297.61,196.79,1584.05,121.99,131.78,194.89,4.7,24.29,69.18,60.54,33.53,48.39,249666.43,Eco Bricks,UrbanEco Materials,2026-03-12
RW-10323,Curry Inc,Surat,Mixed Textile Waste,Chemical,3036.07,Sulfide,4.53,293.13,236.75,2557.31,57.9,1298.98,88.61,20.81,32.31,61.55,49.32,77.89,33.64,182056.1,Eco Bricks,EcoPack Solutions,2024-12-29
RW-10324,French-Wilson,Ludhiana,Industrial Wastewater,Chemical,4355.24,Chromium,4.87,724.31,198.47,4504.74,298.32,163.97,12.47,18.57,34.48,62.54,56.32,90.74,20.51,200033.6,Industrial Pigments,RenewLoop Manufacturing,2026-04-11
RW-10325,Watson-Cox,Jaipur,Cotton Wastewater,Organic,4163.15,Sulfide,4.86,471.71,275.57,1605.86,217.54,1527.23,48.98,51.18,51.4,37.72,41.33,24.93,36.91,405253.04,Eco Bricks,CircularTex Pvt Ltd,2025-11-25
RW-10326,"George, Fuller and Todd",Mumbai,Cotton Wastewater,Mixed,1344.88,Lead,5.8,660.08,39.51,1565.34,177.01,724.7,179.22,32.53,29.25,26.86,23.97,39.98,48.96,431135.63,Eco Packaging,GreenBuild Industries,2024-05-12
RW-10327,Lopez-Gibson,Tiruppur,Mixed Textile Waste,Mixed,1018.97,Microplastics,7.4,410.79,76.61,3433.36,240.64,2822.18,140.34,19.59,52.61,48.08,35.45,76.84,16.97,458578.1,Eco Bricks,GreenBuild Industries,2025-02-26
RW-10328,Jennings LLC,Mumbai,Textile Dye Waste,Polymer,4985.7,Oil Residue,7.08,583.99,374.7,1956.93,104.0,496.22,166.85,4.79,32.79,66.07,56.51,61.79,54.78,143789.85,Eco Bricks,RenewLoop Manufacturing,2026-01-03
RW-10329,"Hernandez, Gibson and Wilson",Surat,Fabric Scraps,Organic,3056.55,Lead,8.88,576.57,56.32,4645.35,95.18,1746.09,194.7,25.26,26.0,26.61,26.83,89.31,33.63,424115.61,Eco Packaging,GreenBuild Industries,2025-02-07
RW-10330,"Jones, Hall and Smith",Tiruppur,Cotton Wastewater,Polymer,3662.96,Chromium,7.59,79.26,339.75,2884.43,68.51,987.34,190.84,56.36,32.27,72.8,76.0,33.65,17.46,39579.11,Industrial Pigments,EcoPack Solutions,2025-04-04
RW-10331,Gutierrez Group,Surat,Industrial Wastewater,Mixed,451.98,Chromium,5.59,279.61,264.86,4803.3,222.26,2951.47,79.67,45.1,33.26,32.34,29.34,87.8,55.69,153732.26,Acoustic Panels,UrbanEco Materials,2024-09-26
RW-10332,"Walton, Arellano and Armstrong",Jaipur,Dye Residue,Textile,2621.66,Chromium,5.68,800.75,263.54,2432.59,9.6,2587.51,64.27,45.54,54.38,38.83,29.7,54.74,40.75,379941.22,Insulation Boards,RenewLoop Manufacturing,2026-03-13
RW-10333,Morgan and Sons,Tiruppur,Sludge,Mixed,2526.99,Sulfide,5.59,777.34,298.09,4102.74,49.63,1164.82,17.22,37.96,36.09,34.41,33.65,92.2,37.65,494762.74,Insulation Boards,CircularTex Pvt Ltd,2025-01-20
RW-10334,Madden Ltd,Ahmedabad,Synthetic Fiber Residue,Organic,1284.62,Chromium,6.59,668.64,26.48,1377.9,255.38,1286.48,32.91,12.13,30.75,44.89,40.18,26.45,21.81,354540.44,Acoustic Panels,EcoPack Solutions,2026-04-02
RW-10335,Smith-Kim,Mumbai,Sludge,Polymer,4200.04,Heavy Metals,8.42,58.32,91.79,4993.35,55.51,1231.12,77.0,44.6,38.19,46.24,36.79,42.08,58.27,199254.43,Insulation Boards,CircularTex Pvt Ltd,2025-09-06
RW-10336,King-Oconnor,Tiruppur,Industrial Wastewater,Polymer,583.28,Color Pigments,6.8,555.6,149.0,3380.08,217.95,2473.41,195.67,21.32,31.78,47.06,41.89,61.97,46.96,220875.45,Acoustic Panels,EcoPack Solutions,2024-06-14
RW-10337,"Jones, Pratt and Novak",Mumbai,Textile Dye Waste,Organic,1801.98,High TDS,8.96,377.9,100.61,1327.19,38.84,1459.29,63.6,42.26,30.23,65.14,57.29,44.61,30.15,350250.7,Eco Bricks,RenewLoop Manufacturing,2024-09-22
RW-10338,"Kline, Smith and Johnson",Ludhiana,Dye Residue,Mixed,356.63,Color Pigments,5.4,410.95,156.56,4056.41,44.4,1466.3,154.53,17.91,42.23,89.66,68.91,56.86,31.44,488714.67,Insulation Boards,UrbanEco Materials,2025-03-10
RW-10339,"Nolan, Evans and Noble",Mumbai,Chemical Effluent,Organic,4670.21,Low Contamination,5.25,670.21,371.43,1322.6,265.82,3347.01,170.14,23.02,38.38,23.23,20.94,26.86,21.04,265026.29,Eco Packaging,CircularTex Pvt Ltd,2025-01-04
RW-10340,"Baker, Allen and Winters",Mumbai,Fabric Scraps,Chemical,4798.49,High TDS,8.55,143.91,146.59,2945.17,102.56,364.92,119.85,40.32,50.73,50.81,42.59,54.88,48.48,243284.23,Eco Bricks,EcoPack Solutions,2024-08-19
RW-10341,Jefferson-Williams,Mumbai,Dye Residue,Mixed,2899.95,Low Contamination,4.73,339.27,65.52,3916.8,161.58,1152.22,123.67,47.22,20.1,34.73,38.12,81.57,29.89,90095.9,Acoustic Panels,CircularTex Pvt Ltd,2025-11-14
RW-10342,Guerrero Ltd,Ludhiana,Mixed Textile Waste,Mixed,1069.83,Oil Residue,8.69,550.73,372.33,2514.53,68.53,2786.92,144.97,22.94,28.68,22.92,23.09,90.13,46.67,424625.04,Eco Packaging,SustainFab Industries,2025-09-23
RW-10343,"Lopez, Davis and Marshall",Surat,Mixed Textile Waste,Textile,387.46,Organic Contaminants,5.76,346.45,340.56,550.67,165.56,1395.56,81.81,27.65,44.08,47.59,41.09,74.9,35.66,275401.27,Recycled Fiber Sheets,RenewLoop Manufacturing,2024-12-02
RW-10344,Barber Inc,Kanpur,Fabric Scraps,Polymer,4154.1,High TDS,5.49,404.34,347.65,612.54,247.44,765.43,173.68,27.65,33.83,67.05,54.29,89.26,15.32,358499.36,Industrial Pigments,CircularTex Pvt Ltd,2025-04-03
RW-10345,Weber-Sullivan,Tiruppur,Textile Dye Waste,Polymer,2809.65,Sulfide,6.88,712.89,310.47,4411.98,46.17,1240.71,52.75,16.52,23.53,56.59,52.67,25.13,21.74,230160.27,Eco Packaging,CircularTex Pvt Ltd,2024-06-28
RW-10346,Price-Anthony,Tiruppur,Industrial Wastewater,Chemical,3708.81,Sulfide,5.85,678.52,24.97,4688.43,164.93,243.96,100.01,12.7,39.95,96.26,81.81,65.39,41.06,213784.44,Eco Packaging,CircularTex Pvt Ltd,2025-09-17
RW-10347,Villanueva-Hart,Mumbai,Mixed Textile Waste,Mixed,1861.77,Color Pigments,7.07,123.39,266.98,827.9,135.24,3699.94,53.67,34.94,41.13,34.29,36.13,86.68,29.2,38643.78,Eco Bricks,CircularTex Pvt Ltd,2025-01-29
RW-10348,"Campbell, Sanchez and Neal",Tiruppur,Sludge,Textile,3543.47,Color Pigments,8.12,303.93,214.91,970.47,186.09,3388.47,89.25,48.67,21.6,27.35,22.51,40.52,6.4,208637.45,Recycled Fiber Sheets,EcoPack Solutions,2024-12-07
RW-10349,"Bryant, Miller and Lopez",Jaipur,Textile Dye Waste,Organic,2896.16,Heavy Metals,6.93,247.39,322.83,4365.19,21.12,375.09,39.95,33.31,26.03,38.0,41.05,78.7,59.15,423977.76,Recycled Fiber Sheets,UrbanEco Materials,2025-01-01
RW-10350,"Robles, Mitchell and Walker",Ludhiana,Polyester Fiber Scrap,Mixed,1483.26,Chromium,5.96,742.74,194.48,3909.27,179.53,3507.23,113.96,22.31,36.95,45.92,33.01,20.16,18.01,418964.36,Eco Bricks,EcoPack Solutions,2025-08-16
RW-10351,Becker Group,Ludhiana,Fabric Scraps,Organic,4592.29,Low Contamination,6.01,331.41,126.69,4545.69,199.35,1856.3,56.26,28.26,41.71,66.27,60.45,73.74,24.47,48169.14,Eco Bricks,UrbanEco Materials,2024-08-07
RW-10352,"Watson, Davis and Ibarra",Ludhiana,Textile Dye Waste,Organic,4431.68,High TDS,8.89,246.23,161.68,4128.86,160.32,2393.29,139.15,6.77,47.42,63.69,64.41,22.63,47.47,141898.66,Eco Packaging,RenewLoop Manufacturing,2025-12-01
RW-10353,"Thomas, Cook and Deleon",Kanpur,Polyester Fiber Scrap,Mixed,207.23,Microplastics,7.27,701.01,225.01,819.18,256.1,1290.78,180.5,6.53,36.81,63.55,51.01,37.52,8.86,283735.43,Recycled Fiber Sheets,UrbanEco Materials,2025-06-23
RW-10354,Burke-Hayden,Ahmedabad,Textile Dye Waste,Textile,4029.2,Sulfide,7.86,93.32,356.97,4237.92,86.18,309.82,99.3,28.04,52.17,52.45,45.09,25.5,57.61,356060.01,Insulation Boards,RenewLoop Manufacturing,2025-09-22
RW-10355,Campbell-King,Surat,Mixed Textile Waste,Polymer,2653.43,Chromium,8.37,608.47,100.1,4457.26,207.66,2331.41,143.82,3.13,25.58,69.27,73.69,37.12,23.7,252885.54,Recycled Fiber Sheets,EcoPack Solutions,2024-05-24
RW-10356,Rogers Ltd,Ahmedabad,Textile Dye Waste,Organic,975.5,Heavy Metals,8.29,697.09,241.56,1668.19,7.35,2825.1,26.26,47.81,37.08,34.64,30.97,72.03,58.65,119699.03,Insulation Boards,RenewLoop Manufacturing,2025-11-05
RW-10357,Nguyen-Collins,Coimbatore,Polyester Fiber Scrap,Textile,204.94,Lead,7.9,183.11,178.56,1090.44,46.21,779.17,111.22,36.52,30.29,80.42,71.35,66.95,9.25,393302.43,Industrial Pigments,CircularTex Pvt Ltd,2024-10-27
RW-10358,"Jones, Delgado and Holder",Coimbatore,Mixed Textile Waste,Textile,242.87,Oil Residue,7.13,700.31,282.49,3207.22,294.3,3320.3,165.1,52.94,49.97,26.1,20.82,22.79,24.43,101334.4,Recycled Fiber Sheets,GreenBuild Industries,2024-05-14
RW-10359,"Jones, Kent and White",Ludhiana,Cotton Wastewater,Mixed,3029.95,Lead,7.74,758.67,360.96,3853.49,174.8,1394.53,90.85,14.4,35.0,71.05,74.31,69.26,50.93,220419.16,Eco Packaging,GreenBuild Industries,2025-08-23
RW-10360,Schneider Group,Coimbatore,Fabric Scraps,Organic,4188.5,Lead,6.34,726.4,121.19,3934.85,187.42,2995.88,161.0,27.09,43.76,61.16,59.99,66.91,57.19,90005.0,Eco Bricks,UrbanEco Materials,2024-09-24
RW-10361,Price Group,Tiruppur,Industrial Wastewater,Chemical,1518.49,Organic Contaminants,5.8,821.41,69.35,2307.29,110.12,3194.8,23.52,31.97,21.56,89.32,92.33,32.02,21.59,108189.78,Industrial Pigments,CircularTex Pvt Ltd,2025-11-04
RW-10362,Sandoval LLC,Coimbatore,Mixed Textile Waste,Mixed,2213.36,Organic Contaminants,8.45,372.45,182.44,3620.01,266.56,2973.68,82.79,54.83,35.47,91.98,81.03,91.38,35.22,377933.57,Eco Packaging,EcoPack Solutions,2024-07-04
RW-10363,Cuevas-Lowe,Tiruppur,Polyester Fiber Scrap,Chemical,3361.7,Sulfide,5.3,73.18,339.13,2346.98,82.64,3691.79,122.55,44.19,26.64,56.98,55.14,59.08,37.95,67896.11,Insulation Boards,RenewLoop Manufacturing,2025-12-07
RW-10364,George-Ryan,Mumbai,Dye Residue,Textile,4015.97,Microplastics,4.99,275.01,134.94,2556.49,205.4,3272.76,128.88,27.46,50.26,50.48,39.02,56.72,45.07,391561.58,Eco Bricks,SustainFab Industries,2025-07-06
RW-10365,"Williams, Gonzalez and Fisher",Coimbatore,Mixed Textile Waste,Polymer,1811.14,Heavy Metals,6.76,507.01,301.93,2586.13,90.08,2897.89,90.79,31.79,53.52,31.3,34.41,28.42,30.03,431254.12,Industrial Pigments,RenewLoop Manufacturing,2025-09-06
RW-10366,Hunt-Collins,Surat,Sludge,Textile,731.54,Organic Contaminants,5.09,156.16,393.98,2280.24,254.99,2737.72,158.98,36.63,21.7,76.12,72.31,54.13,32.47,284432.11,Eco Bricks,GreenBuild Industries,2024-12-31
RW-10367,Garcia-Lewis,Surat,Sludge,Mixed,1276.52,Low Contamination,7.63,73.69,341.89,263.92,163.77,1245.9,135.78,56.79,31.97,68.32,70.63,30.75,34.79,91116.35,Insulation Boards,SustainFab Industries,2025-01-08
RW-10368,Lewis-Williams,Tiruppur,Textile Dye Waste,Chemical,3991.05,Low Contamination,5.06,246.55,267.89,442.87,157.61,624.37,28.51,40.99,25.31,78.68,58.75,72.93,29.54,69344.89,Industrial Pigments,UrbanEco Materials,2024-08-31
RW-10369,Sullivan and Sons,Tiruppur,Sludge,Textile,4675.32,Lead,7.44,247.7,96.5,3990.79,173.52,1637.26,24.45,2.81,43.77,22.83,23.39,24.26,31.05,65129.99,Recycled Fiber Sheets,CircularTex Pvt Ltd,2025-01-21
RW-10370,Grant-Moss,Tiruppur,Polyester Fiber Scrap,Chemical,2963.72,Chromium,4.82,479.3,127.46,3491.15,231.45,3559.89,186.23,7.02,44.92,94.66,81.85,70.77,27.41,271925.85,Recycled Fiber Sheets,EcoPack Solutions,2024-11-27
RW-10371,Moore-Matthews,Ludhiana,Fabric Scraps,Textile,4255.26,High TDS,7.08,775.67,116.79,2316.52,69.54,2063.97,97.88,43.03,36.19,65.34,63.55,74.9,52.21,142706.15,Acoustic Panels,UrbanEco Materials,2025-09-08
RW-10372,Hudson-Figueroa,Kanpur,Polyester Fiber Scrap,Mixed,2111.03,Lead,8.51,132.29,44.14,4006.25,143.4,1543.88,56.26,49.96,25.76,52.82,44.29,38.43,33.11,73889.45,Recycled Fiber Sheets,EcoPack Solutions,2025-01-08
RW-10373,Liu-Gonzalez,Jaipur,Mixed Textile Waste,Polymer,1424.65,High TDS,6.42,798.99,332.22,1659.22,259.45,3717.93,98.41,26.83,53.1,39.53,37.83,44.28,47.28,398072.8,Eco Packaging,CircularTex Pvt Ltd,2024-09-04
RW-10374,Stafford-Morris,Coimbatore,Cotton Wastewater,Mixed,4606.77,Microplastics,5.52,329.67,267.83,2699.92,259.37,2444.38,36.02,12.53,44.79,33.86,25.5,37.68,28.9,108025.15,Eco Packaging,CircularTex Pvt Ltd,2024-09-15
RW-10375,Lambert-Miller,Surat,Dye Residue,Mixed,878.87,Oil Residue,7.98,681.24,29.89,1642.76,81.36,1215.61,199.28,24.51,29.25,51.45,50.16,32.13,50.95,242267.02,Industrial Pigments,GreenBuild Industries,2025-06-05
RW-10376,"Fox, Contreras and Garcia",Ahmedabad,Textile Dye Waste,Textile,2935.84,Organic Contaminants,5.5,304.36,213.05,2679.76,69.46,1981.22,101.86,17.67,21.36,73.94,71.17,34.09,21.98,132578.37,Eco Bricks,SustainFab Industries,2025-09-25
RW-10377,"Jones, Lopez and Jones",Mumbai,Polyester Fiber Scrap,Chemical,4693.93,Organic Contaminants,5.7,63.39,33.33,1221.94,206.72,2890.75,12.68,20.21,29.25,35.54,27.12,45.83,58.87,411542.48,Insulation Boards,EcoPack Solutions,2025-05-11
RW-10378,Bailey Ltd,Tiruppur,Fabric Scraps,Organic,3963.12,Microplastics,5.58,385.41,130.46,1166.06,69.82,278.13,161.27,21.77,54.87,36.52,34.28,87.78,28.95,164235.35,Eco Packaging,SustainFab Industries,2025-05-16
RW-10379,Payne-Baldwin,Surat,Sludge,Chemical,2491.7,Heavy Metals,5.37,377.9,38.85,3470.29,124.06,2751.45,163.72,27.83,21.91,31.29,33.71,49.81,52.69,391550.97,Insulation Boards,GreenBuild Industries,2025-05-14
RW-10380,"Ramsey, Dunn and Coleman",Ludhiana,Cotton Wastewater,Polymer,3193.08,Low Contamination,7.23,718.86,327.21,240.39,74.68,1984.76,154.66,32.81,31.0,40.42,31.72,35.89,25.85,14593.54,Insulation Boards,GreenBuild Industries,2025-03-29
RW-10381,Hall-Sharp,Mumbai,Synthetic Fiber Residue,Chemical,2006.86,Heavy Metals,5.52,225.64,99.3,2336.6,278.91,2733.76,159.52,8.72,54.39,81.97,80.03,64.34,13.05,316003.69,Recycled Fiber Sheets,EcoPack Solutions,2024-12-15
RW-10382,Smith and Sons,Tiruppur,Sludge,Polymer,3231.05,Organic Contaminants,8.33,222.21,64.31,3783.98,110.73,2251.27,41.88,47.13,35.74,90.92,88.03,73.37,14.28,92918.25,Eco Bricks,GreenBuild Industries,2024-06-01
RW-10383,Collins Ltd,Surat,Dye Residue,Organic,2594.24,Heavy Metals,8.39,734.45,66.23,4006.18,62.92,2070.06,165.84,55.43,54.53,94.47,71.37,38.76,16.76,23962.3,Eco Bricks,EcoPack Solutions,2025-06-10
RW-10384,Conner PLC,Kanpur,Fabric Scraps,Textile,2551.03,Lead,5.21,242.54,143.79,1464.78,21.59,1127.89,131.89,24.03,41.23,97.04,76.58,75.98,32.79,54913.04,Recycled Fiber Sheets,EcoPack Solutions,2026-01-18
RW-10385,"Murphy, Jackson and Miller",Coimbatore,Dye Residue,Organic,1137.31,Organic Contaminants,4.83,607.07,228.77,2767.91,146.57,1454.7,118.55,24.36,41.58,65.56,71.05,45.45,6.86,83504.57,Acoustic Panels,SustainFab Industries,2025-09-13
RW-10386,Rodriguez-Jackson,Surat,Polyester Fiber Scrap,Mixed,1222.89,Oil Residue,7.22,266.5,317.63,4163.17,235.17,2161.68,86.85,54.6,47.54,33.99,29.05,74.88,31.37,233177.75,Eco Packaging,RenewLoop Manufacturing,2025-11-20
RW-10387,Garcia PLC,Kanpur,Industrial Wastewater,Organic,4768.56,Oil Residue,6.01,640.44,73.57,4432.95,204.73,2289.9,191.34,47.5,54.67,88.68,70.29,82.22,19.0,106911.05,Acoustic Panels,SustainFab Industries,2025-05-13
RW-10388,"Vargas, Carpenter and Johnson",Ahmedabad,Textile Dye Waste,Mixed,3233.53,Lead,6.82,810.5,287.04,3318.86,142.99,554.33,61.98,1.24,49.15,89.08,85.7,26.6,48.22,228470.66,Acoustic Panels,SustainFab Industries,2025-06-29
RW-10389,Cooper Group,Surat,Polyester Fiber Scrap,Polymer,936.04,Heavy Metals,5.57,161.76,243.92,3441.06,113.28,1902.06,193.98,4.6,54.68,35.1,31.98,83.92,43.69,189639.84,Eco Packaging,SustainFab Industries,2024-11-02
RW-10390,Olson-Brown,Mumbai,Dye Residue,Chemical,618.86,Color Pigments,4.79,702.25,151.86,3325.8,128.97,726.73,16.56,55.43,23.24,38.58,42.41,94.94,39.42,301890.13,Acoustic Panels,RenewLoop Manufacturing,2025-03-21
RW-10391,"Donovan, Steele and Kim",Kanpur,Sludge,Mixed,2438.92,Low Contamination,8.93,755.31,43.13,2651.85,223.0,2045.51,120.43,31.46,27.87,83.07,69.73,46.45,49.33,430714.63,Eco Bricks,EcoPack Solutions,2025-08-31
RW-10392,Parker LLC,Coimbatore,Cotton Wastewater,Textile,1542.03,Lead,5.6,660.0,28.45,3531.64,202.0,1076.28,193.09,42.29,29.56,42.28,32.87,55.18,49.89,216950.94,Acoustic Panels,GreenBuild Industries,2025-11-30
RW-10393,Davila-Hunt,Coimbatore,Polyester Fiber Scrap,Mixed,683.66,Microplastics,6.69,108.52,392.14,2986.61,214.53,218.51,127.07,28.73,51.06,46.22,44.41,72.82,17.36,117991.94,Insulation Boards,UrbanEco Materials,2025-12-23
RW-10394,Avila-Hall,Jaipur,Dye Residue,Mixed,2011.87,Sulfide,7.11,568.11,102.6,4432.23,65.06,3290.39,99.36,54.84,27.84,86.23,86.4,85.26,54.46,64653.46,Recycled Fiber Sheets,SustainFab Industries,2024-11-03
RW-10395,Smith Ltd,Kanpur,Industrial Wastewater,Mixed,4713.58,Chromium,8.22,139.45,91.87,1564.02,187.9,1882.33,161.6,11.47,29.1,49.42,51.79,40.41,16.49,345818.03,Recycled Fiber Sheets,CircularTex Pvt Ltd,2024-12-26
RW-10396,"Tran, Contreras and Henry",Surat,Textile Dye Waste,Chemical,3575.04,Color Pigments,8.67,71.9,50.03,4683.88,285.83,457.77,108.63,28.41,25.36,24.43,22.38,57.83,41.1,223823.53,Insulation Boards,GreenBuild Industries,2024-11-08
RW-10397,Boyer-George,Ahmedabad,Dye Residue,Textile,1602.47,Color Pigments,4.64,621.36,14.76,3055.98,115.48,1233.33,24.21,15.96,26.2,56.35,50.34,74.61,12.85,289158.92,Eco Bricks,EcoPack Solutions,2025-08-02
RW-10398,Miller Ltd,Tiruppur,Industrial Wastewater,Mixed,2017.93,Color Pigments,6.26,379.14,167.02,4717.21,10.21,2209.14,60.59,2.06,36.7,57.31,59.18,25.37,10.06,150103.64,Acoustic Panels,UrbanEco Materials,2024-09-02
RW-10399,"Fuller, Sullivan and York",Surat,Dye Residue,Textile,4947.49,Low Contamination,6.62,255.35,350.4,4316.82,213.58,447.32,60.11,2.51,20.59,34.01,33.3,78.83,37.17,184025.1,Recycled Fiber Sheets,GreenBuild Industries,2024-07-06
RW-10400,Reyes Ltd,Ludhiana,Chemical Effluent,Textile,3262.36,Microplastics,6.42,341.64,14.99,1661.07,239.64,1892.41,78.19,35.05,29.81,50.43,52.42,42.66,9.3,346589.63,Industrial Pigments,RenewLoop Manufacturing,2024-06-21
RW-10401,"Roberts, Barton and Perkins",Tiruppur,Fabric Scraps,Chemical,1852.57,Organic Contaminants,6.22,667.3,52.65,3862.04,230.94,1329.87,129.37,28.25,27.99,80.24,66.87,63.02,17.0,364121.64,Eco Bricks,UrbanEco Materials,2024-11-17
RW-10402,Dean-Hays,Tiruppur,Synthetic Fiber Residue,Mixed,2708.82,Low Contamination,5.87,250.39,92.18,375.21,27.04,1490.86,192.9,51.88,54.42,38.38,28.79,64.94,58.71,277488.52,Eco Packaging,RenewLoop Manufacturing,2024-10-06
RW-10403,Thompson Inc,Tiruppur,Sludge,Chemical,3512.24,High TDS,8.29,265.75,191.35,1570.08,187.72,3035.47,157.06,24.05,45.28,51.8,50.89,71.23,44.18,227993.95,Eco Packaging,GreenBuild Industries,2025-04-10
RW-10404,"Watson, Johnson and Nelson",Kanpur,Chemical Effluent,Organic,4866.36,Lead,6.92,477.84,20.58,4851.86,134.4,3863.11,130.86,32.37,51.84,34.42,30.23,48.89,29.89,28173.13,Eco Bricks,CircularTex Pvt Ltd,2025-12-25
RW-10405,Sullivan-Avery,Ludhiana,Fabric Scraps,Organic,2451.64,Heavy Metals,8.05,158.01,54.08,744.91,44.96,3413.28,6.69,13.27,29.57,67.64,70.7,43.35,27.46,11746.37,Eco Bricks,GreenBuild Industries,2025-09-26
RW-10406,"Clarke, Griffith and Mahoney",Ludhiana,Fabric Scraps,Chemical,2625.9,Chromium,7.41,91.77,62.99,3422.25,41.48,3000.21,32.67,53.12,43.55,46.79,49.68,21.55,32.64,260197.96,Industrial Pigments,UrbanEco Materials,2024-09-07
RW-10407,Reed-Collins,Ahmedabad,Dye Residue,Polymer,3902.35,Chromium,6.22,505.39,247.11,1162.25,240.42,1415.48,126.27,22.33,23.3,36.64,38.64,40.26,36.67,96155.23,Recycled Fiber Sheets,CircularTex Pvt Ltd,2026-01-31
RW-10408,Stephens PLC,Jaipur,Polyester Fiber Scrap,Textile,4153.1,Color Pigments,8.29,711.39,216.49,673.73,16.17,3458.44,170.55,27.78,20.24,64.17,57.25,66.41,40.25,462283.87,Eco Packaging,RenewLoop Manufacturing,2026-03-27
RW-10409,Crawford-Riley,Ludhiana,Polyester Fiber Scrap,Chemical,2837.0,Microplastics,8.79,213.89,381.1,3570.5,184.63,2962.91,167.17,39.14,28.16,73.5,67.95,26.69,56.29,321024.93,Eco Bricks,UrbanEco Materials,2024-09-21
RW-10410,Lewis-Wells,Kanpur,Textile Dye Waste,Textile,1236.2,Microplastics,8.55,514.49,250.05,2713.64,58.65,1869.16,72.7,24.14,40.34,82.06,79.13,59.84,14.18,329412.41,Insulation Boards,RenewLoop Manufacturing,2024-11-16
RW-10411,Dixon-Clark,Ludhiana,Textile Dye Waste,Organic,1320.13,Lead,8.1,272.47,192.3,720.72,17.38,2543.57,145.64,2.92,50.12,63.26,69.45,36.65,46.99,304739.2,Eco Bricks,CircularTex Pvt Ltd,2026-05-02
RW-10412,Strong Ltd,Kanpur,Industrial Wastewater,Chemical,2483.4,Color Pigments,6.53,796.32,350.3,4319.6,218.92,3064.95,34.06,54.09,24.74,79.92,57.78,93.2,17.12,207297.94,Industrial Pigments,RenewLoop Manufacturing,2025-12-03
RW-10413,Johnson-Lewis,Surat,Mixed Textile Waste,Chemical,2305.16,Color Pigments,6.25,805.98,88.04,2776.45,20.78,105.95,143.78,43.36,49.27,30.46,29.43,56.97,26.37,331445.9,Eco Bricks,EcoPack Solutions,2025-09-11
RW-10414,Perez-Pena,Ahmedabad,Synthetic Fiber Residue,Chemical,4810.88,Microplastics,4.63,642.3,267.07,3161.28,269.68,2452.44,68.66,4.66,40.57,94.59,96.72,36.88,42.9,165985.93,Eco Packaging,EcoPack Solutions,2025-08-28
RW-10415,"Baker, Flores and Garner",Ahmedabad,Chemical Effluent,Textile,3538.98,High TDS,4.72,452.17,180.12,3951.25,230.09,2682.53,93.55,2.54,32.74,53.42,43.59,64.48,37.03,422446.61,Eco Packaging,GreenBuild Industries,2024-07-20
RW-10416,"Keith, Williams and Collins",Ahmedabad,Cotton Wastewater,Mixed,1661.5,Sulfide,5.39,673.62,106.93,4932.0,48.19,2999.15,15.73,58.63,42.13,69.65,75.0,79.78,36.35,106658.97,Acoustic Panels,CircularTex Pvt Ltd,2025-01-10
RW-10417,Smith-West,Jaipur,Sludge,Textile,2235.42,Chromium,8.09,707.72,347.98,4399.82,236.54,1348.42,151.56,39.24,53.5,21.24,22.42,57.8,21.7,352618.58,Insulation Boards,UrbanEco Materials,2025-08-29
RW-10418,Hernandez-Jones,Ludhiana,Textile Dye Waste,Textile,1391.77,Organic Contaminants,4.92,374.36,216.37,1188.81,144.98,2837.62,9.37,57.85,22.41,88.38,71.6,90.85,40.77,16867.64,Recycled Fiber Sheets,GreenBuild Industries,2025-06-30
RW-10419,"Graham, Noble and Cooper",Jaipur,Fabric Scraps,Organic,830.08,Sulfide,6.62,165.38,31.01,2220.74,76.25,2291.53,118.49,6.84,24.9,38.64,27.06,63.34,23.03,132151.24,Recycled Fiber Sheets,CircularTex Pvt Ltd,2026-04-06
RW-10420,"Gordon, Diaz and Martinez",Mumbai,Industrial Wastewater,Chemical,1396.27,High TDS,8.94,636.67,176.46,1200.28,34.41,968.77,13.71,34.02,36.45,48.44,43.93,87.24,29.0,160506.6,Industrial Pigments,EcoPack Solutions,2024-09-21
RW-10421,"Nelson, Barrett and White",Kanpur,Chemical Effluent,Polymer,4336.78,Chromium,6.16,492.03,12.53,1337.58,6.53,1326.23,173.63,9.25,29.56,58.25,46.31,56.58,40.23,450306.79,Eco Bricks,EcoPack Solutions,2024-09-21
RW-10422,"Burns, Nolan and Price",Ahmedabad,Dye Residue,Mixed,3072.44,Microplastics,7.11,277.75,184.52,3755.41,251.51,1693.82,52.4,23.34,35.56,52.8,55.62,26.31,28.53,182400.24,Eco Packaging,GreenBuild Industries,2026-02-09
RW-10423,"Moore, Greene and Reyes",Coimbatore,Mixed Textile Waste,Polymer,1982.41,Heavy Metals,8.97,285.9,36.66,2232.78,19.85,3247.44,118.47,59.08,49.77,90.3,66.49,82.17,32.04,418365.52,Insulation Boards,GreenBuild Industries,2025-11-30
RW-10424,Simpson-Hodge,Ludhiana,Sludge,Polymer,1556.33,Sulfide,6.85,214.99,326.0,4130.49,243.45,2334.0,161.76,59.16,23.99,97.8,78.09,37.24,22.14,192669.35,Eco Bricks,SustainFab Industries,2025-02-16
RW-10425,Warren and Sons,Kanpur,Industrial Wastewater,Textile,4958.46,Oil Residue,7.53,172.2,118.87,3576.47,121.42,2015.88,155.92,38.42,27.35,62.5,49.18,33.99,52.76,242043.47,Eco Bricks,SustainFab Industries,2024-08-25
RW-10426,"Willis, Mcdaniel and Carrillo",Ludhiana,Sludge,Polymer,1906.16,Heavy Metals,8.98,408.89,101.92,3495.72,70.62,3789.55,143.7,24.09,34.85,50.78,40.63,25.66,53.17,379539.83,Insulation Boards,CircularTex Pvt Ltd,2026-01-01
RW-10427,Castro and Sons,Coimbatore,Cotton Wastewater,Mixed,1931.04,Heavy Metals,8.89,577.36,115.17,3867.21,203.64,392.96,146.98,21.12,48.27,52.59,56.38,68.24,47.38,93247.83,Industrial Pigments,UrbanEco Materials,2025-08-05
RW-10428,"Smith, Mitchell and Stephenson",Ludhiana,Dye Residue,Mixed,4841.87,Organic Contaminants,7.25,364.9,335.27,3449.54,171.59,3242.62,168.19,51.95,50.71,39.25,37.24,44.98,53.54,132229.3,Insulation Boards,UrbanEco Materials,2025-08-18
RW-10429,Roth-Martinez,Coimbatore,Synthetic Fiber Residue,Textile,4269.34,Chromium,5.71,898.78,292.76,4427.13,209.24,1324.55,128.29,8.05,47.09,77.87,68.42,66.7,30.52,93108.69,Recycled Fiber Sheets,GreenBuild Industries,2025-01-06
RW-10430,Friedman-Hancock,Ludhiana,Textile Dye Waste,Textile,2800.77,Heavy Metals,5.74,867.62,312.55,2618.21,201.6,126.62,48.82,18.55,34.66,58.84,59.65,48.64,46.62,71442.8,Recycled Fiber Sheets,EcoPack Solutions,2025-01-01
RW-10431,Lopez Inc,Jaipur,Textile Dye Waste,Textile,1248.22,Lead,7.71,776.61,394.67,473.09,194.8,3191.5,190.73,42.16,27.3,88.16,69.33,41.03,39.67,95031.18,Eco Bricks,CircularTex Pvt Ltd,2024-07-11
RW-10432,"Green, Williams and Pineda",Kanpur,Fabric Scraps,Chemical,415.73,Sulfide,7.78,352.09,165.73,1369.66,75.33,720.87,22.8,23.0,32.17,54.96,50.31,50.47,39.56,416714.25,Industrial Pigments,UrbanEco Materials,2025-04-11
RW-10433,"Moore, Reilly and Jones",Coimbatore,Dye Residue,Polymer,2040.59,High TDS,7.01,843.37,127.32,383.68,228.95,3328.56,101.12,45.38,54.12,42.26,43.32,60.73,49.96,43043.37,Recycled Fiber Sheets,UrbanEco Materials,2025-01-13
RW-10434,Navarro-Flynn,Tiruppur,Textile Dye Waste,Textile,1727.63,Microplastics,7.45,55.33,274.8,4726.35,237.04,1326.64,92.39,51.71,41.6,88.75,65.24,84.04,26.45,239469.38,Eco Bricks,CircularTex Pvt Ltd,2024-09-24
RW-10435,Henson Inc,Kanpur,Dye Residue,Mixed,3757.93,Oil Residue,5.85,407.56,227.0,3231.36,135.3,2626.19,148.96,44.82,54.2,59.37,63.63,67.52,53.67,479711.62,Insulation Boards,SustainFab Industries,2025-12-18
RW-10436,"Cooper, Cooke and Daniels",Ahmedabad,Mixed Textile Waste,Chemical,1049.02,Heavy Metals,5.04,808.92,244.3,1938.6,176.3,3633.49,16.68,19.26,44.55,90.3,97.29,30.61,13.93,154236.93,Recycled Fiber Sheets,SustainFab Industries,2026-04-17
RW-10437,"Huber, Williams and Smith",Ahmedabad,Fabric Scraps,Mixed,1177.36,Oil Residue,5.79,687.38,65.63,4334.65,89.62,570.4,154.29,27.76,24.95,90.44,95.43,29.54,45.36,430583.27,Acoustic Panels,CircularTex Pvt Ltd,2024-12-24
RW-10438,Allen Inc,Ludhiana,Mixed Textile Waste,Polymer,4600.14,Color Pigments,8.51,182.78,50.73,4938.6,239.92,2236.02,158.22,4.06,32.46,22.82,18.91,82.69,28.94,190247.52,Acoustic Panels,CircularTex Pvt Ltd,2026-01-23
RW-10439,Cole-Powell,Jaipur,Textile Dye Waste,Mixed,2884.66,Chromium,8.86,590.62,373.59,1086.4,123.92,2843.11,138.92,15.81,54.07,82.59,82.65,66.57,6.07,247571.11,Industrial Pigments,CircularTex Pvt Ltd,2025-12-28
RW-10440,Roberson-Young,Surat,Industrial Wastewater,Mixed,2228.41,Lead,4.96,826.04,209.53,3633.49,283.83,1113.26,113.05,36.28,51.71,68.58,67.55,57.49,32.66,495596.27,Acoustic Panels,CircularTex Pvt Ltd,2024-09-03
RW-10441,"Thomas, Gordon and Fisher",Coimbatore,Chemical Effluent,Polymer,640.11,High TDS,7.31,644.55,272.02,3658.08,216.9,182.28,56.09,24.86,23.36,33.61,35.42,65.99,17.4,28189.84,Acoustic Panels,GreenBuild Industries,2025-03-05
RW-10442,"Dominguez, Meadows and Bell",Mumbai,Fabric Scraps,Textile,3736.65,Heavy Metals,6.95,768.02,107.52,2136.99,98.8,3532.35,19.65,29.97,21.13,24.64,21.54,50.28,28.19,30643.58,Eco Bricks,SustainFab Industries,2025-07-18
RW-10443,"Roberts, Green and Escobar",Ludhiana,Polyester Fiber Scrap,Organic,2959.56,Heavy Metals,4.54,190.44,21.56,823.91,260.19,1364.51,92.12,8.11,27.44,94.7,98.27,20.01,8.11,135488.98,Industrial Pigments,UrbanEco Materials,2024-08-07
RW-10444,Wall PLC,Jaipur,Cotton Wastewater,Mixed,1239.26,Color Pigments,6.76,270.22,142.93,3387.48,72.11,2095.72,46.81,33.83,53.19,65.95,63.56,88.56,30.97,120512.43,Eco Packaging,GreenBuild Industries,2024-09-16
RW-10445,Arnold Inc,Ludhiana,Cotton Wastewater,Chemical,4037.81,Color Pigments,4.67,171.39,323.41,1955.07,52.27,1164.0,67.71,35.96,44.77,92.06,89.51,78.91,13.11,287649.59,Recycled Fiber Sheets,EcoPack Solutions,2024-06-24
RW-10446,Hernandez Inc,Tiruppur,Industrial Wastewater,Organic,2996.12,Microplastics,7.73,417.31,281.73,2465.91,10.96,2563.77,122.12,59.38,30.89,86.01,63.15,57.02,32.72,102654.57,Acoustic Panels,UrbanEco Materials,2024-07-20
RW-10447,"Walls, Harris and Snyder",Kanpur,Textile Dye Waste,Chemical,4756.62,Oil Residue,8.81,221.05,244.96,4682.2,255.42,3146.45,146.13,27.22,48.46,88.21,83.95,42.93,59.66,358061.99,Insulation Boards,CircularTex Pvt Ltd,2024-07-01
RW-10448,"Collins, Tucker and Barr",Surat,Textile Dye Waste,Mixed,1608.15,Microplastics,5.17,524.77,24.48,3750.76,12.42,3788.27,104.0,48.25,27.06,27.46,28.71,78.81,21.26,246611.48,Recycled Fiber Sheets,UrbanEco Materials,2025-02-21
RW-10449,Johnson PLC,Jaipur,Industrial Wastewater,Organic,2803.63,Microplastics,7.96,616.33,148.51,2823.69,75.35,2743.79,68.36,31.27,20.82,55.92,53.92,27.51,7.46,469508.07,Recycled Fiber Sheets,RenewLoop Manufacturing,2025-05-11
RW-10450,Freeman-Snyder,Tiruppur,Polyester Fiber Scrap,Textile,3650.09,Low Contamination,6.93,682.01,136.58,246.29,266.2,2043.07,94.26,48.42,51.99,97.9,87.22,42.11,21.82,431459.75,Recycled Fiber Sheets,SustainFab Industries,2025-10-21
RW-10451,Russell-Ellison,Kanpur,Industrial Wastewater,Chemical,294.62,Color Pigments,5.9,566.65,104.76,1007.71,196.03,2894.36,114.21,38.52,36.18,66.1,50.92,42.25,20.45,382563.37,Acoustic Panels,RenewLoop Manufacturing,2025-09-14
RW-10452,Church-Ray,Ahmedabad,Textile Dye Waste,Chemical,4399.56,Color Pigments,4.56,693.12,266.32,3513.23,69.75,2549.83,124.95,4.46,44.03,30.81,21.62,51.53,43.04,220056.1,Recycled Fiber Sheets,RenewLoop Manufacturing,2024-11-13
RW-10453,Young Group,Jaipur,Mixed Textile Waste,Organic,1197.08,Lead,5.18,315.26,118.13,1014.56,273.55,3118.09,13.37,31.66,45.11,72.76,61.34,85.42,27.6,494732.35,Industrial Pigments,CircularTex Pvt Ltd,2026-04-09
RW-10454,Murphy and Sons,Tiruppur,Dye Residue,Textile,1807.39,Lead,6.62,352.12,13.48,555.83,172.57,2582.75,160.5,24.87,32.08,66.09,60.4,87.21,19.03,98542.46,Insulation Boards,EcoPack Solutions,2025-10-23
RW-10455,Taylor-Baker,Mumbai,Polyester Fiber Scrap,Polymer,2602.35,Sulfide,5.23,123.84,158.65,1612.92,123.61,3460.67,153.52,21.36,54.89,41.12,35.02,36.95,9.5,108254.34,Recycled Fiber Sheets,RenewLoop Manufacturing,2025-08-03
RW-10456,Russell Group,Ahmedabad,Synthetic Fiber Residue,Organic,1906.13,Sulfide,8.83,307.27,242.39,313.89,250.45,2226.84,197.78,45.3,43.94,84.43,62.92,74.45,5.14,337196.2,Industrial Pigments,SustainFab Industries,2025-11-16
RW-10457,"Patterson, Price and Parker",Kanpur,Synthetic Fiber Residue,Textile,4033.09,Sulfide,6.54,129.73,166.18,3668.25,11.52,577.27,55.88,42.76,29.66,28.11,26.35,51.63,23.61,473193.59,Eco Bricks,GreenBuild Industries,2025-04-02
RW-10458,Hernandez-Wheeler,Tiruppur,Mixed Textile Waste,Textile,3114.28,Microplastics,7.3,97.51,388.19,698.97,245.94,3754.46,111.68,4.13,44.54,90.86,85.65,22.43,9.78,283871.64,Insulation Boards,RenewLoop Manufacturing,2025-04-16
RW-10459,"Ray, Shea and Ray",Kanpur,Dye Residue,Organic,2843.85,Sulfide,4.56,811.62,175.72,2239.04,60.9,1704.07,193.86,46.02,43.67,32.23,26.4,36.04,26.71,20482.03,Recycled Fiber Sheets,CircularTex Pvt Ltd,2024-05-17
RW-10460,Brown LLC,Kanpur,Sludge,Chemical,196.48,Low Contamination,7.2,533.9,178.25,485.37,114.44,996.56,43.84,25.4,45.64,80.66,77.55,22.58,16.01,429719.12,Acoustic Panels,CircularTex Pvt Ltd,2025-01-29
RW-10461,Wilson PLC,Mumbai,Dye Residue,Mixed,2784.21,High TDS,6.32,418.47,150.39,619.7,273.57,2356.99,34.96,41.21,52.5,56.44,46.86,48.48,21.69,46143.79,Eco Bricks,RenewLoop Manufacturing,2024-06-24
RW-10462,Lang-Brennan,Ludhiana,Sludge,Mixed,2540.31,Sulfide,7.3,78.5,207.81,3821.73,154.61,2599.28,160.92,51.92,36.06,95.35,101.95,78.1,6.17,363308.52,Recycled Fiber Sheets,GreenBuild Industries,2025-08-15
RW-10463,Martinez-Patterson,Ahmedabad,Dye Residue,Organic,3740.16,Heavy Metals,7.41,623.24,302.09,3799.3,101.23,2088.6,97.55,55.03,39.49,61.12,43.84,52.25,19.85,359642.68,Recycled Fiber Sheets,GreenBuild Industries,2025-07-02
RW-10464,Williams-Miller,Ahmedabad,Mixed Textile Waste,Organic,4246.59,Lead,6.16,319.06,261.06,1618.72,204.91,692.06,195.69,29.83,21.49,65.65,61.13,52.85,11.33,490063.69,Eco Packaging,UrbanEco Materials,2025-07-07
RW-10465,Wagner PLC,Ahmedabad,Polyester Fiber Scrap,Mixed,2252.36,Low Contamination,8.26,876.05,64.37,3785.03,35.07,1320.22,88.87,53.41,46.39,54.82,42.86,67.75,39.63,380529.38,Recycled Fiber Sheets,GreenBuild Industries,2025-01-24
RW-10466,Fox and Sons,Coimbatore,Industrial Wastewater,Organic,3871.42,Organic Contaminants,7.85,553.04,94.45,4011.61,160.91,2704.61,26.8,13.64,54.73,21.51,17.96,93.75,28.56,338179.8,Eco Packaging,UrbanEco Materials,2025-02-13
RW-10467,Brown Ltd,Tiruppur,Industrial Wastewater,Mixed,4961.93,Organic Contaminants,7.69,629.87,124.42,4316.27,16.72,2064.02,96.33,4.21,39.24,22.38,19.38,84.23,16.42,128294.44,Insulation Boards,RenewLoop Manufacturing,2026-02-04
RW-10468,Choi Inc,Tiruppur,Fabric Scraps,Polymer,2619.01,Oil Residue,7.55,335.87,11.63,4093.07,154.05,3258.52,191.26,4.63,42.32,23.1,23.05,68.29,24.67,499787.93,Insulation Boards,RenewLoop Manufacturing,2025-08-28
RW-10469,Woods-Burnett,Coimbatore,Fabric Scraps,Organic,1941.6,High TDS,8.65,310.04,38.52,2923.56,53.66,1105.86,190.0,49.64,31.57,51.54,50.17,56.1,37.76,464313.85,Insulation Boards,CircularTex Pvt Ltd,2025-05-12
RW-10470,"Clarke, Leblanc and Woods",Coimbatore,Cotton Wastewater,Mixed,1640.98,Oil Residue,5.09,309.0,179.64,4820.35,287.35,680.01,199.29,38.0,34.62,85.71,72.19,54.14,52.75,324560.94,Acoustic Panels,SustainFab Industries,2025-06-14
RW-10471,Hamilton and Sons,Ludhiana,Textile Dye Waste,Mixed,415.3,Heavy Metals,8.7,827.43,13.89,1979.86,194.89,3225.0,21.85,29.89,41.74,59.46,53.25,43.12,19.51,348843.58,Industrial Pigments,RenewLoop Manufacturing,2025-06-07
RW-10472,Baldwin-Hicks,Kanpur,Industrial Wastewater,Polymer,3949.95,Lead,7.92,112.52,251.22,3166.95,196.97,467.86,89.88,14.73,50.54,57.86,47.29,43.42,50.25,408702.45,Insulation Boards,GreenBuild Industries,2024-11-10
RW-10473,Carney LLC,Surat,Chemical Effluent,Organic,3529.96,Sulfide,4.75,470.91,264.97,707.08,140.63,485.36,192.34,55.77,47.15,78.09,63.4,84.37,9.44,86332.44,Industrial Pigments,CircularTex Pvt Ltd,2024-10-28
RW-10474,Blair Ltd,Ahmedabad,Mixed Textile Waste,Polymer,2487.51,Microplastics,8.97,375.81,153.26,3331.1,254.98,793.54,116.43,38.76,48.48,94.47,97.05,92.19,11.88,195914.42,Eco Packaging,UrbanEco Materials,2025-03-01
RW-10475,Johnson Ltd,Jaipur,Chemical Effluent,Chemical,817.98,Low Contamination,8.73,298.44,311.22,3451.15,13.29,119.81,114.06,51.94,47.51,90.3,79.58,28.75,10.04,149153.57,Acoustic Panels,UrbanEco Materials,2025-08-04
RW-10476,"Fletcher, Wilson and James",Kanpur,Synthetic Fiber Residue,Organic,959.32,Heavy Metals,7.57,710.89,226.02,991.36,257.21,516.67,146.1,13.71,47.25,97.43,91.65,76.89,21.18,50570.85,Acoustic Panels,CircularTex Pvt Ltd,2024-05-18
RW-10477,Parker-Fuentes,Surat,Cotton Wastewater,Textile,2975.48,High TDS,6.32,333.43,185.58,4125.46,71.69,2355.89,55.27,32.77,32.08,41.3,36.32,23.23,57.73,437225.1,Insulation Boards,SustainFab Industries,2026-02-26
RW-10478,Herrera and Sons,Ahmedabad,Mixed Textile Waste,Organic,4563.91,Oil Residue,5.56,187.07,381.82,2846.57,21.1,2336.44,108.63,56.34,46.73,20.0,18.23,71.15,32.19,96653.3,Recycled Fiber Sheets,EcoPack Solutions,2024-05-24
RW-10479,Mcgee Group,Surat,Mixed Textile Waste,Textile,3360.43,High TDS,8.98,514.4,166.18,3287.65,113.15,1607.65,101.45,42.37,38.74,41.93,44.15,20.25,46.16,238337.72,Eco Bricks,CircularTex Pvt Ltd,2026-03-24
RW-10480,James PLC,Surat,Fabric Scraps,Chemical,3320.3,Chromium,8.88,809.12,123.56,2414.34,279.69,1596.22,125.41,25.54,52.91,50.44,43.04,83.13,46.59,363725.55,Eco Bricks,RenewLoop Manufacturing,2026-04-08
RW-10481,Rivera Group,Kanpur,Sludge,Textile,4102.93,Color Pigments,4.55,690.47,255.05,917.6,125.48,2820.19,120.76,8.21,38.63,95.65,100.66,20.5,18.59,391175.46,Eco Bricks,SustainFab Industries,2024-06-09
RW-10482,Rice-Crane,Surat,Textile Dye Waste,Polymer,858.35,Heavy Metals,6.99,179.85,100.26,700.04,104.67,3759.36,91.39,2.05,20.37,46.01,49.4,63.56,19.63,218570.83,Insulation Boards,GreenBuild Industries,2025-10-03
RW-10483,Watson Group,Mumbai,Industrial Wastewater,Organic,385.2,Oil Residue,7.82,673.97,352.25,4261.34,70.54,3529.77,168.14,14.62,53.98,94.43,86.07,39.19,31.51,461558.28,Acoustic Panels,EcoPack Solutions,2024-09-29
RW-10484,Powell-Long,Mumbai,Chemical Effluent,Mixed,1922.56,High TDS,6.81,527.13,326.8,4821.88,141.46,3743.92,19.15,16.15,20.61,32.89,32.63,47.95,17.65,297592.07,Recycled Fiber Sheets,SustainFab Industries,2024-12-19
RW-10485,Smith LLC,Ahmedabad,Dye Residue,Polymer,1481.92,Color Pigments,8.15,571.73,157.3,1058.33,20.11,741.08,146.42,21.76,36.46,31.2,24.7,28.29,58.14,296906.17,Acoustic Panels,UrbanEco Materials,2025-12-23
RW-10486,Woodward and Sons,Surat,Cotton Wastewater,Mixed,3608.8,High TDS,7.63,426.76,166.18,1704.54,185.16,1494.23,53.11,55.82,31.13,22.5,19.94,72.96,50.17,35742.62,Recycled Fiber Sheets,EcoPack Solutions,2024-12-15
RW-10487,Douglas LLC,Ahmedabad,Industrial Wastewater,Mixed,245.38,Microplastics,6.81,167.5,342.79,3187.68,231.54,1281.67,64.17,33.5,51.39,82.21,81.75,65.87,49.87,385460.69,Industrial Pigments,RenewLoop Manufacturing,2025-07-06
RW-10488,"Allen, Bradford and Hebert",Coimbatore,Chemical Effluent,Mixed,3301.07,Color Pigments,5.42,184.06,183.12,4314.24,264.48,3232.03,88.42,8.18,35.67,95.15,75.78,62.36,58.53,297321.61,Eco Packaging,CircularTex Pvt Ltd,2025-04-19
RW-10489,"Davis, Chapman and Odonnell",Ludhiana,Industrial Wastewater,Textile,4023.54,Microplastics,6.57,895.53,11.95,4011.52,224.78,1000.94,5.18,36.21,26.38,50.82,36.61,43.79,15.47,309862.0,Eco Packaging,SustainFab Industries,2025-07-10
RW-10490,Mason-Smith,Ahmedabad,Synthetic Fiber Residue,Mixed,1072.98,Oil Residue,7.93,890.86,173.73,2924.65,178.61,1325.71,79.16,15.81,39.32,95.16,80.08,58.08,56.84,120539.51,Insulation Boards,EcoPack Solutions,2025-04-03
RW-10491,Torres-Glenn,Mumbai,Synthetic Fiber Residue,Mixed,4278.34,High TDS,5.67,210.94,61.79,2152.01,290.74,2495.66,14.8,13.23,22.22,77.59,63.52,61.12,30.14,189344.34,Eco Packaging,SustainFab Industries,2024-07-18
RW-10492,Rhodes Group,Mumbai,Synthetic Fiber Residue,Textile,3561.06,Chromium,7.04,724.43,112.16,4250.62,168.85,3614.46,110.15,28.75,54.68,80.84,59.4,54.99,32.68,161902.36,Recycled Fiber Sheets,UrbanEco Materials,2026-01-14
RW-10493,Ross Group,Ahmedabad,Polyester Fiber Scrap,Textile,4618.58,Microplastics,5.64,811.51,217.16,1846.77,61.02,1125.77,102.31,55.37,35.83,94.48,66.67,74.94,53.64,431859.69,Recycled Fiber Sheets,UrbanEco Materials,2024-08-26
RW-10494,Santos-Davis,Jaipur,Cotton Wastewater,Chemical,4589.31,Lead,8.37,395.86,362.51,4593.88,78.39,3381.06,183.57,16.69,29.28,94.7,102.55,86.87,25.97,400810.06,Eco Bricks,EcoPack Solutions,2024-08-02
RW-10495,Stevenson Group,Tiruppur,Sludge,Organic,4505.54,High TDS,4.61,274.18,249.65,2893.3,60.59,2871.12,196.97,46.02,42.44,88.65,93.79,33.9,54.92,343306.14,Industrial Pigments,SustainFab Industries,2025-08-11
RW-10496,"Thomas, Long and Scott",Surat,Sludge,Mixed,527.54,High TDS,7.5,545.36,13.78,2001.98,150.89,1980.9,127.18,46.88,24.37,68.0,62.27,44.98,12.07,88252.18,Eco Packaging,CircularTex Pvt Ltd,2024-10-15
RW-10497,"Kane, Church and Dean",Jaipur,Synthetic Fiber Residue,Textile,4913.83,Sulfide,7.48,797.1,187.43,4678.47,109.78,1764.13,144.63,58.77,42.29,35.54,30.8,30.58,47.43,317041.15,Insulation Boards,EcoPack Solutions,2025-10-23
RW-10498,Hampton-Christian,Mumbai,Polyester Fiber Scrap,Textile,3547.42,Low Contamination,4.62,675.78,349.49,1229.98,56.76,1264.47,119.77,21.92,21.4,58.11,53.15,92.18,59.97,474087.63,Eco Packaging,CircularTex Pvt Ltd,2025-07-06
RW-10499,Villa Ltd,Tiruppur,Industrial Wastewater,Polymer,682.03,Organic Contaminants,8.15,760.48,350.63,748.82,53.02,211.77,109.96,42.44,21.92,34.59,37.18,41.48,16.88,83859.19,Insulation Boards,CircularTex Pvt Ltd,2024-09-23
RW-10500,Wells and Sons,Tiruppur,Chemical Effluent,Mixed,1973.78,Lead,7.89,860.49,71.6,3814.89,215.53,903.59,149.76,58.59,44.04,35.61,36.37,91.81,53.28,74217.51,Insulation Boards,SustainFab Industries,2025-08-19
RW-10501,Case-Fitzpatrick,Jaipur,Polyester Fiber Scrap,Chemical,4240.4,Heavy Metals,7.44,610.72,15.28,1300.5,203.05,2452.93,52.57,11.22,34.67,79.33,71.34,40.0,7.95,296144.73,Recycled Fiber Sheets,CircularTex Pvt Ltd,2025-03-29
RW-10502,Lopez and Sons,Surat,Industrial Wastewater,Textile,1666.71,High TDS,6.74,111.8,98.36,1183.25,176.14,1974.65,59.51,56.32,43.69,44.78,44.5,68.71,21.51,303266.72,Industrial Pigments,SustainFab Industries,2024-08-24
RW-10503,"Johnson, Anderson and Reid",Tiruppur,Sludge,Polymer,2275.68,Color Pigments,8.76,735.17,108.77,3138.38,15.33,2780.68,23.5,28.83,25.15,38.57,33.15,67.03,28.2,431628.58,Recycled Fiber Sheets,CircularTex Pvt Ltd,2024-06-29
RW-10504,"Adams, Garza and Harper",Ludhiana,Mixed Textile Waste,Polymer,4876.47,Low Contamination,7.69,755.89,187.76,4123.87,47.73,1628.14,35.79,46.51,28.6,26.36,25.98,94.43,58.66,170460.99,Eco Packaging,GreenBuild Industries,2025-11-09
RW-10505,Turner-Robinson,Ahmedabad,Industrial Wastewater,Mixed,2165.05,Lead,8.03,500.66,64.5,1188.19,65.76,214.03,139.5,47.86,27.85,30.74,33.58,50.83,33.08,265307.55,Industrial Pigments,GreenBuild Industries,2026-01-21
RW-10506,Morse-Gordon,Jaipur,Textile Dye Waste,Polymer,860.11,Heavy Metals,7.06,590.71,276.17,1823.58,98.85,3251.15,194.61,8.85,35.86,79.23,59.79,92.76,11.06,285386.33,Acoustic Panels,GreenBuild Industries,2025-01-09
RW-10507,"Carter, Thornton and Gamble",Ludhiana,Dye Residue,Mixed,2483.55,Color Pigments,7.87,617.08,349.15,3751.72,201.86,1601.06,117.4,41.97,33.68,78.33,64.73,55.67,21.58,478275.45,Eco Packaging,SustainFab Industries,2024-09-25
RW-10508,Miller LLC,Jaipur,Synthetic Fiber Residue,Textile,4662.8,Microplastics,4.66,311.23,388.67,1808.0,218.32,430.13,124.35,46.69,50.65,89.4,68.66,53.34,5.13,155182.04,Eco Packaging,CircularTex Pvt Ltd,2025-12-19
RW-10509,Bush-King,Tiruppur,Chemical Effluent,Textile,3397.65,Lead,6.31,820.59,318.06,1058.67,292.52,2077.58,173.4,55.92,48.25,95.4,91.69,54.24,58.51,343489.07,Insulation Boards,SustainFab Industries,2025-08-09
RW-10510,Hayes Inc,Tiruppur,Cotton Wastewater,Chemical,2365.15,Organic Contaminants,5.82,520.78,222.29,4889.19,9.04,1555.94,69.14,17.03,26.81,87.27,68.68,84.64,44.11,200532.89,Eco Bricks,CircularTex Pvt Ltd,2024-08-13
RW-10511,Hamilton and Sons,Ludhiana,Polyester Fiber Scrap,Polymer,1819.6,Heavy Metals,5.9,533.68,92.04,2468.81,126.56,3478.68,168.52,40.51,28.7,39.04,40.23,66.55,16.87,323778.97,Recycled Fiber Sheets,GreenBuild Industries,2024-08-29
RW-10512,Harrington-Robinson,Tiruppur,Sludge,Textile,2459.55,Color Pigments,8.48,315.89,84.34,1637.83,259.71,1364.78,63.79,46.36,21.99,53.86,42.21,29.19,48.18,398525.88,Industrial Pigments,EcoPack Solutions,2025-12-08
RW-10513,Perry LLC,Kanpur,Dye Residue,Mixed,4410.97,Color Pigments,5.19,429.49,281.26,2519.54,48.18,1778.78,96.67,48.62,23.74,83.85,81.28,27.45,33.44,63972.57,Insulation Boards,UrbanEco Materials,2026-01-31
RW-10514,Dougherty-Boyd,Jaipur,Synthetic Fiber Residue,Organic,4608.62,Chromium,5.71,503.02,308.81,2783.44,93.53,1827.45,45.91,55.38,53.08,37.76,41.08,38.74,25.66,327884.86,Eco Packaging,GreenBuild Industries,2025-07-23
RW-10515,Castro LLC,Surat,Polyester Fiber Scrap,Textile,3351.8,Sulfide,5.89,596.54,291.12,264.28,275.03,712.41,121.61,48.17,33.76,30.74,32.13,50.56,58.79,102306.35,Eco Bricks,CircularTex Pvt Ltd,2025-10-23
RW-10516,Hawkins-Nichols,Ahmedabad,Textile Dye Waste,Textile,2988.69,Color Pigments,4.7,817.5,99.15,2189.69,254.17,3832.67,30.55,5.81,35.15,34.96,27.11,81.77,24.13,55171.27,Eco Packaging,GreenBuild Industries,2025-08-20
RW-10517,Jackson-Byrd,Mumbai,Chemical Effluent,Mixed,2219.25,High TDS,7.46,685.6,327.99,3398.04,59.66,221.74,158.29,41.55,41.99,46.7,35.64,50.35,53.32,96577.76,Industrial Pigments,UrbanEco Materials,2026-03-29
RW-10518,Kelly-Harmon,Mumbai,Industrial Wastewater,Mixed,3776.97,Chromium,8.72,569.73,335.21,4842.78,93.12,1236.5,81.1,15.58,30.1,25.77,26.9,53.17,8.04,39433.1,Eco Bricks,EcoPack Solutions,2025-11-16
RW-10519,Butler LLC,Surat,Dye Residue,Mixed,2469.31,Chromium,8.06,263.98,312.71,833.19,9.86,3140.48,168.67,52.64,51.38,60.0,57.93,91.39,45.43,82111.04,Acoustic Panels,UrbanEco Materials,2025-03-31
RW-10520,Williams Inc,Coimbatore,Polyester Fiber Scrap,Organic,4364.28,High TDS,8.81,431.25,384.94,880.32,79.59,257.91,177.02,15.43,36.78,70.81,62.85,86.87,6.54,135642.4,Acoustic Panels,UrbanEco Materials,2025-02-10
RW-10521,"Hutchinson, Collins and Weaver",Kanpur,Fabric Scraps,Organic,3066.16,Chromium,7.66,218.06,285.54,1711.89,23.75,1597.95,135.48,49.91,35.87,36.72,32.44,76.63,57.75,399543.57,Insulation Boards,RenewLoop Manufacturing,2024-07-23
RW-10522,"Vargas, Edwards and Sexton",Kanpur,Mixed Textile Waste,Chemical,859.71,Sulfide,4.68,770.54,343.2,2825.66,276.86,2010.41,32.32,7.32,26.01,92.02,88.64,58.87,32.76,210915.68,Acoustic Panels,RenewLoop Manufacturing,2025-10-08
RW-10523,Floyd Ltd,Tiruppur,Polyester Fiber Scrap,Textile,986.46,Lead,8.48,52.58,177.95,4990.88,184.06,1633.02,108.64,13.92,25.99,34.13,28.92,75.43,35.07,251761.52,Industrial Pigments,CircularTex Pvt Ltd,2025-07-11
RW-10524,Clark Ltd,Coimbatore,Dye Residue,Mixed,659.28,Sulfide,4.56,793.9,266.73,4068.35,208.29,2553.8,10.82,5.38,21.46,20.51,22.07,59.92,24.55,425626.07,Acoustic Panels,RenewLoop Manufacturing,2024-12-05
RW-10525,Ware and Sons,Mumbai,Industrial Wastewater,Organic,271.76,Sulfide,7.47,762.31,345.63,1408.07,275.37,1374.53,63.49,57.45,29.46,93.14,90.32,82.08,32.58,210900.68,Eco Bricks,SustainFab Industries,2024-10-06
RW-10526,Dawson-Fleming,Kanpur,Cotton Wastewater,Chemical,3235.09,Oil Residue,5.76,97.48,215.96,3807.14,101.5,1565.04,153.62,56.93,36.53,63.59,54.63,27.01,27.5,332598.69,Acoustic Panels,EcoPack Solutions,2025-11-05
RW-10527,Barber-Clark,Jaipur,Chemical Effluent,Chemical,3833.22,Sulfide,8.65,357.42,127.93,541.83,15.17,1910.51,162.0,11.33,32.53,30.8,30.31,77.91,22.03,459739.16,Insulation Boards,SustainFab Industries,2025-11-23
RW-10528,"Barber, Walsh and Camacho",Jaipur,Sludge,Textile,2515.6,Heavy Metals,5.56,384.69,240.43,958.59,170.62,524.75,72.55,4.41,27.29,37.06,27.95,33.27,59.82,399630.53,Eco Bricks,SustainFab Industries,2025-06-18
RW-10529,Stanton PLC,Kanpur,Mixed Textile Waste,Chemical,3839.99,Color Pigments,8.63,623.46,299.34,3135.35,86.46,777.04,13.56,8.64,41.29,87.1,81.91,78.41,36.7,338518.83,Acoustic Panels,GreenBuild Industries,2025-06-02
RW-10530,Walls-Cook,Ahmedabad,Chemical Effluent,Organic,3463.6,Color Pigments,7.66,89.05,133.67,740.66,105.37,1932.96,174.19,28.3,45.81,21.29,22.9,87.73,51.77,485151.26,Industrial Pigments,CircularTex Pvt Ltd,2024-11-08
RW-10531,"Stevens, Price and Norman",Tiruppur,Cotton Wastewater,Organic,1350.72,Sulfide,8.7,160.47,195.49,2662.58,293.3,1173.27,134.43,55.21,26.45,53.11,51.43,81.07,16.27,439202.5,Acoustic Panels,GreenBuild Industries,2025-04-22
RW-10532,"Watts, Flores and Rollins",Coimbatore,Synthetic Fiber Residue,Organic,152.25,High TDS,4.88,438.69,280.67,4607.81,255.17,1701.8,152.03,1.22,40.35,59.39,57.04,79.82,10.35,359688.74,Recycled Fiber Sheets,RenewLoop Manufacturing,2025-03-29
RW-10533,Washington and Sons,Tiruppur,Dye Residue,Mixed,2464.38,Low Contamination,8.15,640.25,343.89,3317.91,19.77,959.42,61.56,11.76,24.62,56.75,58.64,41.9,9.76,98502.3,Eco Packaging,EcoPack Solutions,2024-07-19
RW-10534,Harris-Holder,Ahmedabad,Cotton Wastewater,Mixed,4514.07,Organic Contaminants,5.23,686.35,159.05,2882.54,157.5,3922.82,70.59,56.34,46.5,91.17,66.57,89.71,45.96,215861.83,Eco Packaging,RenewLoop Manufacturing,2026-03-21
RW-10535,Anderson-Townsend,Ludhiana,Synthetic Fiber Residue,Organic,520.73,Oil Residue,5.14,662.59,391.86,3677.03,138.45,2932.28,189.2,53.4,33.29,21.04,22.02,39.3,30.14,227439.72,Eco Packaging,SustainFab Industries,2024-12-05
RW-10536,"Mendez, Garcia and Clark",Tiruppur,Sludge,Chemical,2058.84,Chromium,7.27,490.25,340.45,4452.78,145.73,1224.8,21.2,11.7,23.99,22.06,24.01,38.91,14.33,364535.41,Acoustic Panels,CircularTex Pvt Ltd,2026-04-05
RW-10537,"Miller, Jones and Fields",Jaipur,Fabric Scraps,Organic,521.02,Organic Contaminants,6.78,631.6,123.9,2023.03,172.54,2482.9,131.92,48.5,44.01,74.86,58.52,71.37,30.11,460076.01,Recycled Fiber Sheets,UrbanEco Materials,2025-08-19
RW-10538,"Harris, Carpenter and Kidd",Ludhiana,Synthetic Fiber Residue,Organic,3088.34,Lead,5.28,163.12,75.45,502.9,119.93,3603.61,108.64,38.98,41.32,53.05,52.56,70.95,13.0,153846.18,Insulation Boards,SustainFab Industries,2025-08-12
RW-10539,Sanchez-Peters,Mumbai,Dye Residue,Textile,2392.17,High TDS,6.69,235.97,352.71,1728.88,59.67,2361.08,20.16,5.52,26.81,38.54,35.08,79.91,57.11,38125.43,Acoustic Panels,RenewLoop Manufacturing,2025-07-16
RW-10540,Kelly-Hamilton,Ahmedabad,Industrial Wastewater,Textile,3996.79,High TDS,5.13,818.1,229.88,1377.96,257.91,2241.49,161.26,15.56,25.02,47.93,47.69,49.12,33.13,417866.97,Recycled Fiber Sheets,EcoPack Solutions,2025-11-07
RW-10541,Bradshaw-Martinez,Surat,Industrial Wastewater,Organic,770.21,Oil Residue,7.88,384.38,362.46,993.4,105.48,1974.0,197.26,59.04,51.17,85.27,62.28,89.91,31.43,221979.72,Eco Bricks,UrbanEco Materials,2026-04-26
RW-10542,"Lucero, White and Warren",Kanpur,Chemical Effluent,Polymer,1465.87,Oil Residue,4.71,555.05,363.88,4930.5,42.02,3727.71,80.24,12.05,26.0,82.05,84.57,21.37,29.16,269481.97,Industrial Pigments,RenewLoop Manufacturing,2026-03-16
RW-10543,"Peters, Horn and Rhodes",Surat,Textile Dye Waste,Textile,1655.34,Organic Contaminants,4.67,376.96,272.0,3369.11,268.18,3412.86,171.12,6.39,53.26,97.57,99.55,28.74,21.72,365710.07,Eco Bricks,EcoPack Solutions,2024-06-30
RW-10544,Pearson and Sons,Ludhiana,Synthetic Fiber Residue,Polymer,3794.17,High TDS,7.48,259.54,144.7,643.44,47.8,3088.82,81.09,29.01,40.07,97.72,76.15,31.67,54.53,180321.46,Acoustic Panels,RenewLoop Manufacturing,2025-07-06
RW-10545,"Davis, Wong and Abbott",Jaipur,Industrial Wastewater,Mixed,3021.21,Lead,4.66,152.26,58.78,3859.27,256.85,1850.81,69.05,17.5,24.04,63.59,54.7,83.43,23.78,103031.34,Eco Bricks,SustainFab Industries,2025-12-23
RW-10546,"Frost, Harris and Reese",Jaipur,Cotton Wastewater,Chemical,4756.9,Low Contamination,7.38,402.71,141.03,2494.6,114.75,2751.37,71.26,10.96,24.64,23.8,20.06,63.21,32.96,328302.38,Recycled Fiber Sheets,CircularTex Pvt Ltd,2025-12-12
RW-10547,Miller PLC,Jaipur,Cotton Wastewater,Polymer,3978.04,Low Contamination,4.73,689.27,352.1,4852.2,133.16,1053.74,161.69,46.73,28.11,30.17,29.57,77.31,32.52,221989.29,Acoustic Panels,CircularTex Pvt Ltd,2025-09-26
RW-10548,"Stevenson, Wiley and Johnson",Tiruppur,Synthetic Fiber Residue,Mixed,2717.71,Color Pigments,8.86,278.98,312.4,483.56,162.0,3544.67,135.83,22.45,45.86,85.0,83.08,66.86,32.63,464699.08,Eco Bricks,RenewLoop Manufacturing,2024-12-19
RW-10549,"Brown, Anderson and Mullins",Ludhiana,Chemical Effluent,Chemical,3793.98,Heavy Metals,8.26,668.17,275.24,2617.2,255.92,1441.12,65.78,43.85,43.18,62.85,51.87,24.23,48.82,298486.9,Insulation Boards,RenewLoop Manufacturing,2026-02-13
RW-10550,"Hall, Sullivan and Hill",Ludhiana,Textile Dye Waste,Textile,3698.61,Oil Residue,8.55,859.91,327.42,955.99,265.86,666.4,189.18,49.44,47.71,91.14,95.1,27.2,19.21,156488.4,Industrial Pigments,EcoPack Solutions,2024-09-23
RW-10551,Lewis-Miller,Kanpur,Synthetic Fiber Residue,Chemical,2974.1,Microplastics,8.26,534.22,24.96,3265.4,187.68,118.88,168.93,5.28,34.62,30.5,21.79,90.02,27.04,77229.44,Insulation Boards,GreenBuild Industries,2025-05-07
RW-10552,"Young, Torres and Hess",Surat,Fabric Scraps,Organic,1759.22,Organic Contaminants,5.57,572.22,240.25,3242.2,174.48,2799.95,158.57,42.79,24.15,47.75,41.18,54.55,18.09,230627.91,Eco Bricks,EcoPack Solutions,2025-07-22
RW-10553,Gill-Phillips,Kanpur,Sludge,Organic,2188.3,Organic Contaminants,6.32,143.43,28.67,1219.99,234.93,2539.55,67.63,43.64,34.7,30.16,24.81,24.38,30.92,88102.84,Eco Packaging,CircularTex Pvt Ltd,2024-09-05
RW-10554,Hunt Ltd,Kanpur,Industrial Wastewater,Mixed,2090.22,Low Contamination,6.04,297.17,82.06,4774.74,91.49,1477.67,54.33,26.94,23.3,92.68,84.88,86.0,24.03,301285.98,Eco Bricks,CircularTex Pvt Ltd,2026-01-12
RW-10555,Liu PLC,Jaipur,Mixed Textile Waste,Mixed,2099.93,Organic Contaminants,4.74,207.98,23.84,2145.0,248.38,1453.83,189.8,14.65,20.42,24.35,17.41,89.85,19.6,116376.22,Recycled Fiber Sheets,CircularTex Pvt Ltd,2026-01-08
RW-10556,Norman-Hogan,Ahmedabad,Textile Dye Waste,Organic,3953.19,Sulfide,7.07,613.43,371.39,349.02,284.61,3142.48,192.79,52.62,23.62,81.38,82.23,29.94,15.79,178186.05,Industrial Pigments,CircularTex Pvt Ltd,2025-08-24
RW-10557,"Bentley, Reed and Merritt",Ahmedabad,Chemical Effluent,Chemical,1588.84,Low Contamination,5.13,339.78,91.7,1413.95,64.25,2480.73,99.95,43.88,44.74,70.78,62.17,24.03,44.47,196089.34,Insulation Boards,GreenBuild Industries,2025-10-25
RW-10558,"Miller, Pruitt and Wiggins",Tiruppur,Dye Residue,Mixed,4101.1,High TDS,6.03,697.46,173.71,4189.65,234.17,2704.34,187.59,32.21,31.16,39.41,32.49,72.09,38.02,333837.43,Eco Packaging,CircularTex Pvt Ltd,2025-11-17
RW-10559,Ross PLC,Ludhiana,Industrial Wastewater,Mixed,3222.21,Chromium,8.04,868.5,183.19,900.66,235.45,2388.96,139.93,31.58,43.72,36.68,33.46,36.97,21.83,469435.4,Insulation Boards,GreenBuild Industries,2025-12-13
RW-10560,Camacho LLC,Mumbai,Polyester Fiber Scrap,Mixed,3911.53,Low Contamination,7.38,280.58,106.19,3856.97,279.54,2814.65,65.84,24.28,27.19,60.57,64.25,23.71,34.27,179849.48,Insulation Boards,GreenBuild Industries,2025-08-03
RW-10561,"Duffy, Olsen and Franklin",Kanpur,Mixed Textile Waste,Mixed,1042.77,Sulfide,4.52,752.46,51.11,2642.46,136.73,199.89,48.15,14.35,48.17,71.58,52.1,28.91,45.7,146812.79,Insulation Boards,GreenBuild Industries,2025-04-18
RW-10562,Long LLC,Coimbatore,Sludge,Organic,1215.42,Organic Contaminants,6.0,323.09,191.26,3993.09,196.08,3457.6,22.21,33.97,44.54,52.33,55.08,59.63,11.86,28385.19,Eco Bricks,EcoPack Solutions,2025-08-10
RW-10563,"Rogers, Rojas and Christensen",Tiruppur,Sludge,Textile,3465.15,Oil Residue,8.77,150.01,345.28,4258.01,51.31,3516.79,199.42,52.24,42.6,70.27,75.18,25.4,41.27,447098.15,Acoustic Panels,UrbanEco Materials,2025-12-09
RW-10564,Morales Ltd,Jaipur,Textile Dye Waste,Textile,2923.32,Lead,7.11,72.37,331.32,2431.77,70.35,1341.77,107.22,15.64,27.84,57.36,48.12,35.78,31.43,224714.76,Recycled Fiber Sheets,RenewLoop Manufacturing,2024-08-12
RW-10565,"Gilbert, Hart and Sutton",Ludhiana,Industrial Wastewater,Organic,467.19,Heavy Metals,7.66,477.19,102.04,4578.0,16.03,1958.68,180.31,50.79,50.64,89.05,77.84,82.94,50.86,56997.34,Eco Packaging,EcoPack Solutions,2024-07-10
RW-10566,Ball-Wood,Coimbatore,Polyester Fiber Scrap,Mixed,886.02,Chromium,6.4,719.44,118.86,4169.98,168.09,1876.11,97.32,44.44,38.25,29.0,26.02,86.26,31.62,358915.99,Recycled Fiber Sheets,CircularTex Pvt Ltd,2026-04-07
RW-10567,Haynes-Anderson,Mumbai,Sludge,Mixed,1955.21,Sulfide,5.84,182.04,199.29,1775.06,22.44,1763.79,140.31,27.92,35.34,52.48,39.59,58.66,19.3,73617.68,Industrial Pigments,SustainFab Industries,2024-07-14
RW-10568,"Haley, Wilkins and Phillips",Ludhiana,Dye Residue,Polymer,3724.82,Lead,6.87,894.76,127.05,383.26,120.54,145.81,166.11,43.85,22.32,83.66,84.43,90.7,13.31,227114.48,Industrial Pigments,RenewLoop Manufacturing,2025-04-26
RW-10569,Jenkins-Fisher,Ahmedabad,Synthetic Fiber Residue,Mixed,1108.59,Low Contamination,5.7,604.36,186.69,4066.26,37.17,3913.09,103.64,11.29,32.86,97.12,84.9,58.34,28.3,481264.65,Recycled Fiber Sheets,EcoPack Solutions,2025-02-22
RW-10570,Powell LLC,Jaipur,Industrial Wastewater,Mixed,2219.24,Low Contamination,5.91,476.76,45.92,4865.67,248.6,1511.97,113.65,39.92,47.05,61.96,58.01,46.04,49.95,61450.07,Insulation Boards,EcoPack Solutions,2024-11-21
RW-10571,Miller-Hansen,Mumbai,Dye Residue,Chemical,1522.38,Sulfide,4.85,548.93,73.26,413.81,156.82,2845.83,54.97,41.22,40.02,24.38,25.69,28.1,7.02,106615.3,Eco Bricks,CircularTex Pvt Ltd,2024-07-25
RW-10572,"Stephens, Young and Greene",Jaipur,Chemical Effluent,Organic,3478.38,Microplastics,4.83,722.82,193.55,1268.96,274.66,709.47,159.07,6.09,54.87,62.3,66.31,44.94,9.31,495138.93,Insulation Boards,UrbanEco Materials,2025-12-15
RW-10573,Bowman-Good,Ludhiana,Synthetic Fiber Residue,Polymer,3865.19,Color Pigments,7.58,667.26,306.61,3183.82,190.11,1707.23,111.54,51.31,44.05,72.14,65.04,53.37,30.42,169559.48,Industrial Pigments,UrbanEco Materials,2026-01-30
RW-10574,"White, Crosby and Rivera",Tiruppur,Mixed Textile Waste,Organic,621.09,Heavy Metals,6.45,285.09,241.7,3365.14,37.49,148.74,83.35,11.69,32.24,22.89,21.95,87.8,35.84,480099.27,Insulation Boards,RenewLoop Manufacturing,2025-02-17
RW-10575,Davis-Miller,Tiruppur,Mixed Textile Waste,Mixed,4162.66,Microplastics,8.57,616.64,117.62,3997.83,170.31,998.48,74.14,37.5,39.15,65.03,53.7,33.26,39.88,18984.21,Eco Bricks,SustainFab Industries,2024-08-03
RW-10576,Rowland Group,Mumbai,Industrial Wastewater,Chemical,377.82,Chromium,6.52,765.55,195.44,1291.03,18.51,2317.06,41.47,47.24,42.55,35.34,37.04,24.99,25.34,228606.51,Recycled Fiber Sheets,SustainFab Industries,2024-07-01
RW-10577,"Watson, Tucker and Price",Tiruppur,Sludge,Mixed,4659.71,Organic Contaminants,6.45,831.45,107.78,2164.03,204.87,1999.95,142.98,29.22,36.7,85.38,89.26,60.73,22.03,330623.97,Eco Packaging,CircularTex Pvt Ltd,2025-12-17
RW-10578,Woods-Benson,Jaipur,Chemical Effluent,Mixed,2869.16,Heavy Metals,8.38,757.41,346.34,2618.6,48.53,2042.18,159.32,29.95,52.03,77.52,79.57,32.09,22.78,28360.97,Eco Bricks,SustainFab Industries,2026-03-09
RW-10579,"Rogers, Hernandez and Merritt",Kanpur,Dye Residue,Chemical,3136.12,Sulfide,7.37,180.84,170.34,1021.88,7.74,940.98,153.34,11.99,27.49,42.67,42.97,68.15,21.47,191236.65,Acoustic Panels,RenewLoop Manufacturing,2024-11-11
RW-10580,Alvarez LLC,Ludhiana,Chemical Effluent,Mixed,379.08,Microplastics,6.4,289.65,89.69,3572.92,10.32,2237.75,171.66,52.05,28.35,25.24,25.86,56.13,18.72,426643.8,Recycled Fiber Sheets,GreenBuild Industries,2024-08-28
RW-10581,Jimenez Ltd,Mumbai,Synthetic Fiber Residue,Mixed,620.55,Microplastics,5.11,159.36,131.03,3720.44,232.19,393.41,34.26,33.57,46.72,56.84,62.26,40.56,41.93,324095.74,Recycled Fiber Sheets,SustainFab Industries,2025-04-05
RW-10582,Fields-Preston,Mumbai,Textile Dye Waste,Organic,602.62,Organic Contaminants,8.48,376.61,144.29,1596.24,129.1,3036.32,115.2,13.58,52.11,52.52,54.55,21.55,11.24,213009.91,Eco Packaging,GreenBuild Industries,2025-08-03
RW-10583,Wang PLC,Jaipur,Dye Residue,Textile,1962.59,Heavy Metals,4.89,535.03,155.89,1421.36,15.06,1628.54,189.19,39.99,27.82,28.39,24.54,55.43,19.33,271811.75,Insulation Boards,CircularTex Pvt Ltd,2025-06-28
RW-10584,"Garcia, Lopez and Davidson",Kanpur,Cotton Wastewater,Organic,278.89,Sulfide,5.29,616.46,226.43,1658.53,30.34,3420.14,83.41,12.83,54.01,43.59,31.02,52.31,38.48,139629.7,Eco Bricks,UrbanEco Materials,2025-04-28
RW-10585,Williamson-Cunningham,Surat,Polyester Fiber Scrap,Organic,3154.31,High TDS,8.09,413.69,128.01,2680.23,125.52,2667.64,151.97,37.36,27.24,92.34,75.4,20.77,30.7,258067.19,Eco Packaging,GreenBuild Industries,2025-02-11
RW-10586,Peterson-Tapia,Jaipur,Textile Dye Waste,Organic,4502.88,Sulfide,5.29,57.39,148.45,805.98,239.77,3221.17,145.19,36.81,27.47,95.91,75.22,27.74,36.33,308893.97,Industrial Pigments,UrbanEco Materials,2024-05-11
RW-10587,Daniels Ltd,Kanpur,Polyester Fiber Scrap,Textile,480.09,Microplastics,8.52,467.14,319.64,2252.4,213.34,3928.56,197.21,28.84,37.01,49.63,37.48,42.65,13.87,327643.75,Insulation Boards,GreenBuild Industries,2025-12-05
RW-10588,"Coleman, Dennis and Murphy",Kanpur,Chemical Effluent,Polymer,850.75,Lead,4.8,523.02,247.22,3910.68,73.64,1596.6,38.76,29.16,49.52,59.86,43.66,72.23,33.18,262236.77,Eco Packaging,SustainFab Industries,2024-08-09
RW-10589,"Duarte, Garcia and Cook",Surat,Mixed Textile Waste,Organic,3432.37,Oil Residue,6.98,414.29,241.69,3989.0,83.69,3594.26,49.87,5.58,30.45,53.81,48.14,66.04,6.95,480463.32,Industrial Pigments,EcoPack Solutions,2025-10-20
RW-10590,"Baker, Johnson and Casey",Ludhiana,Mixed Textile Waste,Polymer,441.93,Color Pigments,6.91,898.27,368.95,1100.89,195.84,507.62,143.7,2.54,48.23,92.56,70.99,22.14,28.08,326087.4,Industrial Pigments,EcoPack Solutions,2024-07-28
RW-10591,"Morgan, Leach and Brown",Surat,Polyester Fiber Scrap,Polymer,3486.09,Low Contamination,6.14,491.52,316.0,407.99,88.4,3165.22,18.8,32.91,29.21,58.68,42.61,59.54,15.8,453684.66,Recycled Fiber Sheets,RenewLoop Manufacturing,2025-07-23
RW-10592,Dominguez PLC,Surat,Mixed Textile Waste,Organic,4393.92,High TDS,8.93,526.18,94.67,4933.34,41.14,2933.18,9.11,44.82,42.54,84.93,89.66,80.69,55.46,238274.04,Insulation Boards,UrbanEco Materials,2026-04-24
RW-10593,Alvarez-Bender,Ahmedabad,Cotton Wastewater,Polymer,1880.23,Oil Residue,7.83,765.12,261.82,4222.32,221.04,1668.18,8.27,22.64,23.62,55.59,52.62,40.89,37.98,368572.18,Insulation Boards,GreenBuild Industries,2026-04-28
RW-10594,Green and Sons,Coimbatore,Sludge,Textile,3386.55,Lead,5.57,573.54,20.3,459.31,77.74,2423.05,80.1,38.03,46.58,70.41,71.8,72.98,23.39,378447.12,Eco Packaging,GreenBuild Industries,2024-07-07
RW-10595,Hill and Sons,Tiruppur,Synthetic Fiber Residue,Mixed,2353.25,Chromium,7.98,364.34,276.03,454.57,227.67,1010.46,24.45,57.89,23.67,51.35,50.09,94.33,9.82,328585.43,Eco Packaging,UrbanEco Materials,2025-11-18
RW-10596,Perez-Holt,Jaipur,Cotton Wastewater,Mixed,1071.79,Sulfide,7.67,264.23,360.28,1936.32,234.09,3015.84,111.52,24.6,53.11,90.12,70.8,59.27,21.47,89080.44,Industrial Pigments,RenewLoop Manufacturing,2024-05-19
RW-10597,Chaney and Sons,Ludhiana,Dye Residue,Organic,1914.59,Oil Residue,5.34,661.31,325.43,4469.5,129.84,3306.22,199.54,2.24,27.02,24.53,25.96,87.36,47.71,148154.35,Eco Packaging,RenewLoop Manufacturing,2024-08-01
RW-10598,"Greene, Hamilton and Simmons",Tiruppur,Cotton Wastewater,Mixed,626.38,Low Contamination,8.89,830.42,390.74,4000.98,44.05,2928.92,59.58,7.12,42.1,30.41,23.31,55.92,42.83,95930.3,Insulation Boards,SustainFab Industries,2026-01-10
RW-10599,"Hernandez, Wood and Smith",Ahmedabad,Synthetic Fiber Residue,Chemical,4238.56,Chromium,5.54,446.54,128.36,3330.6,84.19,1926.81,15.64,7.7,28.48,60.88,48.65,50.79,22.82,19577.43,Insulation Boards,CircularTex Pvt Ltd,2024-06-30
RW-10600,Wells Inc,Surat,Polyester Fiber Scrap,Mixed,4122.1,Chromium,6.31,787.37,296.76,3606.26,284.01,115.69,36.39,5.59,30.7,48.09,39.57,51.1,50.45,52809.16,Eco Packaging,RenewLoop Manufacturing,2025-07-29
RW-10601,Watson Group,Kanpur,Mixed Textile Waste,Mixed,1822.04,Sulfide,8.71,698.93,19.14,379.25,156.94,1037.14,68.43,42.27,49.52,42.28,36.41,51.41,43.08,481323.28,Industrial Pigments,UrbanEco Materials,2025-08-15
RW-10602,Washington Ltd,Jaipur,Synthetic Fiber Residue,Organic,2548.32,Low Contamination,8.51,280.49,193.65,1931.68,85.34,981.39,48.25,58.12,27.11,57.38,43.45,25.6,39.07,86926.49,Eco Packaging,RenewLoop Manufacturing,2026-04-11
RW-10603,Hernandez LLC,Coimbatore,Sludge,Polymer,3120.82,Heavy Metals,8.75,549.51,166.51,4082.49,242.95,1565.96,90.31,5.65,38.69,33.18,34.22,41.59,10.51,265032.34,Industrial Pigments,UrbanEco Materials,2026-03-01
RW-10604,"Bradford, Carroll and Erickson",Tiruppur,Textile Dye Waste,Chemical,4995.61,Heavy Metals,8.64,479.27,23.64,4939.92,123.38,1064.43,182.43,30.47,23.91,96.93,101.59,78.82,26.28,138481.99,Eco Bricks,GreenBuild Industries,2026-01-01
RW-10605,Baker-Davis,Ludhiana,Industrial Wastewater,Mixed,528.92,Low Contamination,6.82,233.84,106.18,4101.41,239.01,867.08,34.0,24.45,36.68,58.1,41.53,62.1,24.38,50709.59,Acoustic Panels,GreenBuild Industries,2026-03-05
RW-10606,Wilson LLC,Mumbai,Polyester Fiber Scrap,Polymer,730.95,Oil Residue,6.61,529.2,224.88,1668.55,246.67,880.96,86.97,49.84,31.26,43.31,45.19,80.17,26.7,147047.79,Acoustic Panels,EcoPack Solutions,2026-02-28
RW-10607,Patterson-Campbell,Surat,Industrial Wastewater,Organic,2282.63,Sulfide,5.52,206.76,384.71,3673.19,131.91,1508.08,140.08,55.83,38.95,41.2,43.79,25.91,22.99,76164.99,Eco Bricks,CircularTex Pvt Ltd,2025-04-21
RW-10608,Morris-Medina,Ludhiana,Textile Dye Waste,Mixed,1127.66,Low Contamination,7.6,878.71,112.86,2404.42,72.12,3037.74,33.66,5.75,32.03,24.1,21.2,64.44,17.25,39999.48,Eco Packaging,EcoPack Solutions,2025-07-28
RW-10609,"Turner, Smith and Young",Ahmedabad,Mixed Textile Waste,Polymer,4679.07,Organic Contaminants,8.25,333.46,392.68,916.29,202.05,921.47,125.61,18.81,46.44,20.59,16.19,78.05,32.71,156186.82,Industrial Pigments,GreenBuild Industries,2025-02-07
RW-10610,Reynolds and Sons,Mumbai,Polyester Fiber Scrap,Organic,916.53,Chromium,4.64,534.83,22.39,1018.88,297.6,2357.24,96.51,46.98,24.01,48.43,35.68,33.31,7.24,456543.43,Eco Bricks,EcoPack Solutions,2024-11-22
RW-10611,King-Cameron,Ludhiana,Chemical Effluent,Mixed,1744.43,High TDS,4.83,870.05,163.48,2382.09,11.89,1396.69,15.5,49.26,36.8,59.9,47.91,88.01,5.51,350261.42,Eco Bricks,SustainFab Industries,2024-11-01
RW-10612,Campbell-Watts,Mumbai,Chemical Effluent,Organic,4674.11,Chromium,5.52,180.36,70.41,1865.87,44.04,2747.43,123.38,17.71,42.38,52.55,44.28,29.16,44.88,322740.43,Acoustic Panels,CircularTex Pvt Ltd,2025-06-05
RW-10613,"Hall, Chavez and King",Ahmedabad,Sludge,Polymer,3774.54,Low Contamination,6.68,745.54,304.52,4474.45,138.77,789.12,146.69,4.63,38.71,45.0,48.41,32.02,42.92,18887.29,Industrial Pigments,RenewLoop Manufacturing,2026-04-28
RW-10614,"Smith, Johnson and Gilbert",Kanpur,Cotton Wastewater,Chemical,1991.11,Color Pigments,7.7,794.39,131.0,1002.74,221.8,695.74,65.03,3.08,33.73,96.27,94.76,27.36,48.33,176629.66,Recycled Fiber Sheets,UrbanEco Materials,2025-12-06
RW-10615,Vargas-Sullivan,Ludhiana,Industrial Wastewater,Mixed,2116.21,Color Pigments,5.71,806.39,196.4,873.27,122.3,3158.73,114.68,17.71,45.19,62.59,67.46,74.34,22.66,33278.53,Insulation Boards,RenewLoop Manufacturing,2025-04-11
RW-10616,Fernandez PLC,Ludhiana,Sludge,Textile,3999.66,Chromium,7.94,275.38,160.43,1278.74,201.18,3130.41,12.07,14.55,54.22,57.44,52.77,65.9,19.27,116244.68,Industrial Pigments,EcoPack Solutions,2025-03-29
RW-10617,"Butler, Hernandez and Ramos",Ahmedabad,Synthetic Fiber Residue,Chemical,4260.58,Heavy Metals,5.68,281.88,381.44,4477.52,178.25,2395.37,111.15,16.0,45.93,36.71,32.35,24.36,47.86,365482.94,Insulation Boards,RenewLoop Manufacturing,2024-11-18
RW-10618,"King, Tran and Garcia",Jaipur,Industrial Wastewater,Mixed,4335.32,Lead,6.56,81.69,47.28,1897.51,168.56,838.18,81.04,10.61,49.01,21.78,22.54,90.94,27.63,207982.66,Acoustic Panels,CircularTex Pvt Ltd,2026-01-12
RW-10619,Munoz-Stevens,Tiruppur,Mixed Textile Waste,Organic,3363.68,Low Contamination,7.39,356.76,99.66,1740.28,95.91,1923.09,68.13,8.48,32.62,32.21,35.11,84.74,13.18,389484.07,Acoustic Panels,RenewLoop Manufacturing,2026-03-19
RW-10620,Bradford-Hess,Mumbai,Fabric Scraps,Organic,3176.1,Microplastics,7.63,419.88,265.27,1654.76,72.55,1651.17,43.75,54.82,33.73,37.53,26.49,46.47,50.68,250937.32,Acoustic Panels,GreenBuild Industries,2025-12-15
RW-10621,Anderson Inc,Surat,Chemical Effluent,Textile,2532.43,Color Pigments,5.31,331.58,145.01,3460.03,14.71,2500.84,113.28,30.17,29.21,39.5,28.52,38.68,57.13,56034.06,Insulation Boards,SustainFab Industries,2024-11-27
RW-10622,Phillips and Sons,Tiruppur,Sludge,Chemical,1742.5,Oil Residue,4.62,497.83,190.53,4715.66,23.41,184.03,6.46,31.42,36.8,48.61,52.98,55.76,13.86,354030.86,Industrial Pigments,UrbanEco Materials,2025-02-27
RW-10623,"Scott, Rodriguez and Davis",Kanpur,Mixed Textile Waste,Textile,4460.83,Sulfide,5.95,688.33,181.78,4017.12,149.25,153.98,28.82,14.72,50.16,47.1,39.53,24.66,55.24,499747.58,Eco Packaging,UrbanEco Materials,2024-09-08
RW-10624,"Duran, Smith and Fuentes",Tiruppur,Dye Residue,Polymer,1967.88,Color Pigments,8.65,450.36,130.17,4836.69,246.38,730.49,8.52,56.03,31.67,50.73,46.33,78.99,9.42,258250.02,Industrial Pigments,RenewLoop Manufacturing,2024-07-06
RW-10625,Wilson Ltd,Ludhiana,Fabric Scraps,Chemical,1260.04,Lead,6.64,853.96,238.43,976.55,213.7,3676.97,139.96,42.35,25.94,62.47,62.72,25.29,10.07,241690.19,Recycled Fiber Sheets,SustainFab Industries,2024-12-29
RW-10626,"Morales, Ross and Thomas",Mumbai,Textile Dye Waste,Chemical,3865.81,Chromium,5.14,143.36,135.13,3204.0,162.47,411.82,196.95,42.3,30.07,48.2,53.0,87.13,55.49,149232.73,Eco Bricks,GreenBuild Industries,2025-06-29
RW-10627,"Hunt, Rodriguez and Perkins",Tiruppur,Textile Dye Waste,Organic,4331.05,Oil Residue,7.11,786.17,333.1,2582.61,296.52,2394.51,82.85,31.95,32.68,90.15,88.94,40.08,28.24,325461.4,Industrial Pigments,CircularTex Pvt Ltd,2024-05-16
RW-10628,"Harding, Vargas and Mann",Kanpur,Cotton Wastewater,Textile,324.31,Lead,8.99,212.21,214.81,2273.71,155.91,1862.91,37.38,57.71,33.41,23.13,17.23,57.79,38.42,452155.02,Eco Bricks,UrbanEco Materials,2024-10-05
RW-10629,"Robles, Hudson and Mcdonald",Tiruppur,Industrial Wastewater,Chemical,2536.88,Sulfide,7.85,511.28,377.18,291.54,104.03,540.4,168.36,37.97,30.85,90.08,74.57,59.99,57.99,487567.18,Acoustic Panels,RenewLoop Manufacturing,2025-08-10
RW-10630,"Waller, Bowers and Mckee",Ahmedabad,Sludge,Polymer,1548.32,Low Contamination,7.68,658.56,362.75,4976.19,214.83,3116.15,55.54,49.57,44.6,51.47,42.8,27.44,28.75,36038.96,Industrial Pigments,EcoPack Solutions,2024-07-16
RW-10631,Ortega and Sons,Ludhiana,Sludge,Mixed,2220.16,High TDS,5.44,565.57,17.87,1031.62,232.58,2839.95,108.5,53.27,35.78,52.52,47.18,42.0,27.68,322805.95,Eco Bricks,GreenBuild Industries,2025-03-24
RW-10632,Alexander-Norris,Ahmedabad,Synthetic Fiber Residue,Mixed,922.92,Low Contamination,8.02,340.11,353.5,2929.18,165.77,494.82,146.1,56.62,37.35,75.95,57.08,58.58,30.72,454238.67,Recycled Fiber Sheets,CircularTex Pvt Ltd,2026-02-28
RW-10633,Smith and Sons,Surat,Dye Residue,Organic,190.4,Color Pigments,7.03,109.14,73.58,4233.28,8.29,419.9,167.45,2.6,37.97,32.59,25.55,49.23,9.09,452910.76,Acoustic Panels,SustainFab Industries,2025-06-17
RW-10634,Jones-Guzman,Kanpur,Sludge,Textile,2481.34,Lead,8.96,421.84,207.49,4840.22,185.53,549.38,195.95,37.12,33.38,93.23,81.68,80.7,21.95,126865.07,Industrial Pigments,GreenBuild Industries,2025-06-21
RW-10635,"Davenport, Williams and Norris",Mumbai,Cotton Wastewater,Mixed,4312.79,Lead,6.97,602.55,133.27,1677.52,189.57,3585.17,89.74,2.36,52.62,23.32,19.08,91.32,36.14,353153.44,Eco Packaging,SustainFab Industries,2025-07-09
RW-10636,Gardner and Sons,Ludhiana,Sludge,Mixed,3552.94,Microplastics,6.69,732.93,151.37,4358.21,223.38,1085.23,86.38,6.04,31.0,95.3,90.55,55.55,9.78,266058.03,Eco Bricks,EcoPack Solutions,2024-10-16
RW-10637,Jones-Acevedo,Jaipur,Chemical Effluent,Organic,815.66,Microplastics,8.83,180.04,372.13,4011.15,214.36,3102.45,91.83,32.49,50.0,39.26,36.02,41.32,14.77,272352.45,Eco Bricks,EcoPack Solutions,2025-07-29
RW-10638,"Leon, Turner and Sanchez",Ludhiana,Fabric Scraps,Mixed,1643.45,High TDS,5.54,741.93,299.84,3775.73,252.3,1286.67,46.19,49.77,37.53,39.12,27.62,63.51,21.82,480908.58,Industrial Pigments,CircularTex Pvt Ltd,2025-07-26
RW-10639,Johnston-Lutz,Tiruppur,Industrial Wastewater,Mixed,3146.22,Sulfide,5.18,138.29,97.14,1665.21,245.57,2094.07,105.77,22.45,48.5,44.54,39.46,81.37,57.64,351861.16,Acoustic Panels,SustainFab Industries,2024-09-09
RW-10640,"Kerr, Willis and Nelson",Jaipur,Fabric Scraps,Organic,3914.24,High TDS,5.67,364.15,34.24,4538.52,200.5,977.9,105.46,58.59,46.93,22.71,22.3,72.13,54.81,416859.64,Insulation Boards,EcoPack Solutions,2025-03-02
RW-10641,"Hahn, Jordan and Mcmahon",Ahmedabad,Textile Dye Waste,Polymer,2801.71,Chromium,7.11,891.27,99.78,2618.06,102.04,3016.41,127.09,15.85,26.39,75.26,60.01,68.78,16.79,79809.55,Eco Packaging,EcoPack Solutions,2024-06-03
RW-10642,Burch Inc,Kanpur,Mixed Textile Waste,Organic,1665.89,Microplastics,6.79,855.82,36.25,3229.56,249.64,2706.24,19.6,42.35,31.67,92.06,84.98,37.95,28.04,194339.63,Acoustic Panels,RenewLoop Manufacturing,2025-11-23
RW-10643,Kelley LLC,Mumbai,Dye Residue,Mixed,762.99,Lead,8.78,572.91,263.0,1406.71,260.35,1375.81,174.51,5.45,46.82,51.17,39.54,55.46,23.86,191840.06,Eco Bricks,RenewLoop Manufacturing,2026-02-18
RW-10644,Scott Group,Ahmedabad,Sludge,Chemical,223.06,Lead,7.39,105.8,353.76,3102.76,268.8,2121.56,170.94,51.14,31.14,55.15,42.1,33.38,35.35,349013.01,Insulation Boards,GreenBuild Industries,2025-02-20
RW-10645,Gamble LLC,Surat,Textile Dye Waste,Organic,4979.22,Organic Contaminants,7.12,858.46,391.44,3987.97,162.14,2979.93,146.5,42.17,36.72,20.29,18.1,92.38,38.36,224178.13,Recycled Fiber Sheets,SustainFab Industries,2025-05-14
RW-10646,Aguirre-Salas,Tiruppur,Synthetic Fiber Residue,Organic,4912.81,Chromium,6.72,303.1,97.94,3372.81,176.49,2675.3,94.12,33.96,30.76,24.7,18.46,70.54,22.13,261328.45,Acoustic Panels,CircularTex Pvt Ltd,2024-12-12
RW-10647,Hicks Group,Mumbai,Industrial Wastewater,Polymer,4609.09,Oil Residue,6.18,274.94,257.95,1295.95,28.83,639.65,89.45,26.58,46.16,55.56,60.41,89.91,20.76,142511.28,Acoustic Panels,UrbanEco Materials,2026-01-21
RW-10648,Green-Barry,Kanpur,Cotton Wastewater,Mixed,2231.46,Sulfide,7.69,182.9,178.23,940.91,155.14,291.76,182.62,27.06,27.88,33.04,26.84,86.45,6.2,322765.99,Eco Bricks,SustainFab Industries,2024-05-19
RW-10649,Hoover-Harper,Jaipur,Dye Residue,Chemical,503.32,Organic Contaminants,5.93,344.43,281.65,2444.32,120.09,502.6,122.48,31.36,36.93,23.83,22.14,84.4,9.6,401201.76,Industrial Pigments,GreenBuild Industries,2025-04-26
RW-10650,Garrett and Sons,Jaipur,Polyester Fiber Scrap,Polymer,1449.04,High TDS,5.12,293.55,347.66,2152.89,230.28,1102.19,71.18,23.11,31.3,26.55,19.65,90.85,48.19,243101.91,Insulation Boards,RenewLoop Manufacturing,2026-04-14
RW-10651,"Martin, May and Phillips",Mumbai,Sludge,Chemical,371.51,Lead,7.62,179.13,324.96,3408.92,160.9,1769.03,57.49,30.41,48.98,52.03,47.11,91.04,56.4,156173.17,Industrial Pigments,GreenBuild Industries,2025-10-01
RW-10652,Howell and Sons,Mumbai,Polyester Fiber Scrap,Textile,426.13,Low Contamination,5.11,722.89,41.84,3174.25,103.74,3583.21,139.5,28.4,37.17,21.07,15.79,93.46,37.7,142604.29,Recycled Fiber Sheets,EcoPack Solutions,2025-03-08
RW-10653,Hall Inc,Surat,Polyester Fiber Scrap,Chemical,2214.34,High TDS,5.45,65.31,102.64,742.07,141.03,767.61,129.29,36.97,25.01,67.22,68.21,22.69,40.16,361097.12,Recycled Fiber Sheets,GreenBuild Industries,2025-09-29
RW-10654,"Donovan, Schmitt and Vang",Ahmedabad,Cotton Wastewater,Polymer,3670.62,Lead,4.65,522.03,296.32,4240.65,235.57,2173.26,160.42,11.69,48.84,92.71,73.33,30.04,10.8,377989.84,Eco Bricks,CircularTex Pvt Ltd,2025-11-23
RW-10655,"Bradley, Peters and Ellis",Ahmedabad,Polyester Fiber Scrap,Textile,4173.28,Chromium,8.77,493.54,87.7,592.61,261.86,3889.84,29.8,57.75,50.84,97.88,83.68,33.64,53.25,26743.2,Insulation Boards,UrbanEco Materials,2024-09-23
RW-10656,White-Mann,Ludhiana,Polyester Fiber Scrap,Organic,4756.21,Heavy Metals,4.55,452.58,359.43,2424.58,289.56,1455.64,48.62,51.26,51.46,53.63,53.79,25.09,15.83,344527.4,Acoustic Panels,SustainFab Industries,2025-07-14
RW-10657,"Stanton, Miranda and Morales",Ludhiana,Cotton Wastewater,Organic,1244.98,Organic Contaminants,4.8,674.77,84.94,4174.4,269.41,1551.81,118.32,49.68,31.63,46.59,42.03,60.24,25.62,93308.35,Eco Bricks,RenewLoop Manufacturing,2025-04-12
RW-10658,"Reed, Stewart and Smith",Ludhiana,Dye Residue,Mixed,3392.77,Microplastics,8.47,888.81,203.36,895.23,253.65,2168.79,159.37,13.24,42.96,58.82,45.49,26.28,57.79,196910.08,Insulation Boards,CircularTex Pvt Ltd,2024-07-03
RW-10659,Parker PLC,Kanpur,Cotton Wastewater,Chemical,4889.5,Lead,6.11,274.37,67.59,609.31,130.42,1759.76,50.49,56.66,48.38,51.9,42.88,37.1,59.07,284689.37,Insulation Boards,GreenBuild Industries,2025-01-28
RW-10660,Hutchinson-Adams,Kanpur,Mixed Textile Waste,Textile,439.2,Low Contamination,6.71,365.61,132.66,3535.35,228.28,251.47,14.07,44.14,26.8,24.97,22.65,24.74,53.88,383445.7,Insulation Boards,UrbanEco Materials,2024-11-05
RW-10661,Schmidt Inc,Ahmedabad,Synthetic Fiber Residue,Polymer,1732.71,Sulfide,8.75,395.2,369.05,2042.41,232.97,2339.82,25.38,46.98,20.25,85.69,66.46,23.42,29.38,81182.36,Insulation Boards,UrbanEco Materials,2025-06-18
RW-10662,Gardner LLC,Ahmedabad,Synthetic Fiber Residue,Chemical,4741.28,Oil Residue,6.7,754.61,10.2,4295.3,230.98,706.24,11.23,17.36,29.79,94.23,81.21,38.22,7.43,442879.96,Industrial Pigments,RenewLoop Manufacturing,2026-05-01
RW-10663,Kim Inc,Kanpur,Synthetic Fiber Residue,Organic,1389.9,Oil Residue,4.89,586.7,233.41,4694.22,213.44,1519.1,97.24,33.09,34.44,92.18,69.27,83.77,33.13,103101.76,Acoustic Panels,RenewLoop Manufacturing,2024-11-16
RW-10664,"Smith, Newton and Pena",Ludhiana,Textile Dye Waste,Polymer,2210.13,Lead,6.03,563.09,271.0,2966.69,208.53,3992.89,198.99,22.03,42.19,43.37,37.73,79.62,49.85,272763.95,Acoustic Panels,RenewLoop Manufacturing,2025-02-08
RW-10665,Greer-Hart,Tiruppur,Sludge,Chemical,222.31,Microplastics,8.67,597.41,350.79,3928.88,112.66,820.65,95.08,58.77,33.64,41.8,36.9,21.74,50.9,485419.55,Eco Bricks,EcoPack Solutions,2025-06-06
RW-10666,"Alvarez, Carter and Chang",Mumbai,Cotton Wastewater,Mixed,1258.94,Color Pigments,8.57,372.81,177.66,2282.32,44.98,982.89,185.88,55.66,41.95,25.55,23.34,25.47,42.56,403519.55,Acoustic Panels,UrbanEco Materials,2025-12-12
RW-10667,Chapman Group,Surat,Fabric Scraps,Mixed,2161.55,Low Contamination,5.67,567.56,187.19,1188.63,221.2,864.17,86.29,53.66,50.29,64.18,60.73,39.94,41.08,107106.9,Insulation Boards,UrbanEco Materials,2024-07-19
RW-10668,"Swanson, Walker and Morgan",Tiruppur,Polyester Fiber Scrap,Mixed,1787.74,Organic Contaminants,5.55,485.5,288.71,2735.96,198.98,336.49,35.96,28.53,29.4,76.33,53.55,28.62,36.35,472367.25,Insulation Boards,UrbanEco Materials,2025-07-08
RW-10669,Harris and Sons,Surat,Sludge,Polymer,1419.52,Chromium,7.76,448.12,63.08,2554.28,101.98,1480.57,139.06,18.41,48.15,87.68,70.99,84.6,27.23,493483.33,Industrial Pigments,CircularTex Pvt Ltd,2025-05-28
RW-10670,Mullins PLC,Surat,Synthetic Fiber Residue,Textile,2364.45,Chromium,7.89,166.99,63.72,2437.22,249.78,2394.69,16.1,39.31,49.09,84.64,60.69,37.86,18.05,165712.51,Acoustic Panels,UrbanEco Materials,2026-04-05
RW-10671,Hall and Sons,Coimbatore,Cotton Wastewater,Textile,1500.12,Microplastics,6.12,193.82,241.09,640.11,245.67,3976.84,48.98,53.26,30.83,36.07,25.45,37.27,5.71,242297.62,Eco Bricks,RenewLoop Manufacturing,2025-11-04
RW-10672,"Gregory, Hamilton and Murray",Coimbatore,Textile Dye Waste,Textile,3251.32,Oil Residue,7.9,803.35,288.93,1303.05,203.37,3886.71,143.86,5.92,52.03,26.64,20.2,35.06,51.38,183801.67,Insulation Boards,CircularTex Pvt Ltd,2024-08-19
RW-10673,"Taylor, Glenn and Hawkins",Surat,Textile Dye Waste,Chemical,2994.92,Low Contamination,4.91,490.34,45.33,3115.4,85.14,2394.86,90.42,38.32,33.83,96.26,76.35,51.1,28.03,446620.17,Acoustic Panels,CircularTex Pvt Ltd,2025-10-05
RW-10674,Jacobs and Sons,Jaipur,Synthetic Fiber Residue,Mixed,1716.04,Color Pigments,5.65,59.75,127.75,4805.6,102.0,1746.36,163.46,29.08,35.09,93.91,77.63,93.78,58.43,56839.14,Eco Bricks,UrbanEco Materials,2024-08-04
RW-10675,Clark PLC,Tiruppur,Synthetic Fiber Residue,Polymer,4903.95,Low Contamination,6.43,389.78,93.99,4293.21,77.44,2607.17,27.31,24.14,39.06,41.51,35.68,37.35,10.51,402696.34,Industrial Pigments,GreenBuild Industries,2026-01-02
RW-10676,Mosley-Gonzalez,Kanpur,Textile Dye Waste,Textile,213.2,Lead,6.64,288.64,229.19,4797.13,123.71,3761.87,111.76,45.45,32.27,36.11,29.45,23.29,48.05,367360.53,Industrial Pigments,RenewLoop Manufacturing,2024-05-17
RW-10677,Mcconnell PLC,Jaipur,Sludge,Chemical,4863.46,Low Contamination,6.22,165.1,184.85,3768.53,189.06,3005.4,74.32,36.78,50.22,54.79,52.54,50.08,17.22,497901.35,Recycled Fiber Sheets,GreenBuild Industries,2024-11-28
RW-10678,"Harvey, James and Burke",Kanpur,Dye Residue,Mixed,1918.99,Lead,7.86,225.96,203.24,247.25,22.22,3309.32,159.99,33.04,25.34,79.61,71.05,90.23,39.72,34641.95,Insulation Boards,SustainFab Industries,2026-03-15
RW-10679,"Marks, Kerr and Hurst",Tiruppur,Polyester Fiber Scrap,Textile,986.84,Color Pigments,4.89,685.65,395.13,3033.59,185.83,3865.49,32.42,33.82,43.63,48.57,41.46,54.84,55.35,375683.14,Eco Packaging,EcoPack Solutions,2026-02-17
RW-10680,Suarez-Moore,Ahmedabad,Mixed Textile Waste,Organic,1463.45,Low Contamination,5.44,540.88,325.04,205.14,171.38,2925.01,15.94,56.11,43.23,41.39,34.21,83.44,52.42,24692.93,Eco Packaging,SustainFab Industries,2025-11-16
RW-10681,Mercer PLC,Coimbatore,Sludge,Organic,1248.16,High TDS,8.06,778.04,298.06,4110.15,11.49,2431.79,67.81,28.79,35.57,86.31,75.1,74.87,36.24,137322.27,Eco Bricks,CircularTex Pvt Ltd,2025-12-22
RW-10682,"Ho, Brown and Collins",Mumbai,Chemical Effluent,Textile,710.89,Chromium,6.11,639.24,278.41,524.42,224.69,3670.13,181.65,35.85,52.08,89.71,83.59,47.86,40.06,281754.88,Insulation Boards,GreenBuild Industries,2025-08-26
RW-10683,Adams PLC,Mumbai,Mixed Textile Waste,Textile,4726.22,Low Contamination,4.89,488.64,219.15,2593.55,204.27,1920.46,67.7,30.39,23.84,62.07,55.24,52.26,51.8,390110.47,Eco Packaging,RenewLoop Manufacturing,2025-12-16
RW-10684,Brady-Hanson,Mumbai,Fabric Scraps,Organic,4454.25,Organic Contaminants,7.7,358.42,96.54,1124.95,92.55,3458.41,144.07,24.56,54.24,55.18,39.81,24.21,23.93,131720.97,Eco Packaging,CircularTex Pvt Ltd,2026-02-28
RW-10685,"Burke, Drake and Burke",Tiruppur,Fabric Scraps,Organic,2021.71,Oil Residue,7.69,283.98,385.51,430.62,249.48,630.95,72.75,28.4,34.06,77.93,64.47,34.26,30.38,108903.84,Insulation Boards,CircularTex Pvt Ltd,2025-08-31
RW-10686,Gibbs-Nicholson,Mumbai,Mixed Textile Waste,Polymer,1411.68,Oil Residue,7.59,253.98,80.62,3720.56,78.74,1141.92,166.08,15.94,20.69,97.74,82.49,77.95,11.86,238056.41,Acoustic Panels,EcoPack Solutions,2025-03-25
RW-10687,Frazier Group,Mumbai,Industrial Wastewater,Chemical,3503.44,Oil Residue,8.01,88.74,34.74,2268.99,299.79,1431.33,194.9,6.46,35.26,42.06,36.14,26.72,21.19,69593.76,Eco Packaging,RenewLoop Manufacturing,2025-03-22
RW-10688,"Long, Fisher and Strickland",Tiruppur,Dye Residue,Chemical,1767.4,Oil Residue,4.57,310.59,51.98,3199.08,7.26,2239.17,162.72,54.25,28.85,79.87,59.34,79.98,43.26,64537.62,Insulation Boards,EcoPack Solutions,2024-12-20
RW-10689,Joseph LLC,Tiruppur,Mixed Textile Waste,Textile,971.31,High TDS,8.68,664.66,13.75,4330.38,39.3,3186.17,62.88,46.43,46.57,60.02,42.52,66.54,32.03,262322.23,Recycled Fiber Sheets,CircularTex Pvt Ltd,2024-11-19
RW-10690,Wilson LLC,Tiruppur,Fabric Scraps,Textile,4443.42,Sulfide,8.28,108.27,175.66,3806.86,220.64,3333.92,12.08,13.95,21.84,38.48,40.65,29.12,7.54,246162.82,Recycled Fiber Sheets,GreenBuild Industries,2024-06-25
RW-10691,Eaton Inc,Coimbatore,Synthetic Fiber Residue,Chemical,4835.88,Color Pigments,8.22,549.88,182.15,438.15,209.34,3258.51,162.96,31.23,39.29,38.49,36.83,90.24,7.1,422088.56,Acoustic Panels,SustainFab Industries,2026-02-02
RW-10692,Elliott-Collins,Ludhiana,Sludge,Organic,2948.04,Sulfide,8.5,424.08,89.69,4106.37,292.88,145.65,42.64,40.63,28.63,50.53,48.4,35.13,48.18,128815.0,Eco Packaging,SustainFab Industries,2025-09-05
RW-10693,"Bean, Jenkins and Smith",Ludhiana,Synthetic Fiber Residue,Organic,2301.65,Sulfide,8.05,308.2,158.52,2088.94,225.49,375.16,47.94,20.17,54.63,65.84,46.5,32.65,54.54,144226.93,Acoustic Panels,CircularTex Pvt Ltd,2024-12-09
RW-10694,Moore PLC,Mumbai,Cotton Wastewater,Textile,4750.38,Lead,5.75,584.63,89.13,4895.0,102.8,556.2,34.9,59.57,38.9,47.38,44.54,83.33,48.45,332104.97,Industrial Pigments,SustainFab Industries,2024-06-19
RW-10695,Warren Ltd,Surat,Chemical Effluent,Organic,1819.55,Low Contamination,7.66,690.25,85.89,3399.92,250.57,1051.4,6.78,52.48,34.43,92.34,90.27,60.36,50.94,393918.17,Recycled Fiber Sheets,RenewLoop Manufacturing,2024-12-31
RW-10696,Wiggins LLC,Kanpur,Synthetic Fiber Residue,Polymer,2743.56,Microplastics,6.39,875.99,238.15,3851.77,38.72,3441.24,122.74,15.45,40.68,33.6,31.2,51.02,43.97,371477.76,Insulation Boards,UrbanEco Materials,2024-06-15
RW-10697,Johnson-Parrish,Surat,Dye Residue,Organic,1111.27,Oil Residue,7.02,326.42,61.49,2364.25,104.54,1961.91,17.44,32.48,29.04,22.95,19.86,50.75,48.58,332371.4,Acoustic Panels,RenewLoop Manufacturing,2025-04-17
RW-10698,Escobar-Lowe,Ludhiana,Textile Dye Waste,Chemical,269.45,Sulfide,5.61,114.56,175.82,3481.92,215.87,1264.1,104.72,58.04,48.68,30.02,24.65,44.39,8.78,286706.0,Insulation Boards,RenewLoop Manufacturing,2025-03-01
RW-10699,"Strickland, Moore and Monroe",Ludhiana,Dye Residue,Polymer,877.27,Oil Residue,6.43,657.56,283.86,3381.06,216.23,2267.1,168.58,40.09,37.5,88.05,65.54,40.21,52.87,373055.45,Industrial Pigments,UrbanEco Materials,2025-09-19
RW-10700,Oneill-Wade,Jaipur,Textile Dye Waste,Polymer,1020.32,High TDS,8.36,318.05,341.64,1493.48,234.38,2033.99,80.3,48.26,30.25,92.48,94.9,91.2,20.76,175867.37,Eco Packaging,EcoPack Solutions,2024-09-22
RW-10701,"Spears, Mathews and Brown",Tiruppur,Textile Dye Waste,Organic,3197.63,High TDS,8.59,705.93,260.53,2882.69,247.11,545.95,24.64,58.19,25.46,22.15,22.23,73.26,10.37,312496.13,Recycled Fiber Sheets,CircularTex Pvt Ltd,2024-10-19
RW-10702,"Thomas, Brock and Richards",Mumbai,Fabric Scraps,Mixed,2612.31,Organic Contaminants,8.05,380.32,228.74,423.43,198.47,1547.2,177.68,28.7,31.82,45.78,48.47,38.96,27.1,324940.66,Eco Packaging,EcoPack Solutions,2025-04-27
RW-10703,Thomas-Mcdaniel,Mumbai,Synthetic Fiber Residue,Organic,4889.8,Heavy Metals,4.71,255.01,148.87,3865.98,156.71,1153.49,128.83,3.49,44.94,93.77,72.41,62.99,54.05,88207.1,Eco Packaging,GreenBuild Industries,2025-01-07
RW-10704,Young LLC,Ludhiana,Textile Dye Waste,Mixed,4595.62,Chromium,6.63,340.64,334.67,4275.75,89.3,2289.76,104.63,51.9,47.37,94.59,85.81,85.45,22.36,386873.03,Acoustic Panels,GreenBuild Industries,2025-04-19
RW-10705,Perkins Ltd,Kanpur,Dye Residue,Mixed,3469.6,Low Contamination,5.34,632.57,229.92,2553.35,72.06,3328.25,157.07,45.3,53.71,56.8,46.31,50.11,47.82,209973.62,Industrial Pigments,SustainFab Industries,2025-05-31
RW-10706,"Jackson, Howell and Oliver",Jaipur,Industrial Wastewater,Textile,2151.29,Sulfide,8.25,91.13,181.17,881.38,298.38,2946.34,164.94,4.82,51.39,45.02,34.02,82.96,12.79,107385.72,Insulation Boards,SustainFab Industries,2024-05-17
RW-10707,Oliver Group,Ahmedabad,Sludge,Mixed,4041.26,Color Pigments,6.78,773.39,135.73,384.74,54.56,2448.56,55.26,40.4,44.59,38.52,29.84,26.68,17.28,14772.16,Acoustic Panels,GreenBuild Industries,2024-06-29
RW-10708,Cobb-Olson,Kanpur,Synthetic Fiber Residue,Polymer,4667.28,Oil Residue,6.11,679.66,204.87,3452.54,174.71,3035.57,134.79,3.6,39.78,43.13,31.42,80.13,57.41,242059.35,Insulation Boards,CircularTex Pvt Ltd,2024-06-27
RW-10709,"Peterson, Cameron and Griffith",Ahmedabad,Polyester Fiber Scrap,Polymer,1929.47,High TDS,6.16,608.95,325.87,1383.8,131.96,2020.31,135.72,10.07,48.04,44.91,38.74,80.79,24.59,54892.93,Industrial Pigments,SustainFab Industries,2024-10-01
RW-10710,Carpenter-Flores,Kanpur,Textile Dye Waste,Chemical,1976.66,Chromium,7.79,467.03,312.65,2908.75,163.76,3323.27,37.03,25.11,53.31,32.63,28.81,83.57,19.33,61930.46,Eco Bricks,UrbanEco Materials,2025-04-05
RW-10711,"Russell, Miller and Mckay",Ludhiana,Industrial Wastewater,Chemical,3116.95,Microplastics,5.49,116.01,182.96,4145.42,115.04,198.8,102.86,27.32,30.22,47.4,34.22,71.06,56.15,341823.62,Insulation Boards,EcoPack Solutions,2024-07-31
RW-10712,"Diaz, Carpenter and Bailey",Kanpur,Fabric Scraps,Chemical,3380.44,Chromium,8.68,184.74,323.34,214.61,236.34,1349.93,95.8,22.29,44.41,96.57,101.71,27.52,19.89,31770.34,Acoustic Panels,RenewLoop Manufacturing,2024-10-09
RW-10713,Rodriguez Group,Coimbatore,Dye Residue,Organic,1855.06,Color Pigments,6.92,715.12,136.9,1198.29,78.46,2805.83,177.32,6.49,30.25,92.85,73.34,94.76,19.19,182704.01,Eco Bricks,GreenBuild Industries,2026-03-30
RW-10714,"Adkins, Baker and Swanson",Surat,Synthetic Fiber Residue,Polymer,4875.2,Organic Contaminants,4.86,567.11,178.48,1390.09,123.75,2535.54,99.02,45.89,26.46,78.89,80.11,71.33,14.07,126180.85,Insulation Boards,SustainFab Industries,2024-07-11
RW-10715,Cantu Ltd,Tiruppur,Industrial Wastewater,Chemical,985.23,Oil Residue,8.03,363.14,350.11,2361.98,150.53,2188.85,85.61,53.5,52.13,60.5,43.04,90.31,27.74,106444.8,Acoustic Panels,EcoPack Solutions,2024-11-07
RW-10716,Davis Inc,Jaipur,Dye Residue,Organic,1112.66,Color Pigments,8.62,702.19,264.33,1337.24,77.76,3252.58,50.75,5.09,22.29,80.94,67.8,66.02,28.49,307387.04,Insulation Boards,EcoPack Solutions,2024-10-17
RW-10717,"Ware, Smith and Brown",Ahmedabad,Cotton Wastewater,Mixed,3435.29,High TDS,7.3,116.37,95.34,2767.39,181.85,1641.19,143.7,53.37,51.06,60.01,43.24,70.32,49.83,445644.11,Eco Bricks,UrbanEco Materials,2025-03-12
RW-10718,"Hawkins, Decker and Simpson",Coimbatore,Mixed Textile Waste,Textile,1138.37,Organic Contaminants,6.28,751.41,105.55,2959.15,185.56,2918.3,20.39,35.41,43.2,68.5,73.9,85.44,24.44,42679.87,Insulation Boards,GreenBuild Industries,2024-09-18
RW-10719,Thomas Inc,Tiruppur,Sludge,Mixed,4037.93,Organic Contaminants,4.67,309.82,319.65,4333.34,121.21,2519.32,86.4,39.79,51.37,66.88,64.35,68.84,53.48,32077.72,Recycled Fiber Sheets,CircularTex Pvt Ltd,2026-04-18
RW-10720,Morris-Beck,Ahmedabad,Synthetic Fiber Residue,Polymer,2037.84,Chromium,5.26,124.2,257.48,664.74,297.46,3382.61,195.13,14.96,49.69,31.8,34.84,77.33,24.31,69562.51,Acoustic Panels,EcoPack Solutions,2025-09-06
RW-10721,"Ryan, Oliver and Hicks",Surat,Sludge,Mixed,2992.43,Low Contamination,7.52,584.7,224.02,3022.21,6.13,2502.06,33.34,52.05,28.34,37.4,37.35,93.55,31.88,209143.63,Insulation Boards,SustainFab Industries,2025-12-25
RW-10722,Chang-Mccoy,Ludhiana,Cotton Wastewater,Chemical,244.01,Microplastics,7.21,551.2,177.09,2892.11,38.33,1997.64,185.72,45.89,25.87,95.32,72.59,52.11,55.65,481303.48,Eco Packaging,GreenBuild Industries,2025-11-18
RW-10723,Pugh PLC,Coimbatore,Synthetic Fiber Residue,Textile,2863.61,Chromium,6.46,254.22,147.95,1466.4,48.72,3474.64,166.22,12.1,21.14,38.49,31.23,60.14,7.83,264117.06,Eco Bricks,EcoPack Solutions,2025-10-29
RW-10724,"Brown, Smith and Jones",Ahmedabad,Polyester Fiber Scrap,Textile,4569.54,Oil Residue,7.43,90.28,30.17,4340.13,216.97,1362.24,29.0,16.22,38.59,86.93,75.72,52.11,32.26,240229.8,Acoustic Panels,SustainFab Industries,2026-01-27
RW-10725,Nguyen and Sons,Surat,Chemical Effluent,Polymer,4108.78,Low Contamination,6.2,211.3,335.89,4183.77,139.02,3896.32,139.51,2.9,20.87,22.48,21.26,40.35,5.08,279224.35,Recycled Fiber Sheets,EcoPack Solutions,2025-05-08
RW-10726,Suarez-Knight,Kanpur,Chemical Effluent,Mixed,3214.79,Sulfide,5.94,80.75,155.7,3353.88,95.67,585.48,89.03,43.71,52.39,59.33,52.39,82.35,11.54,311259.37,Eco Bricks,SustainFab Industries,2024-05-31
RW-10727,"Thomas, Woods and Harmon",Ludhiana,Industrial Wastewater,Organic,605.39,Organic Contaminants,5.27,606.92,235.4,857.91,272.92,1459.94,187.59,55.95,21.65,23.79,24.42,56.56,42.49,115800.45,Insulation Boards,SustainFab Industries,2026-02-18
RW-10728,Robertson and Sons,Jaipur,Chemical Effluent,Organic,2387.52,High TDS,4.72,794.41,327.13,3638.04,24.04,1747.98,140.76,12.83,20.5,64.03,61.34,30.86,53.49,92603.36,Industrial Pigments,EcoPack Solutions,2025-12-10
RW-10729,Washington-Moran,Ludhiana,Textile Dye Waste,Chemical,2840.18,Organic Contaminants,7.08,894.07,210.41,906.3,121.57,3875.32,66.02,54.25,46.92,66.76,71.59,39.72,32.93,263624.15,Eco Bricks,SustainFab Industries,2024-08-12
RW-10730,"Jones, Doyle and Mcpherson",Ahmedabad,Dye Residue,Organic,1811.84,Oil Residue,5.94,541.04,203.54,1519.72,296.12,1872.21,20.29,45.0,32.1,34.01,27.91,55.19,21.69,169302.89,Industrial Pigments,CircularTex Pvt Ltd,2024-05-29
RW-10731,"Davenport, Knight and Smith",Ludhiana,Chemical Effluent,Organic,727.56,Oil Residue,7.83,386.45,268.61,4420.31,7.46,513.68,129.8,22.78,21.08,65.67,50.35,46.52,37.47,423474.0,Insulation Boards,SustainFab Industries,2024-10-19
RW-10732,Brown PLC,Ludhiana,Mixed Textile Waste,Organic,913.6,Oil Residue,6.88,533.17,259.92,4297.53,125.44,3958.77,82.85,6.16,49.35,54.58,56.86,21.37,41.08,364403.28,Eco Packaging,RenewLoop Manufacturing,2025-11-17
RW-10733,Friedman-Moore,Kanpur,Chemical Effluent,Mixed,640.12,Oil Residue,8.18,737.71,13.05,4036.12,237.53,197.48,131.47,7.57,39.28,95.2,101.82,85.45,16.99,225230.49,Eco Bricks,UrbanEco Materials,2025-05-13
RW-10734,Hoffman Ltd,Ahmedabad,Synthetic Fiber Residue,Organic,2776.08,Color Pigments,6.89,384.7,310.12,826.32,52.51,1157.01,10.04,35.44,49.97,66.02,58.22,91.76,49.65,83377.49,Acoustic Panels,GreenBuild Industries,2025-11-12
RW-10735,"Huang, Warren and Morgan",Coimbatore,Synthetic Fiber Residue,Mixed,658.56,Lead,7.89,636.91,81.12,2475.38,32.77,392.58,18.73,29.73,49.62,42.39,39.55,70.94,12.32,375259.05,Insulation Boards,CircularTex Pvt Ltd,2025-06-10
RW-10736,Grant-Conway,Kanpur,Dye Residue,Mixed,4132.95,Color Pigments,4.85,476.39,38.0,2663.42,195.3,3770.25,139.12,4.12,27.56,81.0,71.97,80.42,12.53,289508.29,Eco Bricks,SustainFab Industries,2024-12-14
RW-10737,Walker PLC,Surat,Chemical Effluent,Mixed,2548.71,Low Contamination,5.96,118.88,221.28,2578.15,135.36,2620.56,138.41,7.39,20.58,75.76,80.07,36.06,16.82,60403.9,Eco Packaging,UrbanEco Materials,2024-05-17
RW-10738,"Bush, Ryan and Baldwin",Jaipur,Industrial Wastewater,Organic,2016.45,Color Pigments,4.52,328.18,254.34,525.33,299.46,2832.68,131.29,39.7,33.06,34.53,35.18,70.37,36.07,166906.86,Acoustic Panels,RenewLoop Manufacturing,2024-05-17
RW-10739,Chang-Howard,Tiruppur,Textile Dye Waste,Chemical,3731.77,Organic Contaminants,5.29,407.2,86.98,1528.41,267.43,723.73,39.83,57.02,26.29,40.3,34.9,78.32,27.5,79243.7,Insulation Boards,CircularTex Pvt Ltd,2024-08-09
RW-10740,Green and Sons,Tiruppur,Mixed Textile Waste,Organic,2653.38,Microplastics,8.23,449.91,286.27,255.61,32.03,933.98,48.63,28.47,44.75,82.96,85.38,60.06,26.89,57286.24,Industrial Pigments,EcoPack Solutions,2024-09-09
RW-10741,Johnston-Jones,Ahmedabad,Chemical Effluent,Mixed,1233.37,Microplastics,5.99,678.13,63.25,1765.3,87.02,3998.53,125.24,59.28,21.96,88.89,96.9,31.95,40.53,144391.18,Eco Packaging,CircularTex Pvt Ltd,2024-09-06
RW-10742,Davis-Coleman,Ludhiana,Cotton Wastewater,Mixed,4928.18,Sulfide,7.33,860.56,28.43,3461.51,95.96,636.63,173.85,4.84,27.97,95.89,83.45,81.81,6.15,73474.22,Industrial Pigments,EcoPack Solutions,2026-02-23
RW-10743,Smith PLC,Surat,Sludge,Organic,1083.39,Organic Contaminants,7.51,334.27,240.64,3205.51,241.74,3698.21,7.5,44.86,47.44,34.25,33.49,80.87,47.23,409306.89,Acoustic Panels,RenewLoop Manufacturing,2024-07-29
RW-10744,Williams Ltd,Kanpur,Textile Dye Waste,Organic,400.05,High TDS,7.41,666.69,257.83,3704.13,242.28,3667.31,142.55,29.93,21.7,91.86,90.03,51.81,55.71,45747.03,Recycled Fiber Sheets,RenewLoop Manufacturing,2025-09-01
RW-10745,Roberts-Wagner,Surat,Synthetic Fiber Residue,Mixed,602.82,Organic Contaminants,7.09,774.37,300.86,2740.42,275.49,1351.0,9.02,32.13,41.04,65.83,67.99,82.18,32.99,353384.97,Industrial Pigments,RenewLoop Manufacturing,2025-10-02
RW-10746,Miller Inc,Surat,Chemical Effluent,Polymer,4784.07,Oil Residue,7.07,645.16,18.79,1571.45,243.81,1707.96,43.72,26.04,44.88,45.8,42.7,86.28,44.48,42345.49,Industrial Pigments,EcoPack Solutions,2025-06-20
RW-10747,"Montoya, Joseph and Williamson",Kanpur,Textile Dye Waste,Chemical,3934.95,Chromium,5.4,611.57,384.81,4451.56,47.43,864.38,19.94,37.39,54.02,42.46,43.17,85.66,54.89,267184.07,Eco Bricks,EcoPack Solutions,2025-12-08
RW-10748,"Long, Grant and Cooke",Coimbatore,Sludge,Textile,1336.24,Oil Residue,6.64,733.81,44.95,3423.8,138.82,165.43,41.95,4.54,48.35,49.1,38.45,38.86,24.49,447245.44,Eco Packaging,UrbanEco Materials,2025-03-01
RW-10749,"Kemp, Hardy and Payne",Jaipur,Sludge,Textile,2678.39,Color Pigments,8.42,497.88,188.12,4604.85,242.72,3024.38,37.61,50.31,45.75,44.54,31.33,58.26,40.1,85950.95,Recycled Fiber Sheets,GreenBuild Industries,2026-03-19
RW-10750,"Johnson, Ayers and King",Jaipur,Synthetic Fiber Residue,Chemical,4746.1,Heavy Metals,8.44,761.66,241.6,279.77,284.33,1053.2,147.81,59.78,28.45,77.73,64.47,59.46,50.54,309245.73,Eco Bricks,SustainFab Industries,2025-03-09
RW-10751,West-Ruiz,Mumbai,Sludge,Organic,4998.57,Color Pigments,8.9,131.66,375.41,1726.44,289.28,121.33,40.27,34.32,39.89,61.55,45.13,49.37,31.28,370786.96,Acoustic Panels,CircularTex Pvt Ltd,2025-03-12
RW-10752,Dunn Ltd,Tiruppur,Fabric Scraps,Textile,1161.49,Sulfide,5.21,151.53,260.71,3057.65,153.45,3883.46,197.15,36.26,29.57,47.43,43.01,56.23,6.84,243927.38,Industrial Pigments,RenewLoop Manufacturing,2026-03-12
RW-10753,Gibbs-Sawyer,Mumbai,Synthetic Fiber Residue,Mixed,3343.71,Low Contamination,6.04,583.96,20.84,2744.2,230.57,1579.11,142.76,26.17,47.13,52.06,37.63,22.42,5.79,258211.94,Insulation Boards,CircularTex Pvt Ltd,2025-10-29
RW-10754,Moody Inc,Mumbai,Textile Dye Waste,Mixed,4630.78,High TDS,7.12,617.07,274.66,4875.61,266.52,1269.22,46.31,29.79,20.1,20.95,14.78,57.16,59.64,497384.56,Recycled Fiber Sheets,EcoPack Solutions,2024-07-20
RW-10755,"Long, Davis and Robinson",Coimbatore,Textile Dye Waste,Mixed,3213.52,Chromium,7.36,408.05,111.87,4385.05,202.02,1065.38,196.37,42.7,21.09,44.76,33.83,45.66,26.54,287987.3,Recycled Fiber Sheets,EcoPack Solutions,2025-07-20
RW-10756,"Jones, Torres and Johnson",Coimbatore,Synthetic Fiber Residue,Textile,4021.18,High TDS,4.58,691.5,236.9,2528.1,140.28,447.51,120.89,22.61,27.04,43.29,35.34,70.87,30.4,399054.03,Eco Packaging,UrbanEco Materials,2024-11-04
RW-10757,Vargas-Chandler,Ludhiana,Cotton Wastewater,Mixed,3385.09,Sulfide,6.56,258.8,374.55,1244.26,211.16,1665.55,6.81,38.62,27.49,50.35,45.76,93.7,59.19,244900.62,Insulation Boards,RenewLoop Manufacturing,2026-01-09
RW-10758,Fisher-Lambert,Ludhiana,Synthetic Fiber Residue,Chemical,1905.74,Chromium,6.06,723.32,365.55,4974.74,262.61,3163.91,70.43,50.82,47.9,43.57,38.41,29.34,36.74,42389.84,Eco Bricks,GreenBuild Industries,2025-10-21
RW-10759,Wheeler-Nelson,Ahmedabad,Synthetic Fiber Residue,Chemical,403.27,Microplastics,7.78,215.65,259.96,2352.16,218.99,1530.88,138.4,9.21,40.71,51.87,39.5,46.39,28.64,484731.57,Eco Packaging,EcoPack Solutions,2025-01-26
RW-10760,"Palmer, Thompson and Dickerson",Tiruppur,Chemical Effluent,Mixed,2808.62,Sulfide,5.89,849.09,218.66,2517.42,10.21,1898.46,74.17,2.52,25.45,46.13,46.75,86.42,5.1,26661.77,Insulation Boards,CircularTex Pvt Ltd,2025-08-20
RW-10761,Morris-Miller,Coimbatore,Cotton Wastewater,Chemical,3365.37,Lead,5.57,413.94,226.66,1635.13,49.79,113.54,131.96,29.47,23.46,94.09,90.63,90.69,24.81,460924.63,Industrial Pigments,GreenBuild Industries,2025-01-26
RW-10762,"Rangel, Gill and Norris",Mumbai,Chemical Effluent,Organic,3726.71,Organic Contaminants,8.99,646.95,288.4,1399.78,284.38,390.34,163.75,14.27,33.09,72.34,66.96,71.16,40.95,22359.4,Recycled Fiber Sheets,CircularTex Pvt Ltd,2024-11-05
RW-10763,Atkins and Sons,Coimbatore,Industrial Wastewater,Organic,1869.19,Color Pigments,6.63,158.93,169.1,2606.26,142.73,2220.6,193.87,14.62,21.69,96.57,69.32,68.24,29.36,125394.6,Insulation Boards,RenewLoop Manufacturing,2025-08-22
RW-10764,Brown PLC,Kanpur,Cotton Wastewater,Organic,3369.09,Heavy Metals,7.64,169.77,123.39,4415.08,138.05,3438.44,28.58,2.43,30.32,74.34,75.98,79.76,13.48,71777.42,Recycled Fiber Sheets,EcoPack Solutions,2025-05-15
RW-10765,Cameron LLC,Mumbai,Polyester Fiber Scrap,Mixed,1528.93,Lead,7.31,88.96,115.03,3152.1,94.7,2533.28,28.33,4.28,54.79,91.63,90.97,57.25,9.79,484624.32,Recycled Fiber Sheets,CircularTex Pvt Ltd,2025-01-08
RW-10766,"Baker, Gilmore and Wong",Ludhiana,Textile Dye Waste,Mixed,390.72,High TDS,5.89,795.33,311.57,4594.44,298.6,2947.77,139.34,55.74,44.86,67.36,59.41,71.28,52.94,259686.98,Eco Bricks,GreenBuild Industries,2025-04-21
RW-10767,Thompson Inc,Ludhiana,Chemical Effluent,Mixed,1852.04,Sulfide,6.78,638.73,185.42,1529.34,20.93,1739.5,121.05,14.47,47.03,74.9,70.15,42.39,19.45,194337.66,Industrial Pigments,SustainFab Industries,2025-11-12
RW-10768,"Williams, Jackson and Davis",Mumbai,Chemical Effluent,Chemical,747.52,Microplastics,6.99,665.29,102.38,3948.8,205.45,2509.73,111.54,46.91,43.69,91.62,100.22,67.11,13.75,263274.5,Insulation Boards,UrbanEco Materials,2025-07-15
RW-10769,"Campos, Williams and Pitts",Mumbai,Dye Residue,Chemical,4927.31,Oil Residue,8.17,499.05,234.02,651.72,232.94,1216.6,62.58,39.76,30.74,70.85,55.12,34.38,43.94,328379.7,Eco Bricks,GreenBuild Industries,2026-02-08
RW-10770,Poole Ltd,Mumbai,Fabric Scraps,Mixed,3303.31,Microplastics,8.88,423.14,159.34,2881.59,42.56,1722.66,75.34,53.66,33.52,65.65,59.12,54.59,40.86,50554.98,Industrial Pigments,RenewLoop Manufacturing,2024-08-04
RW-10771,Howell-Landry,Jaipur,Dye Residue,Chemical,3929.64,Lead,5.54,117.55,254.27,762.56,159.99,317.18,32.09,56.59,20.51,66.2,48.96,79.04,17.35,364801.4,Eco Bricks,RenewLoop Manufacturing,2025-10-17
RW-10772,"Rodriguez, Williams and Gonzalez",Tiruppur,Fabric Scraps,Textile,1638.39,Organic Contaminants,5.87,853.31,52.75,4711.81,65.29,2541.78,57.76,2.54,44.27,31.59,24.69,92.18,28.38,201634.87,Insulation Boards,RenewLoop Manufacturing,2025-09-03
RW-10773,Roberts-Parker,Ludhiana,Mixed Textile Waste,Organic,197.11,Lead,5.1,473.87,92.47,4084.13,20.0,1006.61,189.04,39.82,33.08,87.37,82.02,50.98,37.14,160953.42,Recycled Fiber Sheets,RenewLoop Manufacturing,2025-11-10
RW-10774,Oliver Ltd,Jaipur,Mixed Textile Waste,Mixed,4266.11,Lead,4.75,214.24,317.03,2478.12,113.52,2357.23,38.64,4.59,36.61,63.09,69.39,60.71,13.31,378815.45,Insulation Boards,GreenBuild Industries,2026-05-04
RW-10775,Mccullough Ltd,Coimbatore,Chemical Effluent,Chemical,2555.46,Sulfide,6.35,831.36,81.45,3787.74,186.79,415.32,105.33,21.39,33.31,41.94,38.46,89.82,39.83,494235.5,Insulation Boards,SustainFab Industries,2025-05-14
RW-10776,Bradshaw Group,Surat,Polyester Fiber Scrap,Textile,2673.08,Low Contamination,5.33,247.18,77.6,4296.72,281.54,2224.2,13.19,15.1,22.0,61.33,66.05,89.16,24.26,422556.15,Eco Packaging,CircularTex Pvt Ltd,2026-02-09
RW-10777,Gaines-Miller,Ludhiana,Synthetic Fiber Residue,Polymer,2828.03,Chromium,8.77,692.01,109.34,1452.17,89.84,2265.71,173.4,34.73,20.18,27.06,27.57,52.82,54.54,253548.0,Eco Packaging,RenewLoop Manufacturing,2024-07-01
RW-10778,"Yates, Richardson and Patel",Tiruppur,Polyester Fiber Scrap,Organic,4440.51,Chromium,6.14,496.24,193.15,1152.51,185.23,630.26,111.85,12.2,25.64,63.03,57.75,87.77,26.24,41320.57,Insulation Boards,SustainFab Industries,2024-07-17
RW-10779,Walker Ltd,Jaipur,Polyester Fiber Scrap,Mixed,310.32,Color Pigments,4.87,594.1,125.26,2197.32,80.35,2916.34,157.01,3.75,39.31,21.97,21.64,24.44,48.86,221896.63,Insulation Boards,UrbanEco Materials,2026-04-28
RW-10780,Garcia LLC,Ludhiana,Sludge,Mixed,1085.17,Oil Residue,8.58,616.08,209.74,669.25,165.81,488.6,177.24,16.93,20.77,34.88,33.94,33.35,15.28,390543.05,Industrial Pigments,SustainFab Industries,2026-03-27
RW-10781,"Martinez, Edwards and Lynn",Surat,Fabric Scraps,Mixed,1262.8,Lead,6.0,141.95,257.19,3148.7,166.16,870.04,17.47,36.62,49.51,87.02,84.38,31.22,29.82,44203.64,Insulation Boards,CircularTex Pvt Ltd,2024-05-24
RW-10782,"Ramsey, Campbell and Cox",Jaipur,Chemical Effluent,Polymer,223.84,Oil Residue,7.66,781.37,309.56,228.75,81.64,250.69,18.2,49.86,35.66,35.19,36.85,92.39,33.34,265748.72,Acoustic Panels,EcoPack Solutions,2024-08-14
RW-10783,"Baker, Shaw and Cruz",Tiruppur,Cotton Wastewater,Chemical,1296.24,Color Pigments,4.99,808.01,320.0,3372.7,190.71,3964.8,24.36,59.51,28.28,56.83,55.77,51.81,20.56,431548.84,Acoustic Panels,RenewLoop Manufacturing,2024-06-17
RW-10784,Foley and Sons,Surat,Industrial Wastewater,Chemical,268.77,Microplastics,7.97,867.41,271.45,1955.75,232.11,624.75,150.47,9.59,50.23,49.34,35.95,50.95,5.39,239487.42,Recycled Fiber Sheets,GreenBuild Industries,2024-05-31
RW-10785,Williams-Gutierrez,Coimbatore,Textile Dye Waste,Mixed,4470.46,Low Contamination,5.01,615.51,341.1,3877.73,120.78,3446.32,176.8,17.27,42.94,24.0,24.41,80.48,31.8,497950.42,Recycled Fiber Sheets,EcoPack Solutions,2026-02-08
RW-10786,Sloan-Davis,Ludhiana,Industrial Wastewater,Chemical,2712.51,High TDS,5.94,816.78,105.59,756.86,297.4,2581.62,33.38,24.27,30.57,31.67,30.9,64.18,33.04,382306.18,Eco Bricks,CircularTex Pvt Ltd,2025-11-11
RW-10787,Haney-Davies,Ludhiana,Fabric Scraps,Organic,3999.43,Color Pigments,8.42,815.0,12.26,2111.65,42.94,3816.92,90.76,13.36,43.57,85.32,91.86,56.28,59.22,116162.03,Recycled Fiber Sheets,UrbanEco Materials,2024-05-17
RW-10788,Peterson-Garcia,Kanpur,Fabric Scraps,Mixed,1386.9,High TDS,5.96,129.17,33.42,518.45,241.41,2660.69,71.11,51.23,38.8,96.28,70.67,44.7,29.6,259692.0,Eco Bricks,GreenBuild Industries,2026-04-04
RW-10789,"Ware, Young and Harrison",Coimbatore,Sludge,Organic,3673.82,Lead,4.99,830.25,386.11,3524.24,155.68,259.52,68.24,34.59,47.41,40.53,40.08,39.53,13.33,385586.92,Acoustic Panels,UrbanEco Materials,2025-04-16
RW-10790,"Ortiz, Perez and Friedman",Jaipur,Dye Residue,Polymer,2718.66,Color Pigments,8.93,285.49,231.85,511.63,220.53,928.37,175.01,4.14,29.72,36.18,29.2,59.47,52.21,113164.69,Eco Bricks,RenewLoop Manufacturing,2025-08-24
RW-10791,Mccormick LLC,Ahmedabad,Mixed Textile Waste,Chemical,4977.92,High TDS,7.07,295.28,160.99,3347.98,274.11,865.31,192.75,33.43,46.98,85.07,81.62,45.2,51.04,66696.83,Acoustic Panels,RenewLoop Manufacturing,2025-10-24
RW-10792,"Conley, Rogers and Lamb",Ahmedabad,Synthetic Fiber Residue,Organic,213.05,High TDS,7.17,324.9,375.19,4489.22,138.32,2350.53,149.87,9.46,45.72,94.34,73.71,32.72,40.47,310868.64,Acoustic Panels,GreenBuild Industries,2025-10-01
RW-10793,"Miranda, Campbell and Alexander",Coimbatore,Textile Dye Waste,Organic,4500.24,Oil Residue,6.91,498.07,244.82,3676.06,280.68,3050.52,29.0,31.82,29.45,88.39,85.25,45.65,23.88,140592.9,Eco Bricks,EcoPack Solutions,2025-03-17
RW-10794,Hoffman Inc,Coimbatore,Dye Residue,Chemical,1334.27,Lead,5.33,492.25,209.7,4881.79,79.36,2132.85,141.06,7.31,54.38,70.34,66.37,68.61,54.07,460162.65,Acoustic Panels,GreenBuild Industries,2026-01-19
RW-10795,"Bell, Willis and Lee",Tiruppur,Sludge,Chemical,3192.79,Heavy Metals,7.09,470.24,12.58,3447.23,168.95,730.09,189.86,58.53,36.27,52.61,39.82,20.19,16.98,127799.71,Eco Bricks,EcoPack Solutions,2025-10-15
RW-10796,"Murphy, Kennedy and Bryant",Ahmedabad,Dye Residue,Organic,220.5,Organic Contaminants,7.94,576.64,145.03,1636.86,185.13,747.97,58.95,27.01,41.57,72.08,58.38,90.7,28.43,342752.74,Industrial Pigments,RenewLoop Manufacturing,2024-12-24
RW-10797,"Byrd, Scott and Torres",Ahmedabad,Synthetic Fiber Residue,Textile,3303.11,Low Contamination,5.39,740.55,74.08,908.73,229.89,2956.46,188.43,29.4,36.91,74.89,75.57,87.8,24.9,279334.61,Recycled Fiber Sheets,EcoPack Solutions,2024-12-14
RW-10798,"Larson, Bass and Garcia",Ahmedabad,Cotton Wastewater,Polymer,4215.33,Heavy Metals,6.25,95.97,194.88,4593.82,273.27,3119.05,70.76,41.3,42.33,43.32,37.15,68.36,57.43,28029.91,Recycled Fiber Sheets,UrbanEco Materials,2025-10-22
RW-10799,Lambert Ltd,Kanpur,Fabric Scraps,Organic,2068.68,Color Pigments,5.83,51.33,105.31,2511.28,245.41,2585.65,93.59,51.29,54.25,75.03,71.36,44.28,40.95,374980.53,Acoustic Panels,SustainFab Industries,2025-02-03
RW-10800,"Perez, Vargas and Williams",Kanpur,Mixed Textile Waste,Textile,3265.07,Microplastics,6.16,791.35,196.85,1990.62,220.77,1510.45,83.03,5.36,48.13,83.32,90.66,39.01,18.71,26647.78,Eco Packaging,UrbanEco Materials,2025-09-02
RW-10801,King-Reeves,Surat,Cotton Wastewater,Organic,568.24,Sulfide,7.17,686.78,319.9,4108.44,254.23,2459.5,54.17,18.29,43.48,54.59,57.1,59.69,17.59,380356.24,Insulation Boards,SustainFab Industries,2024-11-12
RW-10802,Lambert PLC,Ludhiana,Chemical Effluent,Textile,122.55,Low Contamination,4.79,373.98,202.94,3825.46,194.64,3353.57,108.0,39.17,47.47,97.04,70.61,75.82,59.13,210952.26,Acoustic Panels,GreenBuild Industries,2025-01-30
RW-10803,"Flores, Murphy and Villa",Surat,Textile Dye Waste,Chemical,684.66,Lead,7.06,451.17,148.26,3373.89,229.97,2908.84,23.97,12.78,21.84,35.06,34.34,36.28,6.44,497717.21,Eco Packaging,UrbanEco Materials,2025-01-03
RW-10804,Roberts-Taylor,Ludhiana,Synthetic Fiber Residue,Textile,1288.48,Microplastics,6.15,252.16,37.92,471.15,265.81,774.55,191.1,6.11,34.35,78.89,64.17,46.78,43.69,191885.81,Eco Packaging,SustainFab Industries,2024-11-02
RW-10805,Hall-White,Tiruppur,Fabric Scraps,Organic,4736.77,Microplastics,5.46,215.01,126.04,4531.63,277.59,3947.26,77.27,44.38,22.54,85.04,91.62,70.78,23.77,121044.83,Eco Bricks,SustainFab Industries,2024-11-17
RW-10806,Henry-Murray,Jaipur,Chemical Effluent,Organic,4635.91,Sulfide,8.32,525.24,373.83,603.17,65.61,1757.19,169.35,54.46,49.51,62.14,52.12,94.82,57.07,127924.84,Eco Packaging,UrbanEco Materials,2025-10-19
RW-10807,"Hernandez, Crane and Snyder",Ahmedabad,Synthetic Fiber Residue,Polymer,1810.87,Oil Residue,7.33,499.81,214.44,4351.8,149.9,2705.25,177.13,23.34,35.28,70.6,61.92,55.89,25.69,321618.96,Recycled Fiber Sheets,EcoPack Solutions,2024-07-19
RW-10808,Li-Ayers,Kanpur,Industrial Wastewater,Organic,3875.35,Chromium,8.51,661.6,313.71,4744.98,54.19,2560.92,101.11,2.56,40.9,34.51,37.7,83.01,11.2,107039.36,Eco Packaging,GreenBuild Industries,2025-08-27
RW-10809,"Hernandez, Strong and Ferrell",Kanpur,Sludge,Textile,2901.74,Sulfide,8.87,390.83,29.49,2970.38,224.84,1061.9,101.83,40.35,31.05,52.73,50.27,24.58,48.12,22369.46,Insulation Boards,RenewLoop Manufacturing,2024-11-26
RW-10810,"Foley, Lane and Montgomery",Jaipur,Cotton Wastewater,Mixed,1771.29,Color Pigments,6.49,840.51,282.68,3137.19,183.95,2329.88,159.32,8.67,48.16,43.22,32.66,68.02,35.68,427675.94,Recycled Fiber Sheets,GreenBuild Industries,2025-10-27
RW-10811,Rodriguez and Sons,Coimbatore,Dye Residue,Mixed,763.59,High TDS,6.41,70.4,385.11,1090.4,64.95,3288.49,13.92,8.23,53.01,52.23,54.03,93.86,56.61,29010.96,Recycled Fiber Sheets,GreenBuild Industries,2024-06-25
RW-10812,Clay-Welch,Ludhiana,Polyester Fiber Scrap,Mixed,483.12,Oil Residue,8.97,163.3,132.97,3475.98,153.46,2454.64,17.27,42.11,49.26,78.81,60.95,20.38,5.88,365081.02,Industrial Pigments,SustainFab Industries,2026-01-11
RW-10813,Fowler LLC,Kanpur,Dye Residue,Chemical,344.31,Chromium,8.52,333.29,378.26,4526.21,40.23,3685.78,181.0,1.89,50.27,68.99,53.1,47.76,17.1,372299.71,Insulation Boards,EcoPack Solutions,2025-12-20
RW-10814,Lindsey Ltd,Mumbai,Chemical Effluent,Textile,767.89,Chromium,6.0,400.62,158.07,1481.87,263.66,2424.39,133.18,9.38,29.54,57.9,55.97,76.9,33.72,11605.62,Eco Packaging,CircularTex Pvt Ltd,2025-01-31
RW-10815,Blanchard-Flowers,Surat,Chemical Effluent,Mixed,3732.66,Oil Residue,6.54,114.32,67.43,3937.38,210.63,1465.1,143.29,14.6,38.58,20.34,17.6,73.72,49.67,487486.22,Insulation Boards,CircularTex Pvt Ltd,2025-12-23
RW-10816,Randolph Ltd,Mumbai,Polyester Fiber Scrap,Chemical,4901.94,Oil Residue,4.86,691.02,241.35,922.37,128.86,1994.18,22.95,42.54,38.24,38.3,37.11,30.56,15.87,462781.78,Acoustic Panels,RenewLoop Manufacturing,2025-03-08
RW-10817,Morris PLC,Mumbai,Dye Residue,Polymer,3863.93,Chromium,6.06,61.45,126.54,1066.7,299.23,3728.81,148.68,19.46,41.89,41.97,30.28,72.33,58.79,218644.9,Eco Bricks,SustainFab Industries,2025-12-18
RW-10818,"Butler, Adams and Salas",Ludhiana,Synthetic Fiber Residue,Organic,4397.94,Low Contamination,4.85,543.99,47.93,4277.58,240.97,1475.68,107.85,7.94,47.78,64.65,59.25,29.62,44.83,72015.07,Industrial Pigments,SustainFab Industries,2025-01-21
RW-10819,Bullock-Jordan,Surat,Mixed Textile Waste,Mixed,4252.03,Organic Contaminants,8.19,666.68,193.09,3265.09,105.8,3288.36,24.78,45.31,27.78,30.88,25.2,71.5,5.81,447501.21,Industrial Pigments,SustainFab Industries,2025-08-01
RW-10820,Chambers Inc,Ahmedabad,Polyester Fiber Scrap,Chemical,3250.31,High TDS,4.52,690.54,358.91,4709.52,95.3,3558.78,108.25,14.05,31.4,46.66,43.16,53.62,27.41,307318.27,Eco Bricks,SustainFab Industries,2026-03-26
RW-10821,Cooke LLC,Jaipur,Mixed Textile Waste,Mixed,1297.15,Sulfide,7.16,746.79,350.5,4155.21,294.32,3766.78,165.31,52.72,31.0,85.96,89.64,66.73,45.41,477015.3,Acoustic Panels,EcoPack Solutions,2025-02-22
RW-10822,Mitchell and Sons,Ahmedabad,Textile Dye Waste,Organic,4209.5,Heavy Metals,7.53,354.62,195.51,4775.46,281.21,313.48,143.35,15.28,43.17,75.45,56.5,95.0,39.05,461868.4,Acoustic Panels,GreenBuild Industries,2025-11-12
RW-10823,Franklin-Stewart,Ahmedabad,Dye Residue,Polymer,546.86,Low Contamination,4.87,262.73,205.81,274.52,151.19,3898.91,155.09,41.83,43.8,91.54,92.66,78.95,8.34,179307.34,Recycled Fiber Sheets,UrbanEco Materials,2024-11-13
RW-10824,Gray-Stephenson,Coimbatore,Dye Residue,Chemical,902.17,Oil Residue,6.51,287.1,156.21,1013.15,244.31,1244.96,9.93,11.17,37.19,31.9,26.65,24.24,38.8,208788.61,Eco Packaging,GreenBuild Industries,2024-09-13
RW-10825,Bell Group,Ludhiana,Fabric Scraps,Mixed,4566.81,Chromium,7.56,411.24,207.67,3119.14,282.15,917.86,87.88,29.54,26.0,96.48,105.85,55.46,9.82,424800.37,Insulation Boards,UrbanEco Materials,2024-05-25
RW-10826,Moore-Medina,Ludhiana,Synthetic Fiber Residue,Mixed,1346.86,Chromium,6.25,678.05,36.85,1905.08,17.52,1924.52,182.9,39.31,24.03,48.16,51.36,58.93,24.09,426038.62,Industrial Pigments,SustainFab Industries,2024-10-06
RW-10827,White-Sanchez,Ludhiana,Industrial Wastewater,Mixed,4359.43,Organic Contaminants,8.77,762.04,322.72,2331.12,220.41,3733.26,163.16,59.75,52.12,29.04,28.9,64.29,18.2,21013.21,Eco Bricks,GreenBuild Industries,2025-08-23
RW-10828,Nguyen-Dyer,Kanpur,Fabric Scraps,Chemical,2424.45,Low Contamination,4.8,854.42,245.53,3935.89,130.51,1605.97,115.88,42.0,22.6,60.66,51.27,57.69,35.08,377315.03,Industrial Pigments,RenewLoop Manufacturing,2025-10-07
RW-10829,Wilson Inc,Coimbatore,Dye Residue,Chemical,414.25,High TDS,5.44,135.84,121.36,3996.19,110.53,1026.7,149.73,51.69,43.07,39.86,31.32,78.4,38.64,322728.8,Industrial Pigments,SustainFab Industries,2024-11-01
RW-10830,Lowery PLC,Ahmedabad,Synthetic Fiber Residue,Mixed,965.26,Oil Residue,5.92,528.67,387.05,1033.91,120.49,3404.32,155.98,45.31,49.41,39.79,39.69,77.9,22.53,85523.91,Acoustic Panels,UrbanEco Materials,2024-11-04
RW-10831,Moss Ltd,Kanpur,Industrial Wastewater,Chemical,2662.15,Color Pigments,8.13,574.57,230.26,4764.01,247.18,2097.15,61.75,12.58,40.92,34.74,32.76,37.6,37.15,331215.19,Eco Bricks,GreenBuild Industries,2025-12-17
RW-10832,Torres and Sons,Kanpur,Textile Dye Waste,Textile,4122.49,Low Contamination,5.38,897.44,68.59,1948.82,82.19,3503.26,9.29,27.93,54.22,76.04,64.33,68.85,12.45,374971.98,Acoustic Panels,UrbanEco Materials,2024-07-18
RW-10833,"Hawkins, George and Cooper",Surat,Cotton Wastewater,Polymer,2092.16,Lead,7.44,251.52,167.21,596.66,81.49,3659.68,164.79,30.62,39.22,67.38,66.9,24.78,55.77,167900.14,Insulation Boards,UrbanEco Materials,2024-05-07
RW-10834,Anderson and Sons,Ludhiana,Dye Residue,Textile,2661.19,Sulfide,6.3,484.78,29.28,544.69,43.17,610.11,28.05,43.49,26.13,26.64,24.77,64.43,14.31,410711.57,Industrial Pigments,SustainFab Industries,2024-12-31
RW-10835,Ramirez PLC,Tiruppur,Textile Dye Waste,Chemical,3174.92,Lead,6.31,328.95,382.91,4204.88,41.16,551.88,173.4,39.07,52.4,45.08,42.23,21.53,21.31,189592.93,Eco Bricks,GreenBuild Industries,2025-02-14
RW-10836,"Smith, Ashley and Black",Ludhiana,Synthetic Fiber Residue,Chemical,1677.47,High TDS,8.75,235.94,328.83,4055.99,265.16,2946.97,104.68,51.12,36.17,92.88,84.76,53.58,29.29,15399.46,Eco Bricks,RenewLoop Manufacturing,2026-03-12
RW-10837,Hooper and Sons,Mumbai,Cotton Wastewater,Textile,1094.7,Microplastics,8.28,872.64,35.09,205.42,240.87,2782.74,170.65,9.15,39.81,46.91,36.78,52.02,36.87,443981.91,Eco Packaging,GreenBuild Industries,2025-01-10
RW-10838,"Wright, Sims and Marquez",Mumbai,Sludge,Polymer,1261.42,Chromium,7.25,370.25,385.83,2973.3,267.75,1899.2,105.17,4.58,24.2,80.58,82.99,32.24,28.42,497063.22,Industrial Pigments,CircularTex Pvt Ltd,2025-04-10
RW-10839,"Howard, Carey and Wise",Mumbai,Sludge,Mixed,1103.92,Color Pigments,6.63,312.94,323.31,3690.29,156.76,2815.05,121.66,50.64,24.62,35.62,33.07,36.63,57.08,468547.44,Acoustic Panels,GreenBuild Industries,2026-03-06
RW-10840,"King, Williams and Jones",Surat,Polyester Fiber Scrap,Mixed,4036.48,Color Pigments,9.0,710.05,57.34,374.37,188.55,2450.64,102.26,13.61,50.72,51.78,52.46,48.34,42.28,439718.3,Eco Bricks,RenewLoop Manufacturing,2024-09-17
RW-10841,Castillo Ltd,Mumbai,Dye Residue,Chemical,3300.38,Color Pigments,4.77,134.49,13.8,4254.28,31.98,819.73,162.8,46.39,34.46,93.08,83.87,50.5,52.16,374825.22,Recycled Fiber Sheets,EcoPack Solutions,2025-09-04
RW-10842,Moore LLC,Kanpur,Mixed Textile Waste,Chemical,4321.0,Organic Contaminants,6.14,403.17,83.7,320.88,16.95,276.25,43.42,16.63,45.35,71.29,58.26,80.15,56.39,385161.65,Eco Packaging,UrbanEco Materials,2025-10-05
RW-10843,Nixon-Medina,Ahmedabad,Polyester Fiber Scrap,Mixed,3283.66,Microplastics,4.86,331.58,262.62,3941.86,153.47,1946.39,122.01,54.13,32.26,74.62,53.36,55.68,15.13,460941.55,Recycled Fiber Sheets,EcoPack Solutions,2025-12-13
RW-10844,"Tate, Williams and Browning",Surat,Industrial Wastewater,Textile,3835.51,Organic Contaminants,8.55,734.88,60.5,1296.3,248.01,608.33,8.47,32.23,54.23,53.79,43.07,41.39,7.61,454422.37,Acoustic Panels,CircularTex Pvt Ltd,2024-06-24
RW-10845,"Nielsen, Mcmillan and Bradshaw",Surat,Cotton Wastewater,Chemical,2244.18,Heavy Metals,8.76,881.08,15.61,1842.88,52.03,1444.72,150.58,3.07,27.71,54.49,59.71,48.41,36.17,43686.2,Eco Packaging,RenewLoop Manufacturing,2025-01-12
RW-10846,Morales-Little,Coimbatore,Sludge,Mixed,1903.75,Low Contamination,5.45,472.07,62.3,786.64,53.05,2508.66,56.69,41.53,27.16,28.99,20.75,68.28,48.48,157075.56,Insulation Boards,CircularTex Pvt Ltd,2026-03-28
RW-10847,Hardin-Smith,Surat,Synthetic Fiber Residue,Chemical,1367.2,Chromium,8.8,270.12,36.73,4569.73,206.49,3391.84,14.12,41.22,29.7,58.39,41.3,22.04,52.27,143634.38,Industrial Pigments,RenewLoop Manufacturing,2025-07-30
RW-10848,"Singh, Smith and Carter",Surat,Textile Dye Waste,Chemical,4664.97,Sulfide,8.72,811.56,19.76,4683.2,113.77,121.32,69.85,47.9,52.45,61.95,45.34,37.97,5.88,155036.09,Industrial Pigments,EcoPack Solutions,2025-03-04
RW-10849,Armstrong and Sons,Kanpur,Industrial Wastewater,Polymer,3847.46,Chromium,4.89,236.94,107.32,1013.29,59.03,720.65,114.02,25.37,34.45,21.45,15.33,71.48,52.48,386123.01,Eco Bricks,SustainFab Industries,2025-07-27
RW-10850,Sullivan-Clay,Tiruppur,Polyester Fiber Scrap,Organic,2040.77,Organic Contaminants,7.21,624.69,318.64,3063.52,250.34,3381.13,178.54,31.76,41.04,47.34,44.98,85.17,5.67,211809.08,Eco Packaging,CircularTex Pvt Ltd,2025-03-17
RW-10851,Watson-Contreras,Ludhiana,Cotton Wastewater,Textile,2504.01,Organic Contaminants,7.93,417.34,153.85,1557.3,100.03,2728.5,70.67,50.01,34.45,32.02,29.13,41.51,38.33,335434.73,Acoustic Panels,EcoPack Solutions,2025-12-07
RW-10852,Watson Inc,Surat,Chemical Effluent,Organic,836.29,Heavy Metals,8.68,104.74,341.51,1613.28,253.43,1319.49,155.43,28.4,54.0,58.8,43.93,87.69,55.59,73738.57,Recycled Fiber Sheets,RenewLoop Manufacturing,2024-05-30
RW-10853,"Erickson, Henderson and Parker",Surat,Cotton Wastewater,Mixed,1938.12,Heavy Metals,7.98,67.67,247.02,2985.52,163.83,3846.17,186.6,30.79,20.15,41.84,33.52,40.5,24.69,477489.52,Industrial Pigments,EcoPack Solutions,2024-10-14
RW-10854,"Farmer, Huerta and Smith",Ahmedabad,Fabric Scraps,Textile,1498.93,Color Pigments,8.83,197.27,225.09,1424.19,152.89,798.89,27.8,41.92,50.36,29.84,27.25,69.01,26.16,224807.48,Recycled Fiber Sheets,CircularTex Pvt Ltd,2024-11-11
RW-10855,Flores Inc,Jaipur,Dye Residue,Polymer,2623.59,Lead,8.38,662.05,109.79,3320.7,115.4,3034.24,107.62,41.37,42.54,67.75,72.44,78.62,41.47,32411.57,Eco Bricks,CircularTex Pvt Ltd,2024-05-30
RW-10856,Thomas-Cook,Ahmedabad,Sludge,Polymer,2656.02,High TDS,7.73,114.78,280.21,3398.5,105.48,3523.81,131.04,52.0,37.33,37.31,28.09,41.52,40.37,181682.95,Eco Packaging,EcoPack Solutions,2024-11-16
RW-10857,"Quinn, Davenport and Turner",Mumbai,Mixed Textile Waste,Chemical,2255.9,Lead,7.52,824.63,73.0,2939.13,113.26,1286.81,17.55,7.55,25.7,34.44,28.17,85.31,29.05,469686.12,Industrial Pigments,CircularTex Pvt Ltd,2025-01-16
RW-10858,Moore-Wallace,Surat,Polyester Fiber Scrap,Chemical,1948.89,Microplastics,4.5,371.18,209.32,4282.64,233.18,726.8,34.03,40.76,52.21,56.49,54.15,63.17,52.42,214927.21,Eco Bricks,UrbanEco Materials,2025-08-14
RW-10859,Carlson Group,Coimbatore,Industrial Wastewater,Mixed,457.94,High TDS,5.37,786.96,211.13,4294.34,203.15,2285.92,55.62,16.91,37.91,46.53,47.83,77.66,36.98,48483.96,Acoustic Panels,GreenBuild Industries,2025-11-07
RW-10860,Morris Inc,Tiruppur,Polyester Fiber Scrap,Mixed,2784.95,Oil Residue,6.12,432.08,127.44,201.8,113.92,2354.0,66.58,46.86,34.37,53.31,40.87,32.08,48.19,320620.31,Eco Packaging,CircularTex Pvt Ltd,2025-07-24
RW-10861,Sellers-Beck,Ludhiana,Synthetic Fiber Residue,Polymer,991.16,Chromium,5.79,845.75,261.81,4404.48,52.31,1455.3,11.98,49.54,27.5,85.5,62.51,91.66,5.11,358863.62,Eco Packaging,GreenBuild Industries,2025-03-26
RW-10862,Navarro-Miller,Surat,Textile Dye Waste,Polymer,3598.6,Chromium,6.3,179.02,48.66,2039.09,212.0,3108.69,150.22,53.74,43.88,71.28,54.81,83.38,16.67,174816.73,Eco Bricks,UrbanEco Materials,2024-07-08
RW-10863,"Fox, Wyatt and Harris",Ludhiana,Textile Dye Waste,Mixed,4111.45,Chromium,5.18,826.82,82.9,3749.52,38.55,2070.79,57.29,13.0,53.58,87.39,73.45,69.82,30.18,414771.68,Recycled Fiber Sheets,GreenBuild Industries,2026-04-18
RW-10864,Norman-Cox,Mumbai,Fabric Scraps,Polymer,4942.46,Microplastics,8.56,245.92,213.38,3887.85,222.3,1741.11,161.63,32.28,24.38,52.53,57.6,34.77,11.78,337253.94,Recycled Fiber Sheets,RenewLoop Manufacturing,2024-12-19
RW-10865,Stuart-Meyer,Ludhiana,Fabric Scraps,Mixed,384.03,Chromium,6.33,284.43,253.35,2350.14,135.93,3803.23,164.28,35.53,23.86,62.25,46.73,21.83,16.11,236717.06,Insulation Boards,UrbanEco Materials,2025-07-22
RW-10866,Rodriguez and Sons,Surat,Synthetic Fiber Residue,Polymer,4114.48,Lead,6.49,307.16,330.9,3681.1,186.66,2597.64,36.3,16.73,32.01,61.54,44.5,53.24,47.17,436021.87,Insulation Boards,RenewLoop Manufacturing,2025-05-04
RW-10867,Nichols-Montoya,Surat,Polyester Fiber Scrap,Chemical,757.5,Heavy Metals,6.39,580.47,353.98,3398.21,97.24,2359.05,16.99,10.44,44.33,33.19,29.5,21.27,20.07,78428.06,Insulation Boards,SustainFab Industries,2025-02-17
RW-10868,Hancock PLC,Mumbai,Industrial Wastewater,Chemical,2696.76,Sulfide,7.89,763.77,24.79,2119.77,137.96,857.2,16.65,5.52,38.73,30.2,26.43,30.16,59.6,43533.98,Recycled Fiber Sheets,SustainFab Industries,2024-07-11
RW-10869,"Walker, Reynolds and Short",Ahmedabad,Synthetic Fiber Residue,Organic,4049.72,Microplastics,6.85,551.16,296.86,1155.32,177.92,2651.48,127.23,20.46,28.63,72.14,59.43,58.88,13.77,191010.73,Insulation Boards,EcoPack Solutions,2025-10-28
RW-10870,Jones Group,Mumbai,Fabric Scraps,Organic,2360.3,Microplastics,6.29,364.68,19.23,4120.28,52.52,608.88,58.7,51.05,25.05,81.35,60.94,60.63,17.77,316118.13,Insulation Boards,EcoPack Solutions,2025-09-04
RW-10871,Mitchell-Trujillo,Kanpur,Mixed Textile Waste,Organic,1926.18,Color Pigments,7.37,567.61,85.4,2157.88,51.03,1602.04,180.23,16.91,32.79,25.89,20.42,65.35,15.76,140951.92,Recycled Fiber Sheets,EcoPack Solutions,2026-02-23
RW-10872,Rosales Group,Coimbatore,Mixed Textile Waste,Textile,1070.63,Low Contamination,5.48,730.78,221.21,410.28,193.63,1934.35,166.82,8.24,48.93,49.96,43.01,89.63,48.99,380866.61,Recycled Fiber Sheets,EcoPack Solutions,2026-02-14
RW-10873,Nicholson LLC,Coimbatore,Synthetic Fiber Residue,Organic,2142.45,Chromium,5.17,856.65,34.49,1867.88,287.5,3752.02,81.57,24.97,30.62,27.24,25.75,22.59,24.97,71728.82,Industrial Pigments,GreenBuild Industries,2025-01-19
RW-10874,Shea-Thompson,Tiruppur,Cotton Wastewater,Mixed,466.63,Sulfide,8.18,506.92,253.56,3760.56,100.62,1453.1,134.08,11.72,25.85,79.5,77.4,49.49,34.71,17306.74,Recycled Fiber Sheets,GreenBuild Industries,2025-07-27
RW-10875,Smith-Weaver,Tiruppur,Dye Residue,Textile,3734.39,High TDS,6.35,175.62,203.61,1061.97,44.36,3105.63,112.11,56.75,42.63,33.19,31.9,84.41,40.42,334793.43,Recycled Fiber Sheets,SustainFab Industries,2025-07-14
RW-10876,Porter-Taylor,Coimbatore,Mixed Textile Waste,Chemical,948.37,Heavy Metals,6.02,220.22,219.04,1927.37,36.42,2260.22,24.51,41.96,38.35,50.16,43.79,43.42,16.59,132753.88,Eco Packaging,UrbanEco Materials,2024-11-22
RW-10877,Delgado-Lucas,Ludhiana,Cotton Wastewater,Organic,2313.92,Microplastics,6.39,524.89,144.94,3170.96,176.16,1645.14,40.8,32.28,33.3,75.29,54.61,91.62,19.67,461200.42,Insulation Boards,SustainFab Industries,2026-01-10
RW-10878,Hicks and Sons,Coimbatore,Polyester Fiber Scrap,Organic,2922.88,Lead,5.85,821.25,145.78,1822.72,17.97,2788.4,167.53,41.0,22.14,37.7,35.1,22.33,23.63,174803.36,Insulation Boards,UrbanEco Materials,2024-12-02
RW-10879,Smith LLC,Jaipur,Cotton Wastewater,Chemical,3318.36,Microplastics,4.75,581.25,250.83,3733.08,187.17,3772.03,162.83,18.6,21.75,86.01,91.35,41.45,24.52,41420.97,Insulation Boards,CircularTex Pvt Ltd,2025-07-11
RW-10880,"Martinez, Hoffman and Francis",Jaipur,Fabric Scraps,Polymer,930.83,Organic Contaminants,8.49,676.35,355.63,999.9,273.68,500.65,72.03,12.66,29.47,31.22,27.06,37.09,26.69,77399.03,Recycled Fiber Sheets,UrbanEco Materials,2024-11-01
RW-10881,Barry Ltd,Ahmedabad,Textile Dye Waste,Organic,4717.58,Chromium,6.76,886.86,209.33,1682.86,76.67,2306.87,188.26,36.39,29.48,74.62,75.4,55.77,37.09,140413.7,Industrial Pigments,CircularTex Pvt Ltd,2025-05-16
RW-10882,Thompson-Williams,Coimbatore,Synthetic Fiber Residue,Chemical,4777.54,Color Pigments,7.82,258.79,70.46,599.31,248.01,3276.95,5.3,45.42,30.82,93.83,82.79,55.15,37.35,47779.63,Eco Bricks,EcoPack Solutions,2025-09-11
RW-10883,Wilson-Nielsen,Ludhiana,Mixed Textile Waste,Textile,4998.44,Chromium,8.07,384.48,16.42,3044.46,186.04,1523.63,16.14,44.95,43.97,42.06,32.72,86.65,13.33,12993.73,Eco Packaging,CircularTex Pvt Ltd,2024-11-25
RW-10884,"Sims, Huff and Perez",Coimbatore,Cotton Wastewater,Textile,2407.9,Color Pigments,8.48,524.91,27.33,1695.49,286.12,2952.37,184.53,20.5,43.09,83.97,92.29,47.65,32.67,140012.51,Industrial Pigments,GreenBuild Industries,2024-05-13
RW-10885,Baxter Ltd,Surat,Textile Dye Waste,Textile,3061.68,High TDS,8.17,469.43,16.19,3572.1,48.83,2348.27,14.09,14.02,48.96,43.93,35.11,53.69,24.02,402090.39,Recycled Fiber Sheets,CircularTex Pvt Ltd,2026-04-20
RW-10886,Nelson and Sons,Coimbatore,Polyester Fiber Scrap,Chemical,3263.97,Organic Contaminants,5.58,565.83,113.43,314.82,62.42,362.2,194.62,59.71,51.18,61.58,57.35,62.39,36.71,272470.31,Eco Packaging,CircularTex Pvt Ltd,2026-01-15
RW-10887,Carr and Sons,Surat,Polyester Fiber Scrap,Polymer,4356.8,Chromium,8.15,327.64,276.84,2129.51,271.44,3931.43,23.32,2.62,37.3,37.42,33.95,84.44,41.54,456582.5,Eco Packaging,GreenBuild Industries,2025-09-13
RW-10888,Mendez-Smith,Kanpur,Textile Dye Waste,Mixed,3735.63,Heavy Metals,5.54,776.0,348.74,2422.63,141.89,3001.3,42.61,40.1,49.98,48.11,34.75,51.07,27.84,139035.36,Acoustic Panels,CircularTex Pvt Ltd,2025-07-06
RW-10889,Baldwin Group,Coimbatore,Polyester Fiber Scrap,Chemical,4434.4,Sulfide,8.57,521.45,360.13,4076.76,73.73,1043.35,82.74,20.58,46.46,92.99,81.72,87.98,56.1,111510.07,Recycled Fiber Sheets,SustainFab Industries,2025-07-18
RW-10890,"Fisher, Arnold and Mccoy",Kanpur,Mixed Textile Waste,Textile,3854.0,Color Pigments,8.7,138.71,315.43,3250.17,22.48,2981.09,166.04,24.05,31.52,73.83,75.91,49.39,34.06,271948.69,Recycled Fiber Sheets,GreenBuild Industries,2025-01-28
RW-10891,Jones and Sons,Surat,Fabric Scraps,Organic,2556.2,Organic Contaminants,8.45,742.25,307.31,533.24,267.83,1821.43,130.33,39.2,51.55,67.91,54.26,67.38,28.43,210608.33,Eco Bricks,UrbanEco Materials,2025-01-17
RW-10892,Foster and Sons,Surat,Mixed Textile Waste,Organic,3768.38,High TDS,6.71,834.97,372.76,4060.78,189.98,986.91,17.67,17.56,21.02,83.78,63.05,38.02,37.27,197402.48,Acoustic Panels,GreenBuild Industries,2025-04-21
RW-10893,"Carrillo, Turner and Merritt",Mumbai,Textile Dye Waste,Polymer,3338.17,Color Pigments,8.56,499.04,116.44,295.75,243.97,991.36,7.55,3.03,41.54,41.18,40.46,49.74,58.69,225454.12,Acoustic Panels,SustainFab Industries,2025-11-15
RW-10894,Walsh-Thomas,Kanpur,Cotton Wastewater,Polymer,3784.91,Microplastics,5.55,314.84,319.97,880.22,226.89,1139.43,58.31,3.15,26.12,31.48,29.35,58.93,26.44,408280.65,Acoustic Panels,EcoPack Solutions,2025-01-21
RW-10895,Burns Inc,Kanpur,Dye Residue,Polymer,2170.73,Microplastics,7.1,181.47,28.34,4803.14,47.19,3222.49,23.26,17.85,37.41,30.07,31.78,22.53,49.41,205377.32,Acoustic Panels,GreenBuild Industries,2024-05-12
RW-10896,Powell-Gonzalez,Coimbatore,Mixed Textile Waste,Polymer,1513.43,Color Pigments,5.36,455.29,365.47,3409.44,191.64,2645.57,115.6,47.97,35.87,72.0,52.06,55.97,19.3,422538.34,Eco Bricks,CircularTex Pvt Ltd,2025-05-19
RW-10897,Douglas-Boyd,Mumbai,Industrial Wastewater,Chemical,3626.67,Heavy Metals,6.97,348.55,173.28,2159.95,132.3,577.47,72.02,2.45,33.99,38.95,35.87,21.21,40.33,186845.2,Eco Packaging,SustainFab Industries,2024-11-11
RW-10898,"Patel, Moore and Wyatt",Surat,Sludge,Chemical,3787.45,Microplastics,6.49,532.86,67.78,3775.74,193.13,275.73,9.03,35.26,39.6,56.87,40.0,63.58,14.09,186045.06,Insulation Boards,SustainFab Industries,2024-08-26
RW-10899,"Hill, Lewis and Miller",Surat,Industrial Wastewater,Mixed,307.08,Oil Residue,8.45,657.22,161.08,2246.55,170.27,1650.71,70.94,4.81,26.32,53.76,54.24,40.06,49.13,170682.39,Insulation Boards,GreenBuild Industries,2026-04-22
RW-10900,Thompson-Gonzales,Kanpur,Dye Residue,Textile,582.38,Microplastics,6.35,515.51,347.71,2978.98,200.03,3546.8,118.66,5.75,28.46,73.66,78.73,59.59,29.5,72139.69,Recycled Fiber Sheets,RenewLoop Manufacturing,2025-09-17
RW-10901,"Walker, Torres and Palmer",Ludhiana,Fabric Scraps,Textile,4242.48,Lead,5.18,839.78,378.37,1250.65,179.21,3075.84,164.32,13.94,29.6,71.69,63.2,64.47,37.98,483017.27,Industrial Pigments,RenewLoop Manufacturing,2024-06-03
RW-10902,Ortiz Ltd,Coimbatore,Polyester Fiber Scrap,Mixed,3671.4,Color Pigments,6.08,488.29,258.15,2091.15,150.67,3668.72,33.45,17.81,30.42,87.72,67.62,69.2,34.94,238746.8,Industrial Pigments,GreenBuild Industries,2024-06-19
RW-10903,"Nguyen, Pierce and Allen",Surat,Sludge,Textile,1026.54,Oil Residue,4.97,813.09,294.38,726.91,40.9,3076.43,167.15,2.9,24.03,26.06,19.23,80.59,14.35,11440.77,Recycled Fiber Sheets,CircularTex Pvt Ltd,2024-06-29
RW-10904,Campbell Inc,Coimbatore,Cotton Wastewater,Polymer,4004.16,Oil Residue,4.53,341.1,216.94,873.69,113.19,3305.49,150.04,15.43,52.89,35.24,37.14,66.28,31.36,448779.04,Insulation Boards,GreenBuild Industries,2024-06-11
RW-10905,Flowers-Barajas,Jaipur,Polyester Fiber Scrap,Mixed,4252.27,High TDS,4.85,873.39,220.41,3112.61,125.37,2811.48,63.78,1.04,29.09,83.77,91.46,39.08,38.79,365961.89,Insulation Boards,EcoPack Solutions,2024-10-21
RW-10906,Medina-Kramer,Surat,Cotton Wastewater,Organic,958.49,High TDS,5.79,572.59,109.37,3098.59,299.55,1077.61,146.12,26.18,31.02,60.35,43.75,70.38,36.38,151532.58,Insulation Boards,UrbanEco Materials,2024-12-05
RW-10907,"Palmer, Rogers and Miller",Kanpur,Sludge,Organic,4017.36,Lead,6.73,68.4,361.57,4431.92,69.65,2919.31,175.86,55.66,25.17,35.61,35.93,85.33,18.82,213457.88,Recycled Fiber Sheets,RenewLoop Manufacturing,2024-11-04
RW-10908,Harper Group,Ahmedabad,Dye Residue,Polymer,1585.22,Chromium,8.24,228.85,133.81,1778.87,6.85,2631.01,87.9,27.79,42.67,89.81,71.09,65.31,34.18,86303.38,Eco Bricks,CircularTex Pvt Ltd,2026-04-14
RW-10909,Wu Ltd,Surat,Fabric Scraps,Mixed,2240.57,Lead,8.28,562.75,372.89,1930.98,182.69,1946.48,111.39,37.33,51.46,21.48,20.67,30.55,51.84,257060.75,Eco Bricks,GreenBuild Industries,2025-02-25
RW-10910,Allen-Patton,Kanpur,Industrial Wastewater,Textile,941.37,Organic Contaminants,8.78,397.62,168.02,722.2,52.57,793.73,73.95,54.87,42.59,78.51,82.38,39.89,21.37,327276.38,Insulation Boards,SustainFab Industries,2025-11-24
RW-10911,Cole Inc,Mumbai,Mixed Textile Waste,Organic,1242.96,Color Pigments,5.4,120.23,146.8,3297.13,231.52,2264.48,122.31,5.6,28.51,49.35,53.59,67.68,55.52,499910.7,Eco Packaging,UrbanEco Materials,2024-05-14
RW-10912,Riley-Mitchell,Coimbatore,Chemical Effluent,Polymer,300.82,Color Pigments,8.2,710.88,251.04,4483.07,276.13,2745.72,96.68,30.35,47.48,29.66,24.93,39.45,32.78,247755.52,Insulation Boards,RenewLoop Manufacturing,2026-04-18
RW-10913,Chavez-Tucker,Surat,Industrial Wastewater,Mixed,946.34,Color Pigments,6.9,362.12,246.09,1480.35,28.67,794.5,113.31,30.43,23.16,47.28,48.26,86.97,50.99,90731.21,Insulation Boards,GreenBuild Industries,2025-11-09
RW-10914,Barnes-Wilkins,Coimbatore,Sludge,Textile,1409.84,Lead,6.21,829.87,360.56,1635.67,161.06,2878.78,30.93,6.29,25.08,52.12,46.86,22.58,49.04,339620.76,Eco Bricks,RenewLoop Manufacturing,2024-11-18
RW-10915,Novak Group,Jaipur,Synthetic Fiber Residue,Organic,112.15,Organic Contaminants,8.39,86.57,61.77,365.63,32.53,3038.99,98.12,40.05,42.88,34.87,28.67,57.93,23.52,454632.62,Industrial Pigments,SustainFab Industries,2025-06-13
RW-10916,"May, Thompson and Cantrell",Tiruppur,Dye Residue,Chemical,2260.76,Organic Contaminants,6.6,151.99,342.29,4024.62,254.89,2816.86,190.1,6.36,43.47,62.86,67.78,88.31,21.05,417849.8,Eco Packaging,UrbanEco Materials,2024-05-21
RW-10917,Gutierrez Ltd,Ahmedabad,Textile Dye Waste,Textile,107.85,Oil Residue,7.0,350.52,64.01,4985.11,247.38,189.99,165.3,9.88,24.14,37.12,36.48,40.49,21.88,153854.57,Insulation Boards,EcoPack Solutions,2026-01-09
RW-10918,Watkins-Roberts,Ludhiana,Polyester Fiber Scrap,Mixed,3739.34,Sulfide,5.11,150.79,310.61,3382.23,257.69,976.05,62.74,51.49,50.77,34.21,32.11,62.86,41.0,451346.98,Eco Bricks,RenewLoop Manufacturing,2024-07-01
RW-10919,Miller Ltd,Tiruppur,Textile Dye Waste,Textile,2362.97,Chromium,8.38,818.01,88.31,2720.54,129.66,2340.08,103.7,7.96,36.77,94.03,69.8,44.26,45.16,329013.86,Eco Bricks,GreenBuild Industries,2025-12-22
RW-10920,Harper Ltd,Mumbai,Textile Dye Waste,Organic,1923.6,Lead,5.57,153.01,346.14,3818.45,256.02,2045.82,174.08,52.44,20.11,72.48,61.41,89.99,39.81,195161.01,Eco Bricks,SustainFab Industries,2025-07-08
RW-10921,Gonzalez Inc,Jaipur,Fabric Scraps,Organic,2085.66,Chromium,6.85,635.93,352.96,1070.94,240.81,901.74,106.69,33.22,41.42,61.46,56.38,31.53,15.24,301325.97,Industrial Pigments,CircularTex Pvt Ltd,2025-03-15
RW-10922,"May, Sullivan and Gibson",Tiruppur,Fabric Scraps,Organic,1422.6,Sulfide,4.52,834.33,364.55,2463.24,194.09,2806.19,139.71,54.68,45.72,55.15,39.64,83.33,57.64,287328.72,Recycled Fiber Sheets,GreenBuild Industries,2024-08-28
RW-10923,Woodward Inc,Jaipur,Chemical Effluent,Textile,4077.14,Organic Contaminants,5.46,115.32,331.69,723.18,220.08,2055.91,73.65,22.17,50.19,75.06,64.62,52.65,32.94,265617.62,Insulation Boards,GreenBuild Industries,2025-10-01
RW-10924,Elliott and Sons,Surat,Dye Residue,Chemical,3215.55,High TDS,5.94,352.7,96.5,2732.15,103.62,2957.46,141.45,41.85,36.61,48.74,48.83,38.6,52.49,430578.83,Industrial Pigments,UrbanEco Materials,2024-05-16
RW-10925,"Reese, Miller and Diaz",Mumbai,Textile Dye Waste,Mixed,1702.26,High TDS,4.64,438.62,396.21,3407.55,252.54,902.49,183.31,9.99,50.48,38.95,42.39,45.05,38.1,56034.96,Recycled Fiber Sheets,EcoPack Solutions,2025-03-07
RW-10926,"Petersen, Peters and Ortiz",Tiruppur,Synthetic Fiber Residue,Chemical,3357.49,Low Contamination,7.66,337.68,346.25,3662.69,209.78,3613.03,91.16,14.39,26.69,57.11,53.85,85.13,5.53,300903.22,Eco Bricks,UrbanEco Materials,2026-05-04
RW-10927,Ryan LLC,Tiruppur,Cotton Wastewater,Mixed,1988.88,Lead,6.18,694.39,337.4,370.9,148.18,236.38,5.19,33.32,43.25,35.88,34.39,56.01,11.32,288480.9,Recycled Fiber Sheets,EcoPack Solutions,2025-03-03
RW-10928,Anderson PLC,Jaipur,Sludge,Chemical,1131.61,Heavy Metals,5.21,861.9,343.99,1231.28,182.67,1449.94,132.78,29.01,24.55,37.17,27.81,56.7,21.74,419011.5,Industrial Pigments,CircularTex Pvt Ltd,2026-05-01
RW-10929,"Macias, Wiggins and Jones",Tiruppur,Sludge,Chemical,2251.11,Chromium,6.57,502.17,328.29,357.93,215.76,305.09,172.54,3.93,48.14,29.12,31.27,34.09,50.65,470789.93,Recycled Fiber Sheets,UrbanEco Materials,2024-12-12
RW-10930,Brown-Guzman,Kanpur,Cotton Wastewater,Textile,1321.35,Color Pigments,7.55,580.86,166.82,2129.52,95.67,931.09,109.4,59.13,26.92,67.18,61.72,36.74,57.75,274074.9,Insulation Boards,RenewLoop Manufacturing,2025-04-25
RW-10931,"Nelson, Hall and Burton",Tiruppur,Polyester Fiber Scrap,Chemical,505.36,Lead,8.07,523.63,222.2,4359.86,187.4,3238.32,92.89,53.32,27.69,60.61,60.75,63.86,35.24,297515.98,Insulation Boards,CircularTex Pvt Ltd,2025-09-22
RW-10932,Decker-Roberts,Mumbai,Industrial Wastewater,Organic,473.64,Oil Residue,5.08,355.24,284.01,1925.85,62.51,2004.28,59.51,5.83,32.19,72.94,79.8,55.16,9.01,83537.11,Acoustic Panels,UrbanEco Materials,2025-09-13
RW-10933,Velez Ltd,Kanpur,Chemical Effluent,Organic,2101.02,Heavy Metals,4.78,343.92,350.34,4955.15,89.01,3211.12,72.33,16.18,29.98,84.92,65.73,72.54,54.74,92457.42,Insulation Boards,RenewLoop Manufacturing,2024-07-28
RW-10934,"Watson, Ross and Burns",Tiruppur,Dye Residue,Textile,4713.08,Color Pigments,8.12,123.79,162.98,3520.98,66.97,997.5,6.18,7.24,41.88,68.39,55.29,56.78,56.43,273306.29,Acoustic Panels,UrbanEco Materials,2025-08-05
RW-10935,Paul and Sons,Tiruppur,Sludge,Mixed,1790.78,Chromium,6.75,739.69,54.27,2233.47,68.01,3821.96,154.56,59.1,39.77,85.96,91.53,25.33,43.84,217979.47,Industrial Pigments,RenewLoop Manufacturing,2026-03-26
RW-10936,Dean-Davis,Jaipur,Sludge,Polymer,1980.43,Oil Residue,4.81,683.24,157.03,1885.05,217.2,2360.92,23.88,40.37,31.61,39.56,30.61,54.36,10.49,321127.62,Acoustic Panels,GreenBuild Industries,2025-01-15
RW-10937,Tate Group,Kanpur,Synthetic Fiber Residue,Mixed,2991.11,Microplastics,6.15,718.9,352.2,1980.64,55.95,2618.07,77.08,39.86,34.61,95.69,97.56,67.97,14.84,307810.74,Recycled Fiber Sheets,SustainFab Industries,2024-06-06
RW-10938,Long-Singh,Ludhiana,Synthetic Fiber Residue,Polymer,2256.62,Microplastics,6.17,605.91,223.74,4867.44,109.25,1237.22,85.76,27.33,49.97,56.6,51.23,24.46,11.27,369078.2,Eco Packaging,SustainFab Industries,2024-09-30
RW-10939,"Abbott, Lee and Obrien",Mumbai,Textile Dye Waste,Polymer,497.68,Lead,7.47,503.02,221.47,3336.82,174.42,1139.86,62.88,1.81,37.33,63.35,58.74,66.47,26.92,491243.75,Industrial Pigments,RenewLoop Manufacturing,2025-08-22
RW-10940,Torres LLC,Tiruppur,Fabric Scraps,Textile,100.48,Low Contamination,8.6,232.51,359.94,2741.67,8.31,773.34,151.68,5.36,44.44,56.06,55.49,92.82,26.58,173687.46,Insulation Boards,GreenBuild Industries,2024-05-25
RW-10941,Wells and Sons,Ahmedabad,Fabric Scraps,Textile,2793.68,Low Contamination,4.7,469.97,253.95,1281.53,160.69,1090.4,149.45,6.96,34.93,33.52,24.5,63.23,6.97,475160.68,Insulation Boards,GreenBuild Industries,2025-03-04
RW-10942,Beck Inc,Surat,Polyester Fiber Scrap,Polymer,4313.74,Microplastics,8.34,852.01,305.57,744.35,148.69,359.12,110.72,4.7,40.33,51.61,45.92,50.94,6.39,84354.14,Industrial Pigments,SustainFab Industries,2025-05-12
RW-10943,Ross-Patterson,Coimbatore,Industrial Wastewater,Mixed,1391.37,Sulfide,4.79,101.69,135.36,3915.16,241.31,1025.26,146.74,35.32,23.63,64.24,53.65,26.07,49.97,400803.75,Acoustic Panels,CircularTex Pvt Ltd,2025-05-16
RW-10944,Murphy-Perez,Jaipur,Fabric Scraps,Mixed,4251.05,Microplastics,5.75,673.1,390.93,778.02,75.87,1109.84,19.12,51.53,45.73,59.8,63.45,80.54,57.14,112786.99,Insulation Boards,GreenBuild Industries,2024-08-05
RW-10945,"Rasmussen, Finley and Little",Ahmedabad,Synthetic Fiber Residue,Polymer,3314.72,Heavy Metals,8.3,499.2,197.61,4785.35,75.84,1214.47,42.08,35.09,39.13,52.9,51.87,85.23,10.18,112557.37,Industrial Pigments,SustainFab Industries,2025-01-31
RW-10946,"Kirby, Myers and Johnson",Mumbai,Polyester Fiber Scrap,Textile,359.46,Low Contamination,5.74,738.88,197.66,2338.81,46.83,1218.34,126.36,9.24,23.58,27.21,25.57,73.84,14.9,67911.53,Insulation Boards,EcoPack Solutions,2024-07-10
RW-10947,"Jackson, Morgan and Martin",Jaipur,Fabric Scraps,Chemical,997.63,Chromium,6.88,476.13,172.62,304.83,299.13,695.24,151.94,37.71,28.25,45.92,34.21,93.59,46.41,147248.1,Insulation Boards,SustainFab Industries,2025-04-07
RW-10948,Moore-Franklin,Surat,Sludge,Polymer,2161.56,Chromium,7.47,597.19,141.14,431.59,83.09,2025.55,149.59,36.34,53.73,59.23,64.89,68.96,36.57,448569.39,Eco Packaging,CircularTex Pvt Ltd,2025-03-14
RW-10949,Sanchez Ltd,Tiruppur,Sludge,Textile,4628.92,Organic Contaminants,7.79,373.44,236.79,3429.09,209.4,2031.18,78.64,4.54,51.11,24.19,22.58,76.14,16.02,373693.56,Acoustic Panels,RenewLoop Manufacturing,2024-09-26
RW-10950,"Collins, Ramsey and Thomas",Ludhiana,Fabric Scraps,Polymer,4887.13,Low Contamination,5.57,114.43,91.12,756.75,285.92,2350.33,29.6,36.84,21.13,37.26,36.11,25.53,39.16,120230.86,Eco Bricks,UrbanEco Materials,2026-03-27
RW-10951,Stevenson-Salas,Tiruppur,Fabric Scraps,Chemical,4699.25,Lead,7.66,349.35,373.33,2319.22,78.53,1233.86,140.83,53.35,50.77,41.39,32.16,72.17,12.5,498900.76,Recycled Fiber Sheets,EcoPack Solutions,2024-07-20
RW-10952,Phillips-Gray,Kanpur,Industrial Wastewater,Mixed,3456.13,Organic Contaminants,8.52,405.63,167.33,2787.44,67.99,3525.4,135.21,58.33,35.53,23.49,19.56,40.77,41.95,96487.01,Insulation Boards,CircularTex Pvt Ltd,2025-03-18
RW-10953,"Brown, Fields and Norris",Mumbai,Textile Dye Waste,Organic,3959.71,High TDS,7.7,865.96,83.55,203.9,121.44,1231.03,23.79,51.62,28.34,64.43,68.75,61.03,8.97,404910.34,Insulation Boards,SustainFab Industries,2025-06-17
RW-10954,Mclaughlin-Anderson,Ahmedabad,Industrial Wastewater,Organic,4331.41,Microplastics,6.45,660.45,89.3,758.77,175.55,3532.18,126.03,20.42,27.95,50.58,43.6,34.88,45.54,88132.17,Industrial Pigments,EcoPack Solutions,2024-08-11
RW-10955,Osborn PLC,Tiruppur,Synthetic Fiber Residue,Organic,2078.79,Color Pigments,6.77,159.03,348.08,388.63,49.45,3330.41,80.96,42.24,52.45,59.96,43.66,32.95,34.92,90940.89,Recycled Fiber Sheets,CircularTex Pvt Ltd,2024-11-19
RW-10956,Strickland-Porter,Coimbatore,Mixed Textile Waste,Textile,3384.39,Color Pigments,8.59,664.41,310.49,575.28,19.49,1893.37,86.36,9.18,27.16,56.72,52.93,72.7,16.56,50828.24,Eco Packaging,GreenBuild Industries,2024-09-05
RW-10957,Davis-Baker,Jaipur,Industrial Wastewater,Polymer,2853.77,Heavy Metals,4.77,512.95,136.58,1530.99,184.62,3702.84,13.28,16.44,44.42,81.6,57.76,83.71,29.98,346641.11,Industrial Pigments,SustainFab Industries,2024-05-15
RW-10958,Romero Ltd,Jaipur,Textile Dye Waste,Polymer,400.42,Oil Residue,5.03,147.13,38.78,1457.97,66.94,3092.69,86.82,58.67,44.36,57.21,51.52,25.01,48.21,364142.24,Recycled Fiber Sheets,CircularTex Pvt Ltd,2025-09-22
RW-10959,Jones Inc,Surat,Mixed Textile Waste,Organic,4297.62,Lead,8.36,105.76,184.39,2649.95,42.97,1567.34,140.91,6.55,26.59,30.95,24.71,29.87,5.28,178156.09,Acoustic Panels,GreenBuild Industries,2026-04-05
RW-10960,Everett Inc,Tiruppur,Sludge,Mixed,4180.91,High TDS,6.4,890.09,141.22,3339.99,187.77,2824.24,163.15,31.62,37.47,21.07,19.05,36.14,25.96,258694.21,Recycled Fiber Sheets,RenewLoop Manufacturing,2024-11-22
RW-10961,"Rogers, Brown and Martin",Ahmedabad,Sludge,Chemical,1511.96,Sulfide,4.99,400.16,42.59,3402.07,160.06,3770.28,6.22,9.21,30.78,76.64,77.9,43.87,6.66,20368.35,Insulation Boards,GreenBuild Industries,2026-01-31
RW-10962,Yoder-Mcconnell,Jaipur,Industrial Wastewater,Organic,4481.8,Color Pigments,6.58,590.27,293.65,506.21,257.86,3197.84,15.11,34.09,32.05,43.42,41.31,63.23,8.41,33133.04,Industrial Pigments,UrbanEco Materials,2024-09-14
RW-10963,Shepherd LLC,Jaipur,Fabric Scraps,Organic,4977.14,Microplastics,8.9,166.22,167.63,1022.3,6.07,2065.54,84.03,38.48,33.88,97.64,94.65,67.03,24.28,218440.51,Eco Bricks,SustainFab Industries,2024-07-10
RW-10964,"Blackburn, Woods and Carlson",Ahmedabad,Sludge,Organic,628.75,Low Contamination,5.34,218.39,382.69,1185.89,64.24,3322.31,149.02,36.96,22.37,78.63,66.59,28.74,49.24,401393.96,Eco Bricks,CircularTex Pvt Ltd,2025-09-28
RW-10965,Johnson Inc,Ludhiana,Fabric Scraps,Polymer,4795.55,High TDS,5.19,726.4,346.54,1666.42,9.07,1382.49,62.96,56.84,45.6,72.7,71.82,46.26,15.93,55920.13,Eco Bricks,GreenBuild Industries,2026-04-09
RW-10966,Blevins PLC,Mumbai,Synthetic Fiber Residue,Mixed,129.29,Sulfide,8.66,623.83,230.1,2831.61,120.9,648.04,76.5,38.44,49.68,70.51,54.43,54.86,54.17,249773.28,Acoustic Panels,GreenBuild Industries,2025-11-30
RW-10967,"Miller, Smith and Ward",Mumbai,Synthetic Fiber Residue,Chemical,2845.28,Heavy Metals,4.91,214.63,33.5,3008.5,230.23,790.49,110.75,15.71,53.31,38.08,38.17,92.15,54.98,477888.25,Recycled Fiber Sheets,RenewLoop Manufacturing,2024-11-28
RW-10968,Pierce-Mitchell,Kanpur,Industrial Wastewater,Textile,2958.59,Microplastics,5.06,257.59,12.95,2829.99,198.86,2978.33,70.69,8.71,26.25,72.01,76.87,46.93,34.62,90046.54,Insulation Boards,UrbanEco Materials,2025-05-31
RW-10969,"Mccoy, Serrano and Anderson",Tiruppur,Mixed Textile Waste,Mixed,4335.44,Lead,6.62,723.74,161.86,1585.25,53.33,1605.9,160.89,7.09,37.17,87.63,72.72,64.67,57.86,49469.01,Industrial Pigments,RenewLoop Manufacturing,2024-12-13
RW-10970,Oliver-Brown,Jaipur,Cotton Wastewater,Chemical,1880.74,Heavy Metals,8.23,771.36,55.35,3886.26,136.11,3757.91,171.17,13.15,27.23,83.4,85.42,81.88,45.49,311034.89,Industrial Pigments,RenewLoop Manufacturing,2025-12-05
RW-10971,Davis and Sons,Surat,Textile Dye Waste,Polymer,317.01,Color Pigments,4.87,603.02,78.5,1757.53,61.53,2209.62,101.91,24.69,50.42,45.41,40.78,48.16,53.67,328083.5,Eco Packaging,RenewLoop Manufacturing,2025-03-29
RW-10972,"Scott, Perez and Lopez",Coimbatore,Dye Residue,Organic,3920.29,Sulfide,5.34,778.36,315.18,442.91,118.1,2088.44,79.06,28.6,41.8,35.17,29.98,21.7,34.75,149577.85,Insulation Boards,CircularTex Pvt Ltd,2025-11-03
RW-10973,Robinson Ltd,Tiruppur,Polyester Fiber Scrap,Organic,1077.87,Microplastics,7.19,516.46,321.02,584.94,299.75,1597.72,95.35,47.13,24.26,66.57,60.61,26.01,43.61,147564.19,Eco Packaging,CircularTex Pvt Ltd,2024-12-03
RW-10974,"Baker, Chapman and Franklin",Ludhiana,Polyester Fiber Scrap,Chemical,4209.71,Oil Residue,6.58,65.09,234.27,4206.31,55.37,1637.73,119.03,46.19,51.3,20.16,17.25,58.47,19.58,244503.28,Industrial Pigments,GreenBuild Industries,2025-06-20
RW-10975,"Garcia, Romero and Williams",Jaipur,Dye Residue,Polymer,134.12,Oil Residue,6.59,433.56,304.87,4363.79,124.08,1219.24,44.61,27.48,53.81,80.12,77.39,33.17,13.62,387353.98,Recycled Fiber Sheets,SustainFab Industries,2026-02-03
RW-10976,Hansen LLC,Tiruppur,Sludge,Polymer,3566.01,Color Pigments,4.51,813.8,90.71,3945.6,245.77,2085.87,193.79,13.21,32.99,79.57,80.27,90.0,44.6,146235.28,Insulation Boards,UrbanEco Materials,2026-03-03
RW-10977,Obrien and Sons,Ahmedabad,Polyester Fiber Scrap,Chemical,2349.83,Microplastics,7.99,104.19,102.62,3569.8,25.95,2894.05,186.73,11.36,41.23,33.82,27.76,90.7,54.76,330284.89,Eco Packaging,UrbanEco Materials,2025-10-22
RW-10978,"Bell, Moore and Avila",Jaipur,Industrial Wastewater,Chemical,920.0,Organic Contaminants,4.89,878.83,57.14,829.17,130.25,3124.69,24.01,50.38,22.98,38.26,33.09,23.49,12.42,287889.3,Insulation Boards,EcoPack Solutions,2025-05-11
RW-10979,Larson Ltd,Mumbai,Chemical Effluent,Textile,953.75,Lead,4.97,647.88,249.47,1268.11,229.53,291.48,34.71,29.51,22.71,27.39,23.06,90.89,8.49,110664.85,Recycled Fiber Sheets,SustainFab Industries,2025-07-06
RW-10980,Johnson-Clements,Ludhiana,Mixed Textile Waste,Chemical,2282.94,Low Contamination,6.57,835.79,106.15,4579.16,68.8,1470.33,9.32,26.22,24.96,36.81,36.04,32.41,53.37,431629.77,Insulation Boards,SustainFab Industries,2026-03-15
RW-10981,"Allen, Avery and Cook",Coimbatore,Industrial Wastewater,Organic,2036.29,Oil Residue,5.19,867.9,214.9,2253.13,191.92,585.22,87.93,17.27,25.31,97.32,88.61,79.67,13.86,316392.1,Recycled Fiber Sheets,RenewLoop Manufacturing,2025-08-06
RW-10982,Glenn Group,Surat,Dye Residue,Textile,4430.3,Chromium,7.26,266.4,189.25,4413.32,262.19,2701.15,150.89,41.94,48.94,34.25,36.05,72.94,25.15,498127.39,Acoustic Panels,GreenBuild Industries,2024-06-11
RW-10983,"Jones, Simmons and Anderson",Coimbatore,Industrial Wastewater,Mixed,1198.78,Heavy Metals,4.77,313.51,106.45,1313.22,43.75,2804.4,18.99,34.48,40.7,26.37,28.73,24.67,33.48,38171.0,Recycled Fiber Sheets,CircularTex Pvt Ltd,2025-10-14
RW-10984,"Barry, Jones and Miller",Jaipur,Cotton Wastewater,Chemical,1656.91,Heavy Metals,7.87,601.91,366.12,2821.62,50.75,1479.94,79.95,34.41,21.0,25.62,22.92,92.75,47.01,403141.16,Recycled Fiber Sheets,GreenBuild Industries,2025-09-18
RW-10985,"Ochoa, Arnold and Brown",Kanpur,Chemical Effluent,Chemical,1289.82,Heavy Metals,6.82,236.03,116.36,522.92,235.17,123.46,49.55,10.68,20.42,80.23,70.35,37.09,8.8,33430.38,Insulation Boards,CircularTex Pvt Ltd,2025-08-15
RW-10986,Evans-Silva,Jaipur,Industrial Wastewater,Textile,4382.28,Color Pigments,6.33,323.25,252.4,4614.44,98.97,1203.21,156.75,58.86,21.52,80.99,62.44,40.93,54.74,455463.02,Eco Bricks,GreenBuild Industries,2025-06-03
RW-10987,Clark-Pierce,Coimbatore,Cotton Wastewater,Mixed,351.99,High TDS,6.15,366.3,209.27,1354.61,13.52,3174.45,172.89,54.82,51.22,86.49,86.6,34.55,32.87,475789.63,Industrial Pigments,CircularTex Pvt Ltd,2025-07-27
RW-10988,Lopez LLC,Surat,Chemical Effluent,Textile,2986.9,Chromium,4.97,561.35,238.22,4704.67,183.5,2715.49,194.0,56.08,41.73,38.3,40.27,47.53,58.37,282565.02,Industrial Pigments,GreenBuild Industries,2024-09-02
RW-10989,Gonzales-Chapman,Tiruppur,Synthetic Fiber Residue,Textile,1574.12,Microplastics,7.16,414.68,71.04,535.82,67.59,1686.44,122.91,7.15,44.19,68.15,48.41,42.12,41.33,260408.6,Eco Bricks,SustainFab Industries,2026-02-10
RW-10990,Rogers PLC,Ludhiana,Mixed Textile Waste,Polymer,1561.09,Lead,7.75,342.77,176.24,1522.28,28.36,1314.09,175.72,2.62,41.66,73.0,79.64,88.61,56.81,265463.33,Acoustic Panels,GreenBuild Industries,2026-02-22
RW-10991,Johnson-Lane,Ahmedabad,Polyester Fiber Scrap,Organic,2797.45,High TDS,5.6,90.06,94.6,3918.86,147.84,2616.44,43.52,46.29,54.92,60.43,43.4,37.71,25.4,379837.98,Industrial Pigments,UrbanEco Materials,2025-03-16
RW-10992,Dixon Ltd,Ahmedabad,Synthetic Fiber Residue,Mixed,537.91,Heavy Metals,5.66,128.37,277.59,402.45,5.12,1436.55,181.37,33.64,26.22,70.6,76.09,40.13,24.73,326214.95,Eco Packaging,GreenBuild Industries,2024-07-13
RW-10993,Castro-Leach,Surat,Chemical Effluent,Polymer,2331.08,Microplastics,5.73,697.26,383.1,294.4,298.91,2591.16,96.2,26.19,27.97,89.87,75.32,87.61,38.29,61874.45,Recycled Fiber Sheets,RenewLoop Manufacturing,2026-03-10
RW-10994,Harris Ltd,Tiruppur,Mixed Textile Waste,Chemical,3497.6,Low Contamination,6.49,767.34,148.6,2967.66,216.45,1893.0,14.92,9.22,48.57,84.14,60.63,79.07,46.72,265093.43,Recycled Fiber Sheets,EcoPack Solutions,2025-02-19
RW-10995,Morales-Wong,Coimbatore,Polyester Fiber Scrap,Polymer,195.62,Organic Contaminants,7.39,282.82,52.38,4291.47,13.77,2871.03,54.57,10.3,50.13,89.75,88.0,45.75,17.91,210847.57,Recycled Fiber Sheets,GreenBuild Industries,2024-12-08
RW-10996,Foster LLC,Coimbatore,Sludge,Chemical,4401.73,Chromium,6.67,224.73,197.6,4732.91,279.57,3156.73,195.33,25.19,20.13,22.17,17.2,77.09,44.5,141632.63,Acoustic Panels,GreenBuild Industries,2024-06-27
RW-10997,"Brown, Morton and Howard",Jaipur,Mixed Textile Waste,Organic,3602.77,Chromium,5.62,304.34,178.26,1779.19,286.02,3443.73,182.53,57.17,43.82,90.29,88.18,75.0,40.69,239985.98,Insulation Boards,EcoPack Solutions,2026-03-07
RW-10998,Palmer-Roberts,Coimbatore,Mixed Textile Waste,Chemical,2698.42,Oil Residue,7.92,218.36,229.17,1327.36,29.1,1535.36,7.38,11.63,53.15,63.46,51.89,82.24,45.02,446664.14,Recycled Fiber Sheets,CircularTex Pvt Ltd,2026-04-23
RW-10999,Walker-Pace,Jaipur,Chemical Effluent,Organic,4888.64,Lead,4.83,70.37,197.06,424.5,138.78,151.29,185.61,10.32,36.25,34.98,30.71,51.08,35.18,185889.28,Recycled Fiber Sheets,CircularTex Pvt Ltd,2026-03-16
